kod_sekolah,name,address,postcode,city,ppd,school_type,latitude,longitude,location
BBA7242,SEKOLAH KEBANGSAAN TASIK PUTERI 2,BANDAR TASIK PUTERI,48000,RAWANG,PPD GOMBAK,SK,3.281727,101.473917,
BBA4003,SEKOLAH MENENGAH SEKSYEN 27,"AMPANG,SELANGOR",68000,AMPANG,PPD HULU LANGAT,SK,3.132981,101.767877,
BBA4014,SEKOLAH KEBANGSAAN TAMAN NIRWANA,JALAN NIRWANA 13 TAMAN NIRWANA,68000,AMPANG,PPD HULU LANGAT,SK,3.143081,101.751851,
BBA4019,SEKOLAH KEBANGSAAN KG CHERAS BAHARU,"JALAN 34B,KG.CHERAS BARU",56100,CHERAS,PPD HULU LANGAT,SK,3.111171,101.74976,
BBA4020,SEKOLAH KEBANGSAAN LEMBAH JAYA,"JALAN 9A, KAMPUNG LEMBAH JAYA SELATAN",68000,AMPANG,PPD HULU LANGAT,SK,3.137911,101.78549,
BBA4024,SEKOLAH KEBANGSAAN AMPANG,"JALAN MERBAU, KG MELAYU AMPANG",68000,AMPANG,PPD HULU LANGAT,SK,3.152714,101.760213,
BBA4026,SEKOLAH KEBANGSAAN TAMAN TASIK,TAMAN TASIK TAMBAHAN,68000,AMPANG,PPD HULU LANGAT,SK,3.126978,101.773091,
BBA4028,SEKOLAH KEBANGSAAN TAMAN MUDA,TAMAN MUDA AMPANG,56100,KUALA LUMPUR,PPD HULU LANGAT,SK,3.120505,101.7561,
BBA4030,SEKOLAH KEBANGSAAN TAMAN KOSAS,"JALAN KOSAS 3/9, TAMAN KOSAS",68000,AMPANG,PPD HULU LANGAT,SK,3.148163,101.773833,
BBA4033,SEKOLAH KEBANGSAAN PANDAN INDAH,"JALAN PANDAN ILMU, PANDAN INDAH",55100,KUALA LUMPUR,PPD HULU LANGAT,SK,3.125551,101.751969,
BBA4035,SEKOLAH KEBANGSAAN PANDAN JAYA,CHERAS,55100,KUALA LUMPUR,PPD HULU LANGAT,SK,3.137911,101.738342,
BBA4040,SEKOLAH KEBANGSAAN CHERAS INDAH,"JALAN MELATI 4, TAMAN MAJU JAYA, AMPANG",56100,KUALA LUMPUR,PPD HULU LANGAT,SK,3.125906,101.746178,
BBA4042,SEKOLAH KEBANGSAAN TASEK PERMAI,JALAN PERMAI 24A KG TASEK PERMAI,68000,AMPANG,PPD HULU LANGAT,SK,3.124699,101.779201,
BBA4048,SEKOLAH KEBANGSAAN PANDAN PERDANA,JALAN PERDANA 3/1 PANDAN PERDANA,55300,KUALA LUMPUR,PPD HULU LANGAT,SK,3.114973,101.743601,
BBA4056,SEKOLAH KEBANGSAAN TAMAN BUKIT TERATAI,"JALAN TERATAI 1/2H , TAMAN BUKIT TERATAI",56100,AMPANG,PPD HULU LANGAT,SK,3.10913,101.764693,
BBC4046,SEKOLAH JENIS KEBANGSAAN (CINA) KG BARU AMPANG,KG. BARU  AMPANG,68000,AMPANG,PPD HULU LANGAT,SJK(C),3.141024,101.763816,
BBC4047,SEKOLAH JENIS KEBANGSAAN (CINA) ON PONG,"LOT 6, JALAN BESAR",68000,AMPANG,PPD HULU LANGAT,SJK(C),3.146465,101.761489,
BBC4049,SEKOLAH JENIS KEBANGSAAN (CINA) ON PONG 2,SEBELAH SRI PANDAN CONDOMINIUM,68000,AMPANG,PPD HULU LANGAT,SJK(C),3.126806,101.762438,
BBD4064,SEKOLAH JENIS KEBANGSAAN (TAMIL) AMPANG,JALAN AMPANG,68000,AMPANG,PPD HULU LANGAT,SJK(T),3.147973,101.76322,
BEA4601,SEKOLAH MENENGAH KEBANGSAAN TAMAN TASIK,JALAN TASIK TAMBAHAN 2,68000,AMPANG,PPD HULU LANGAT,SMK,3.126596,101.774403,
BEA4609,SEKOLAH MENENGAH KEBANGSAAN TAMAN KOSAS,"JALAN KOSAS 2/2, TAMAN KOSAS",68000,AMPANG,PPD HULU LANGAT,SMK,3.148178,101.772171,
BEA4610,SEKOLAH MENENGAH KEBANGSAAN TAMAN SERAYA,JALAN BUNGA MELATI 8,56100,AMPANG,PPD HULU LANGAT,SMK,3.113614,101.761104,
BEA4612,SEKOLAH MENENGAH KEBANGSAAN TASEK PERMAI,JALAN PERMAI K,68000,AMPANG,PPD HULU LANGAT,SMK,3.124025,101.78063,
BEA4615,SEKOLAH MENENGAH KEBANGSAAN PANDAN JAYA,"JALAN PANDAN 5, PANDAN JAYA",55100,AMPANG,PPD HULU LANGAT,SMK,3.13656,101.737886,
BEA4616,SEKOLAH MENENGAH KEBANGSAAN PANDAN INDAH,JALAN PANDAN ILMU,55100,AMPANG,PPD HULU LANGAT,SMK,3.12282,101.752183,
BEA4618,SEKOLAH MENENGAH KEBANGSAAN DATO' AHMAD RAZALI,"JALAN 13A, AMPANG JAYA",68000,AMPANG,PPD HULU LANGAT,SMK,3.15704,101.759312,
BEA4622,SEKOLAH MENENGAH KEBANGSAAN BANDAR BARU AMPANG,BANDAR BARU AMPANG,68000,AMPANG,PPD HULU LANGAT,SMK,3.13692,101.768273,
BEA4631,SEKOLAH MENENGAH KEBANGSAAN PANDAN MEWAH,"JALAN PANDAN MEWAH 1, PANDAN MEWAH",55100,KUALA LUMPUR,PPD HULU LANGAT,SMK,3.125035,101.761897,
BBA4002,SEKOLAH KEBANGSAAN JALAN ENAM,JALAN ENAM,43650,BANDAR BARU BANGI,PPD HULU LANGAT,SK,2.935954,101.766677,
BBA4012,SEKOLAH KEBANGSAAN LEFTENAN ADNAN,SUNGAI RAMAL LUAR,43000,KAJANG,PPD HULU LANGAT,SK,2.986314,101.768069,
BBA4013,SEKOLAH KEBANGSAAN SUNGAI RAMAL DALAM,SUNGAI RAMAL DALAM,43000,KAJANG,PPD HULU LANGAT,SK,2.969483,101.757233,
BBA4018,SEKOLAH KEBANGSAAN BANGI,JALAN AMAN 10,43000,KAJANG,PPD HULU LANGAT,SK,2.904813,101.784463,
BBA4025,SEKOLAH KEBANGSAAN BANDAR BARU BANGI,"JALAN 2/1, SEKSYEN 2",43650,BANDAR BARU BANGI,PPD HULU LANGAT,SK,2.946143,101.770983,
BBA4032,SEKOLAH KEBANGSAAN JALAN 3,"JALAN 3/4, SEKSYEN 3",43650,BANDAR BARU BANGI,PPD HULU LANGAT,SK,2.946089,101.779441,
BBA4037,SEKOLAH KEBANGSAAN KAJANG UTAMA,"JALAN AMAN 1,  TAMAN KAJANG UTAMA",43000,KAJANG,PPD HULU LANGAT,SK,2.973839,101.794229,
BBA4045,SEKOLAH KEBANGSAAN JALAN EMPAT,"JALAN 4/8, BANDAR BARU BANGI",43650,BANDAR BARU BANGI,PPD HULU LANGAT,SK,2.951248,101.779538,
BBA4047,SEKOLAH KEBANGSAAN SEKSYEN 7,"JALAN 7/3, SEKSYEN 7",43650,BANDAR BARU BANGI,PPD HULU LANGAT,SK,2.970422,101.775508,
BBA4058,SEKOLAH KEBANGSAAN BANDAR SERI PUTRA,JALAN SERI PUTRA 3,43000,KAJANG,PPD HULU LANGAT,SK,2.889831,101.775401,
BBA4060,SEKOLAH KEBANGSAAN BANDAR BUKIT MAHKOTA,"JALAN BM 5/12, SEKSYEN 5, BANDAR BUKIT MAHKOTA, BANGI",43000,KAJANG,PPD HULU LANGAT,SK,2.880246,101.81244,
BBC4041,SEKOLAH JENIS KEBANGSAAN (CINA) SUNGAI CHUA,"JALAN SEKOLAH, KG BARU SG CHUA",43000,KAJANG,PPD HULU LANGAT,SJK(C),2.988573,101.770544,
BBC4044,SEKOLAH JENIS KEBANGSAAN (CINA) YOKE MIN,"JALAN STESYEN, BANGI",43000,KAJANG,PPD HULU LANGAT,SJK(C),2.903024,101.783171,
BBD4051,SEKOLAH JENIS KEBANGSAAN (TAMIL) BANGI,BANGI,43000,KAJANG,PPD HULU LANGAT,SJK(T),2.8927697,101.7943183,
BBD4063,SEKOLAH JENIS KEBANGSAAN (TAMIL) LDG WEST COUNTRY 'TIMUR',JALAN 5 SEKSYEN 5 BDR BARU BANGI,43000,KAJANG,PPD HULU LANGAT,SJK(T),2.964208761,101.7883427,
BEA4603,SEKOLAH MENENGAH KEBANGSAAN BANDAR BARU BANGI,"JALAN 1/7E, BANDAR BARU BANGI",43650,BANDAR BARU BANGI,PPD HULU LANGAT,SMK,2.946607,101.769725,
BEA4613,SEKOLAH MENENGAH KEBANGSAAN JALAN REKO,JALAN REKO,43000,KAJANG,PPD HULU LANGAT,SMK,2.964731,101.789483,
BEA4614,SEKOLAH MENENGAH KEBANGSAAN JALAN TIGA,JALAN 3/4,43650,BANDAR BARU BANGI,PPD HULU LANGAT,SMK,2.944221,101.779884,
BEA4624,SEKOLAH MENENGAH KEBANGSAAN JALAN EMPAT,JALAN 4/10 SEKSYEN 4,43650,BANDAR BARU BANGI,PPD HULU LANGAT,SMK,2.960908,101.781969,
BEA4625,SEKOLAH MENENGAH KEBANGSAAN KAJANG UTAMA,"JALAN AMAN 1, TAMAN KAJANG UTAMA",43000,KAJANG,PPD HULU LANGAT,SMK,2.973235,101.795234,
BEA4633,SEKOLAH MENENGAH KEBANGSAAN BANDAR SERI PUTRA,"PERSIARAN SERI PUTRA 1, BANDAR SERI PUTRA",43000,KAJANG,PPD HULU LANGAT,SMK,2.887744,101.783331,
BEA4635,SEKOLAH MENENGAH KEBANGSAAN SUNGAI RAMAL,SUNGAI RAMAL,43000,KAJANG,PPD HULU LANGAT,SMK,2.983689,101.760998,
BRA4001,SEKOLAH MENENGAH KEBANGSAAN AGAMA MAAHAD HAMIDIAH,JALAN SUNGAI RAMAL LUAR,43000,KAJANG,PPD HULU LANGAT,SMK Agama,2.983614,101.752771,
BBA1004,SEKOLAH KEBANGSAAN SUNGAI MANGGIS,KAMPONG SUNGAI MANGGIS,42700,BANTING,PPD KUALA LANGAT,SK,2.824151,101.538438,
BBA1005,SEKOLAH KEBANGSAAN OLAK LEMPIT,KAMPUNG OLAK LEMPIT,42700,BANTING,PPD KUALA LANGAT,SK,2.835472,101.587744,
BBA1006,SEKOLAH KEBANGSAAN LABOHAN DAGANG,KG. LABOHAN DAGANG,42700,BANTING,PPD KUALA LANGAT,SK,2.805832,101.613638,
BBA1007,SEKOLAH KEBANGSAAN BKT CHANGGANG,"KG. BUKIT CHANGGANG,BANTING, KUALA LANGAT",42700,BANTING,PPD KUALA LANGAT,SK,2.832285,101.627348,
BBA1008,SEKOLAH KEBANGSAAN JENJAROM,JALAN SEKOLAH,42600,JENJAROM,PPD KUALA LANGAT,SK,2.885869,101.517641,
BBA1014,SEKOLAH KEBANGSAAN BUKIT TADOM,KAMPUNG ORANG ASLI BUKIT TADOM,42700,BANTING,PPD KUALA LANGAT,SK (Asli),2.804546,101.623711,
BBA1036,SEKOLAH KEBANGSAAN RTB BUKIT CHANGGANG,"RANCANGAN TANAH BELIA, BUKIT CHANGGANG",42700,BANTING,PPD KUALA LANGAT,SK,2.805429,101.657137,
BBA1037,SEKOLAH KEBANGSAAN JUGRA,LOT 1 SG RABA MUKIM JUGRA KUALA LANGAT,42700,BANTING,PPD KUALA LANGAT,SK,2.820369,101.456177,
BBA9207,SEKOLAH KEBANGSAAN KAMPONG BUSUT ASLI,"KG. BUSUT BARU (A), BKT CHEDING",42700,BANTING,PPD KUALA LANGAT,SK (Asli),2.905162,101.590773,
BBB1031,SEKOLAH KEBANGSAAN METHODIST,"JALAN SEKOLAH, TELOK DATOK",42700,BANTING,PPD KUALA LANGAT,SK,2.821864,101.518587,
BBB1032,SEKOLAH KEBANGSAAN SRI LANGAT,JALAN SULTAN ABDUL SAMAD,42700,BANTING,PPD KUALA LANGAT,SK,2.809817,101.494273,
BBC1035,SEKOLAH JENIS KEBANGSAAN (CINA) CHOONG HUA,517 JALAN SULTAN ALAM SHAH,42700,BANTING,PPD KUALA LANGAT,SJK(C),2.807774,101.497686,
BBC1037,SEKOLAH JENIS KEBANGSAAN (CINA) KAH WAH,"KG. PULAU, TELOK BUNUT",42700,BANTING,PPD KUALA LANGAT,SJK(C),2.823741,101.501634,
BBC1043,SEKOLAH JENIS KEBANGSAAN (CINA) TIONG NAM,SUNGAI BUAYA,42700,BANTING.,PPD KUALA LANGAT,SJK(C),2.842512466,101.440558,
BBD1047,SEKOLAH JENIS KEBANGSAAN (TAMIL) SG MANGGIS,SUNGAI MANGGIS,42700,BANTING,PPD KUALA LANGAT,SJK(T),2.827301,101.541099,
BBD1061,SEKOLAH JENIS KEBANGSAAN (TAMIL) SUNGAI BUAYA,SUNGAI BUAYA,42700,BANTING,PPD KUALA LANGAT,SJK(T),2.845913,101.481687,
BBD1063,SEKOLAH JENIS KEBANGSAAN (TAMIL) PUSAT TELOK DATOK,JALAN ORKID,42700,BANTING,PPD KUALA LANGAT,SJK(T),2.817753,101.524725,
BEA1070,SEKOLAH MENENGAH KEBANGSAAN BUKIT CHANGGANG,"BANTING, KUALA LANGAT",42700,BANTING,PPD KUALA LANGAT,SMK,2.822893,101.622263,
BEB1069,SEKOLAH MENENGAH KEBANGSAAN METHODIST,TELOK DATOK,42700,BANTING,PPD KUALA LANGAT,SMK,2.821325,101.518931,
BEB1070,KOLEJ VOKASIONAL SULTAN ABDUL SAMAD,TELOK DATOK,42700,BANTING,PPD KUALA LANGAT,KV,2.819836,101.526881,
BBA6004,SEKOLAH KEBANGSAAN PANCHANG PEDENA,JALAN LAMA KUALA SELANGOR,45300,SUNGAI BESAR,PPD SABAK BERNAM,SK,3.69667,100.957771,
BBA6014,SEKOLAH KEBANGSAAN BATU 38,KAMPUNG BATU 38,45200,SABAK BERNAM,PPD SABAK BERNAM,SK,3.7537,100.956228,
BBA6015,SEKOLAH KEBANGSAAN KG BAHARU,"JALAN HAJI SAIE,KAMPUNG BAHARU",45200,SABAK BERNAM,PPD SABAK BERNAM,SK,3.792256,100.949141,
BBA6017,SEKOLAH KEBANGSAAN SEKENDI,"KM 7, JALAN SEKENDI",45200,SABAK BERNAM,PPD SABAK BERNAM,SK,3.728059,100.937493,
BBA6022,SEKOLAH KEBANGSAAN TEBOK JAWA,"JALAN TEBOK JAWA, KG. TEBOK JAWA",45200,SABAK BERNAM,PPD SABAK BERNAM,SK,3.781311,100.911909,
BBA6024,SEKOLAH KEBANGSAAN KAMPONG BANTING,JLN MASJID KG BANTING,45200,SABAK BERNAM,PPD SABAK BERNAM,SK,3.758059,100.923882,
BBA6025,SEKOLAH KEBANGSAAN TANJONG JAWA,JALAN DUNGUN,45200,SABAK BERNAM,PPD SABAK BERNAM,SK,3.816397,100.972741,
BBC6034,SEKOLAH JENIS KEBANGSAAN (CINA) PHOOI TEE,SUNGAI PULAI,45200,SABAK BERNAM,PPD SABAK BERNAM,SJK(C),3.730216,100.92214,
BBD6039,SEKOLAH JENIS KEBANGSAAN (TAMIL) LADANG SUNGAI BERNAM,LADANG SUNGAI BERNAM,45200,SABAK BERNAM,PPD SABAK BERNAM,SJK(T),3.850135,100.936873,
BEB6044,KOLEJ TINGKATAN ENAM TUNKU ABDUL RAHMAN PUTRA,JALAN  KALABAKAN,45200,SABAK BERNAM,PPD SABAK BERNAM,Kolej Tingkatan 6,3.76668,100.988817,
BFT6005,SAM MUHAMMADIAH,KOMPLEKS SEKOLAH AGAMA MUHAMMADIAH PEKAN SABAK,45200,SABAK BERNAM,PPD SABAK BERNAM,SM Agama (SM Agama (SABK)),3.761499,100.977043,
BFT6007,SAMT SULTAN SALAHUDDIN ABD AZIZ SHAH,BELAKANG MASJID ATTAQWA BT38,45200,SABAK BERNAM,PPD SABAK BERNAM,SM Agama (SM Agama (SABK)),3.752636,100.955682,
BBA1023,SEKOLAH KEBANGSAAN TG SEPAT,JALAN SEKOLAH KG TANJUNG SEPAT,42800,TANJONG SEPAT,PPD KUALA LANGAT,SK,2.674108,101.555495,
BBA1024,SEKOLAH KEBANGSAAN BATU LAUT,TANJONG SEPAT,42800,TANJONG SEPAT,PPD KUALA LANGAT,SK,2.677149,101.51523,
BBA1025,SEKOLAH KEBANGSAAN KAMPONG ENDAH,KAMPONG ENDAH,42700,BANTING,PPD KUALA LANGAT,SK,2.734223,101.46986,
BBA1026,SEKOLAH KEBANGSAAN MORIB,JALAN MORIB,42700,BANTING,PPD KUALA LANGAT,SK,2.745899,101.448441,
BBA1034,SEKOLAH KEBANGSAAN KANCHONG TENGAH,KG. KANCHONG TENGAH,42700,BANTING,PPD KUALA LANGAT,SK,2.74721,101.49591,
BBC1041,SEKOLAH JENIS KEBANGSAAN (CINA) TANJONG SEPAT,"JLN BESAR,TANJONG SEPAT",42800,TANJONG SEPAT,PPD KUALA LANGAT,SJK(C),2.661492,101.557401,
BBD1053,SEKOLAH JENIS KEBANGSAAN (TAMIL) LDG GADONG,JALAN BANTING-PORT DICKSON,42800,TG. SEPAT,PPD KUALA LANGAT,SJK(T),2.699488,101.473781,
BBD1065,SEKOLAH JENIS KEBANGSAAN (TAMIL) LADANG TUMBUK,TANJUNG SEPAT,42800,TANJUNG SEPAT,PPD KUALA LANGAT,SJK(T),2.651790385,101.5816089,
BEA1068,SEKOLAH MENENGAH KEBANGSAAN BATU LAUT,TANJONG SEPAT,42800,TANJONG SEPAT,PPD KUALA LANGAT,SMK,2.677957,101.515173,
BEB1072,SEKOLAH MENENGAH KEBANGSAAN TANJUNG SEPAT,TANJUNG SEPAT,42800,TANJONG SEPAT,PPD KUALA LANGAT,SMK,2.656872,101.566474,
BBA3002,SEKOLAH KEBANGSAAN BKT BADONG,"BATU 3, KAMPUNG BUKIT BADONG",45600,BESTARI JAYA,PPD KUALA SELANGOR,SK,3.33367,101.414126,
BBA3008,SEKOLAH KEBANGSAAN JAYA SETIA,JALAN BESAR,45600,BESTARI JAYA,PPD KUALA SELANGOR,SK,3.364442,101.4215,
BBA3011,SEKOLAH KEBANGSAAN IJOK,"BATU 7, IJOK",45600,BESTARI JAYA,PPD KUALA SELANGOR,SK,3.309637,101.393168,
BBA3022,SEKOLAH KEBANGSAAN PARIT MAHANG,KAMPUNG PARIT MAHANG,45800,JERAM,PPD KUALA SELANGOR,SK,3.2816,101.375053,
BBA3033,SEKOLAH KEBANGSAAN PUNCAK ALAM,LRG. MAHKOTA IMPIAN 2/1 SEKSYEN 2,42300,BANDAR PUNCAK ALAM,PPD KUALA SELANGOR,SK,3.212537,101.429786,
BBA3034,SEKOLAH KEBANGSAAN SAUJANA UTAMA IJOK,"PERSIARAN SAUJANA 3, SAUJANA UTAMA",47000,SUNGAI BULOH,PPD KUALA SELANGOR,SK,3.21034,101.477773,
BBA3035,SEKOLAH KEBANGSAAN PUNCAK ALAM 2,"JALAN GUGUSAN ALAM 7/1,SEKSYEN 7",42300,BDR PUNCAK ALAM,PPD KUALA SELANGOR,SK,3.226211,101.424617,
BBA3036,SEKOLAH KEBANGSAAN SERI PRISTANA,"LOT 8214 JALAN SP2/1, SERI PRISTANA",47000,SUNGAI BULOH,PPD KUALA SELANGOR,SK,3.208731,101.471506,
BBA3037,SEKOLAH KEBANGSAAN PUNCAK ALAM 3,"LOT 7664, JALAN ASTANA 13/2",42300,BANDAR PUNCAK ALAM,PPD KUALA SELANGOR,SK,3.246114,101.425715,
BBA3038,SEKOLAH KEBANGSAAN DESA AMAN,"TAMAN DESA COALFIELDS, FASA 3",47000,SUNGAI BULOH,PPD KUALA SELANGOR,SK,3.205131,101.595821,
BBC3037,SEKOLAH JENIS KEBANGSAAN (CINA) IJOK,SIMPANG TIGA IJOK,45620,BESTARI JAYA,PPD KUALA SELANGOR,SJK(C),3.317475,101.4181,
BBC3047,SEKOLAH JENIS KEBANGSAAN (CINA) YUK CHIH,"JALAN BESAR, BESTARI JAYA (BATANG BERJUNTAI)",45600,BESTARI JAYA,PPD KUALA SELANGOR,SJK(C),3.379142,101.404662,
BBD3055,SEKOLAH JENIS KEBANGSAAN (TAMIL) LDG COALFIELDS,LADANG COALFIELDS,47000,SUNGAI BULOH,PPD KUALA SELANGOR,SJK(T),3.241018,101.485303,
BBD3065,SEKOLAH JENIS KEBANGSAAN (TAMIL) BUKIT ROTAN BARU,KM. 7.2 JALAN IJOK KUALA SELANGOR,45700,BUKIT ROTAN,PPD KUALA SELANGOR,SJK(T),3.305697222,101.3462806,
BBD3068,SEKOLAH JENIS KEBANGSAAN (TAMIL) LDG SELANGOR RIVER,PEJABAT POS BUKIT ROTAN,45700,BUKIT ROTAN,PPD KUALA SELANGOR,SJK(T),3.356808,101.326883,
BBD3071,SEKOLAH JENIS KEBANGSAAN (TAMIL) LDG SG RAMBAI,LADANG SUNGAI RAMBAI,45600,BESTARI JAYA,PPD KUALA SELANGOR,SJK(T),3.345025,101.364686,
BBD3072,SEKOLAH JENIS KEBANGSAAN (TAMIL) LADANG TUAN MEE,LADANG TUAN MEE,47000,SUNGAI BULOH,PPD KUALA SELANGOR,SJK(T),3.267364,101.457871,
BEA3077,SEKOLAH MENENGAH KEBANGSAAN RAJA MUDA MUSA,JALAN BUKIT BADONG,45600,BESTARI JAYA,PPD KUALA SELANGOR,SMK,3.374204,101.408919,
BEA3084,SEKOLAH MENENGAH KEBANGSAAN SAUJANA UTAMA,"PERSIARAN SAUJANA 3, SAUJANA UTAMA",47000,SUNGAI BULOH,PPD KUALA SELANGOR,SMK,3.208473,101.477883,
BEA3085,SEKOLAH MENENGAH KEBANGSAAN PUNCAK ALAM,"JALAN MAHKOTA IMPIAN 2/1, SEKSYEN 2",42300,BANDAR PUNCAK ALAM,PPD KUALA SELANGOR,SMK,3.210712,101.428975,
BEA3088,SEKOLAH MENENGAH KEBANGSAAN PUNCAK ALAM 3,JALAN ASTANA 13/2,42300,PUNCAK ALAM,PPD KUALA SELANGOR,SMK,3.2471839,101.4248434,
BEB3079,SEKOLAH MENENGAH KEBANGSAAN SULTAN SULAIMAN SHAH,JALAN SEKOLAH,45600,BESTARI JAYA,PPD KUALA SELANGOR,SMK,3.375734,101.406769,
BHA3001,KOLEJ VOKASIONAL KUALA SELANGOR,JALAN SEKOLAH OFF JALAN BESAR,45600,BESTARI JAYA,PPD KUALA SELANGOR,KV,3.383567,101.398067,
BBA4001,SEKOLAH KEBANGSAAN SUNGAI SERAI,JALAN HULU LANGAT,43100,HULU LANGAT,PPD HULU LANGAT,SK,3.087726,101.790109,
BBA4005,SEKOLAH KEBANGSAAN BATU SEMBILAN,"BATU 9 , JALAN CHERAS",43200,CHERAS,PPD HULU LANGAT,SK,3.06983,101.768654,
BBA4006,SEKOLAH KEBANGSAAN TUN ABD AZIZ MAJID,KM 22 JALAN AMPANG,43100,HULU LANGAT,PPD HULU LANGAT,SK,3.116822,101.813987,
BBA4007,SEKOLAH KEBANGSAAN SG TEKALI,KM 27 JALAN  HULU LANGAT,43100,HULU LANGAT,PPD HULU LANGAT,SK,3.113281,101.855689,
BBA4008,SEKOLAH KEBANGSAAN KUALA POMSON,BT 22 1/2,43100,HULU LANGAT,PPD HULU LANGAT,SK,3.211971,101.871142,
BBA4009,SEKOLAH KEBANGSAAN DUSUN TUA,BATU 16 3/4,43100,HULU LANGAT,PPD HULU LANGAT,SK,3.150829,101.838493,
BBA4010,SEKOLAH KEBANGSAAN LUBOK KELUBI,BATU 19 JALAN HULU LANGAT,43100,HULU LANGAT,PPD HULU LANGAT,SK,3.177462,101.855559,
BBA4011,SEKOLAH KEBANGSAAN SUNGAI LUI,"KM 33, KAMPUNG SUNGAI LUI",43100,HULU LANGAT,PPD HULU LANGAT,SK,3.166498,101.883977,
BBA4029,SEKOLAH KEBANGSAAN TAMAN CUEPACS,"BATU 9,CHERAS",43200,CHERAS,PPD HULU LANGAT,SK,3.078493,101.759093,
BBA4031,SEKOLAH KEBANGSAAN TAMING JAYA,TAMAN TAMING JAYA,43300,SERI KEMBANGAN,PPD HULU LANGAT,SK,3.025503,101.748189,
BBA4034,SEKOLAH KEBANGSAAN BANDAR TUN HUSSEIN ONN,"JALAN SUASANA,BANDAR TUN HUSSEIN ONN",43200,CHERAS,PPD HULU LANGAT,SK,3.053283,101.766086,
BBA4041,SEKOLAH KEBANGSAAN BUKIT RAYA,"BT 10, JALAN HULU LANGAT",43200,CHERAS,PPD HULU LANGAT,SK,3.073055,101.781629,
BBA4043,SEKOLAH KEBANGSAAN DESA BAIDURI,"PERSIARAN BAIDURI, TAMAN DESA BAIDURI",56000,CHERAS,PPD HULU LANGAT,SK,3.048106,101.750852,
BBA4050,SEKOLAH KEBANGSAAN CHERAS JAYA,"JALAN CJ 15, TAMAN CHERAS JAYA, BALAKONG",43200,CHERAS,PPD HULU LANGAT,SK,3.020454,101.762851,
BBA4054,SEKOLAH KEBANGSAAN DUSUN NANDING,"KM 17, JALAN HULU LANGAT",43100,HULU LANGAT,PPD HULU LANGAT,SK,3.083162,101.791043,
BBA4055,SEKOLAH KEBANGSAAN BANDAR TUN HUSSEIN ONN 2,"JALAN SUADAMAI, BANDAR TUN HUSSEIN ONN",43200,CHERAS,PPD HULU LANGAT,SK,3.052485,101.754269,
BBA4057,SEKOLAH KEBANGSAAN TAMAN PUTERI,"BATU 9, JALAN HULU LANGAT",43200,CHERAS,PPD HULU LANGAT,SK,3.078116,101.771993,
BBC4034,SEKOLAH JENIS KEBANGSAAN (CINA) BALAKONG,KAMPUNG BARU BALAKONG,43300,SERI KEMBANGAN,PPD HULU LANGAT,SJK(C),3.028405997,101.7455321,
BBC4035,SEKOLAH JENIS KEBANGSAAN (CINA) BATU 9 CHERAS,BATU 9 JALAN CHERAS,43200,CHERAS,PPD HULU LANGAT,SJK(C),3.071671,101.769529,
BBC4036,SEKOLAH JENIS KEBANGSAAN (CINA) BATU 11,"JALAN SEKOLAH, KG. BARU BATU SEBELAS CHERAS",43200,CHERAS,PPD HULU LANGAT,SJK(C),3.045973,101.770584,
BBC4037,SEKOLAH JENIS KEBANGSAAN (CINA) CHOON HWA,BATU 18,43100,HULU LANGAT,PPD HULU LANGAT,SJK(C),3.164041,101.847957,
BBC4043,SEKOLAH JENIS KEBANGSAAN (CINA) BATU 14,BATU 14 HULU LANGAT,43100,HULU LANGAT,PPD HULU LANGAT,SJK(C),3.112723,101.813734,
BBC4048,SEKOLAH JENIS KEBANGSAAN (CINA) CONNAUGHT (2),BANDAR DAMAI PERDANA,56000,CHERAS,PPD HULU LANGAT,SJK(C),3.046182,101.742082,
BBC4050,SEKOLAH JENIS KEBANGSAAN (CINA) BANDAR SUNGAI LONG,"JALAN SUNGAI LONG, BANDAR SUNGAI LONG",43000,KAJANG,PPD HULU LANGAT,SJK(C),3.051739,101.803314,
BEA4606,SEKOLAH MENENGAH KEBANGSAAN ABDUL JALIL,"KM 22, JLN HULU LANGAT",43100,HULU LANGAT,PPD HULU LANGAT,SMK,3.118103,101.817496,
BEA4611,SEKOLAH MENENGAH KEBANGSAAN PERIMBUN,KM 16 JALAN CHERAS,43200,CHERAS,PPD HULU LANGAT,SMK,3.061209,101.770347,
BEA4617,SEKOLAH MENENGAH KEBANGSAAN CHERAS PERDANA,"LORONG CP5/39, TMN CHERAS PERDANA, BT 9 3/4",43200,CHERAS,PPD HULU LANGAT,SMK,3.045273,101.765623,
BEA4620,SEKOLAH MENENGAH KEBANGSAAN CHERAS JAYA,"JALAN 3/13, TAMAN CHERAS JAYA, BALAKONG",43200,CHERAS,PPD HULU LANGAT,SMK,3.019716,101.761823,
BEA4623,SEKOLAH MENENGAH KEBANGSAAN BANDAR BARU SUNGAI LONG,"JALAN SUNGAI LONG, BANDAR SUNGAI LONG",43000,KAJANG,PPD HULU LANGAT,SMK,3.052821,101.801833,
BEA4627,SEKOLAH MENENGAH KEBANGSAAN DUSUN NANDING,"KM 17, JALAN HULU LANGAT",43100,HULU LANGAT,PPD HULU LANGAT,SMK,3.08224,101.790503,
BEA4629,SEKOLAH MENENGAH KEBANGSAAN BANDAR DAMAI PERDANA,"JALAN DAMAI PERDANA 2, CHERAS (HULU LANGAT)",56000,KUALA LUMPUR,PPD HULU LANGAT,SMK,3.043592,101.736733,
BEA4630,SEKOLAH MENENGAH KEBANGSAAN BANDAR TUN HUSSEIN ONN 2,"PERSIARAN SUADAMAI, BANDAR TUN HUSSEIN ONN",43200,CHERAS,PPD HULU LANGAT,SMK,3.054728,101.755363,
BEA4634,SEKOLAH MENENGAH KEBANGSAAN DESA SERDANG,"JALAN DESA SERDANG 10, TAMAN DESA SERDANG",43300,SERI KEMBANGAN,PPD HULU LANGAT,SMK,3.010447438,101.727678,
BFT4001,SAM HULU LANGAT,"BATU 10, JALAN CHERAS",43200,CHERAS,PPD HULU LANGAT,SM Agama (SM Agama (SABK)),3.063728,101.773643,
BBA7102,SEKOLAH KEBANGSAAN (2) TAMAN SELAYANG,JALAN SG. TUA,68100,BATU CAVES,PPD GOMBAK,SK,3.241291,101.672691,
BBA7203,SEKOLAH KEBANGSAAN GOMBAK SETIA,JALAN GOMBAK SETIA,53100,GOMBAK,PPD GOMBAK,SK,3.218685,101.715563,
BBA7204,SEKOLAH KEBANGSAAN GOMBAK UTARA,"KM11, JALAN GOMBAK",53100,KUALA LUMPUR,PPD GOMBAK,SK,3.239002,101.714986,
BBA7205,SEKOLAH KEBANGSAAN SG TUA BAHARU,"JALAN MELATI, KG SG TUA BAHARU",68100,BATU CAVES,PPD GOMBAK,SK,3.254994,101.674141,
BBA7215,SEKOLAH KEBANGSAAN (1) TAMAN SELAYANG,JALAN SUNGAI TUA,68100,BATU CAVES,PPD GOMBAK,SK,3.240636,101.672831,
BBA7216,SEKOLAH KEBANGSAAN TAMAN SERI GOMBAK,"JALAN SG 1/1, TAMAN SERI GOMBAK",68100,BATU CAVES,PPD GOMBAK,SK,3.243399,101.698259,
BBA7221,SEKOLAH KEBANGSAAN TAMAN SELASIH,TAMAN SELASIH FASA 2,68100,BATU CAVES,PPD GOMBAK,SK,3.231113,101.694993,
BBA7226,SEKOLAH KEBANGSAAN SUNGAI KERTAS,JALAN SUNGAI TUA,68100,BATU CAVES,PPD GOMBAK,SK,3.259231,101.687021,
BBA7227,SEKOLAH KEBANGSAAN TAMAN SAMUDRA,"JALAN SAMUDRA BARAT 4, TAMAN SAMUDRA",68100,BATU CAVES,PPD GOMBAK,SK,3.233426,101.693115,
BBA7228,SEKOLAH KEBANGSAAN SUNGAI PUSU,"KM.11, JALAN GOMBAK",53100,GOMBAK,PPD GOMBAK,SK,3.236947,101.715548,
BBA7229,SEKOLAH KEBANGSAAN TAMAN SETIA,"JALAN AKIK, TAMAN SETIA",53100,KUALA LUMPUR,PPD GOMBAK,SK,3.224443,101.719163,
BBA7235,SEKOLAH KEBANGSAAN TAMAN SERI GOMBAK 2,JALAN SG 1/1 TAMAN SERI GOMBAK,68100,BATU CAVES,PPD GOMBAK,SK,3.242503,101.698603,
BBB7301,SEKOLAH KEBANGSAAN (1) GOMBAK,"KM 8, JALAN GOMBAK",53100,KUALA LUMPUR,PPD GOMBAK,SK,3.215656682,101.7110829,
BBB7302,SEKOLAH KEBANGSAAN (2) GOMBAK,"KM 8, JALAN GOMBAK",53100,KUALA LUMPUR,PPD GOMBAK,SK,3.21552873,101.7117949,
BBC7402,SEKOLAH JENIS KEBANGSAAN (CINA) KHEOW BIN,BATU CAVES,68100,BATU CAVES,PPD GOMBAK,SJK(C),3.232876,101.673989,
BBD7451,SEKOLAH JENIS KEBANGSAAN (TAMIL) BATU CAVES,BATU CAVES,68100,BATU CAVES,PPD GOMBAK,SJK(T),3.236693,101.681689,
BEA7601,SEKOLAH MENENGAH KEBANGSAAN GOMBAK SETIA,JALAN SERI SETIA,53100,GOMBAK,PPD GOMBAK,SMK,3.220400021,101.7151139,
BEA7602,SEKOLAH MENENGAH KEBANGSAAN TAMAN SELAYANG,JALAN SUNGAI TUA,68100,BATU CAVES,PPD GOMBAK,SMK,3.243364,101.673435,
BEA7607,SEKOLAH MENENGAH KEBANGSAAN SERI GOMBAK,TAMAN GREENWOOD,68100,BATU CAVES,PPD GOMBAK,SMK,3.23168,101.701666,
BEA7608,SEKOLAH MENENGAH KEBANGSAAN HILLCREST,TAMAN SERI GOMBAK,68100,BATU CAVES,PPD GOMBAK,SMK,3.243673,101.707513,
BEA7612,SEKOLAH MENENGAH KEBANGSAAN SERI SELAYANG,JALAN SUNGAI TUA,68100,BATU CAVES,PPD GOMBAK,SMK,3.2423,101.672759,
BEA7613,SEKOLAH MENENGAH KEBANGSAAN SUNGAI KERTAS,KG. SUNGAI KERTAS,68100,BATU CAVES,PPD GOMBAK,SMK,3.257225,101.686937,
BEA7616,SEKOLAH MENENGAH KEBANGSAAN SUNGAI PUSU,"KM 11, JALAN GOMBAK",53100,KUALA LUMPUR,PPD GOMBAK,SMK,3.238336,101.717771,
BHA7001,KOLEJ VOKASIONAL GOMBAK,"JALAN SG PUSU, GOMBAK",53100,KUALA LUMPUR,PPD GOMBAK,KV,3.246306,101.729716,
BRA7002,SEKOLAH BERASRAMA PENUH INTEGRASI GOMBAK,"BATU 8, JALAN SUNGAI PUSU, GOMBAK",53100,KUALA LUMPUR,PPD GOMBAK,SMBP,3.243614,101.723049,
BBA7103,SEKOLAH KEBANGSAAN (2) TAMAN KERAMAT,JALAN ENGGANG TIMUR 1,54200,KUALA LUMPUR,PPD GOMBAK,SK,3.170349,101.742195,
BBA7201,SEKOLAH KEBANGSAAN HULU KELANG,JALAN HULU KELANG,68000,AMPANG,PPD GOMBAK,SK,3.19917,101.760817,
BBA7202,SEKOLAH KEBANGSAAN KLANG GATE,JALAN GENTING KLANG,53100,KUALA LUMPUR,PPD GOMBAK,SK,3.216048,101.740407,
BBA7211,SEKOLAH KEBANGSAAN TAMAN KERAMAT (1),JALAN ENGGANG TIMUR 1,54200,KUALA LUMPUR,PPD GOMBAK,SK,3.169797,101.742115,
BBA7214,SEKOLAH KEBANGSAAN TAMAN MELAWATI,"JALAN F-13, TAMAN MELAWATI",53100,KUALA LUMPUR,PPD GOMBAK,SK,3.225096,101.746941,
BBA7217,SEKOLAH KEBANGSAAN LEMBAH KERAMAT,"JLN AU 5C/6, LEMBAH KERAMAT",54200,KUALA LUMPUR,PPD GOMBAK,SK,3.20204,101.757718,
BBA7222,SEKOLAH KEBANGSAAN TAMAN PERMATA,"JALAN PERMATA 9,TAMAN PERMATA, HULU KELANG",53300,KUALA LUMPUR,PPD GOMBAK,SK,3.205758,101.747488,
BBA7224,SEKOLAH KEBANGSAAN TAMAN MELAWATI 2,TAMAN MELAWATI,53100,KUALA  LUMPUR,PPD GOMBAK,SK,3.212503,101.752493,
BBA7232,SEKOLAH KEBANGSAAN TAMAN BUKIT INDAH,TAMAN BUKIT INDAH,68000,AMPANG,PPD GOMBAK,SK,3.155833,101.775553,
BBB7303,SEKOLAH KEBANGSAAN (1) KUALA AMPANG,JALAN AWAN,68000,AMPANG,PPD GOMBAK,SK,3.165503,101.748323,
BBB7304,SEKOLAH KEBANGSAAN (2) KUALA AMPANG,"LOT 3303, JALAN NIPAH OFF JALAN AMPANG",55000,KUALA LUMPUR,PPD GOMBAK,SK,3.164451926,101.7400296,
BBD7456,SEKOLAH JENIS KEBANGSAAN (TAMIL) TAMAN MELAWATI,"JLN MELAWATI 5, TMN MELAWATI",53100,KUALA LUMPUR,PPD GOMBAK,SJK(T),3.216669,101.750015,
BEA4619,SEKOLAH MENENGAH KEBANGSAAN BUKIT INDAH,TAMAN BUKIT INDAH,68000,AMPANG,PPD GOMBAK,SMK,3.155423,101.776753,
BEA7603,SEKOLAH MENENGAH KEBANGSAAN LEMBAH KERAMAT,"JALAN AU4, LEMBAH KERAMAT",54200,KUALA LUMPUR,PPD GOMBAK,SMK,3.198059,101.759715,
BEA7606,SEKOLAH MENENGAH KEBANGSAAN TAMAN KERAMAT,JALAN ENGGANG TIMUR 4,54200,KUALA LUMPUR,PPD GOMBAK,SMK,3.170559,101.743326,
BEA7610,SEKOLAH MENENGAH KEBANGSAAN TAMAN MELAWATI,JALAN TAMAN MELAWATI,53100,KUALA LUMPUR,PPD GOMBAK,SMK,3.21532,101.750863,
BEA7614,SEKOLAH MENENGAH KEBANGSAAN SERI KERAMAT,"JALAN AU 4, LEMBAH KERAMAT",54200,KUALA LUMPUR,PPD GOMBAK,SMK,3.196588,101.75987,
BEB7652,SEKOLAH MENENGAH KEBANGSAAN HULU KELANG,"KM 7, JALAN HULU KELANG",68000,AMPANG,PPD GOMBAK,SMK,3.163362,101.747692,
BBA0001,SEKOLAH KEBANGSAAN KLANG,JALAN DATO' HAMZAH,41000,KLANG,PPD KLANG,SK,3.040109,101.450558,
BBA0007,SEKOLAH KEBANGSAAN BATU BELAH,JALAN RANTAU PANJANG,42100,KLANG,PPD KLANG,SK,3.070836,101.443326,
BBA0008,SEKOLAH KEBANGSAAN RANTAU PANJANG,"JALAN GENTING, RANTAU PANJANG",42100,KLANG,PPD KLANG,SK,3.067503,101.410826,
BBA0032,SEKOLAH KEBANGSAAN TAMAN KLANG UTAMA,JALAN HAJI SIRAT,42100,KLANG,PPD KLANG,SK,3.084051,101.421676,
BBB0025,SEKOLAH KEBANGSAAN (1) JALAN BATU TIGA,"JALAN PEKAN BARU, TAMAN ENG ANN",41150,KLANG,PPD KLANG,SK,3.056899,101.460828,
BBB0026,SEKOLAH KEBANGSAAN (2) JALAN BATU TIGA,"JALAN PEKAN BARU, TAMAN ENG ANN",41150,KLANG,PPD KLANG,SK,3.057058,101.460842,
BBB0030,SEKOLAH KEBANGSAAN (1) JALAN MERU,JALAN MERU,41050,KLANG,PPD KLANG,SK,3.058563,101.451033,
BBB0031,SEKOLAH KEBANGSAAN (2) JALAN MERU,JALAN MERU,41050,KLANG,PPD KLANG,SK,3.05509,101.450206,
BBC0047,SEKOLAH JENIS KEBANGSAAN (CINA) KONG HOE,"54, JALAN BATU TIGA",41300,KLANG,PPD KLANG,SJK(C),3.047183,101.452193,
BBC0052,SEKOLAH JENIS KEBANGSAAN (CINA) PUI YING,"BATU 4, JALAN KAPAR",42100,KLANG,PPD KLANG,SJK(C),3.072392,101.410973,
BBD0062,SEKOLAH JENIS KEBANGSAAN (TAMIL) LADANG BUKIT RAJAH,"LOT 27(OFF JALAN HAJI SIRAT BATU BELAH),JALAN SUMAZAU/KU5,BUKIT RAJA",41050,KLANG,PPD KLANG,SJK(T),3.091274,101.438365,
BBD0078,SEKOLAH JENIS KEBANGSAAN (TAMIL) JALAN MERU,JALAN MERU,41050,KLANG,PPD KLANG,SJK(T),3.056938,101.453386,
BBD8464,SEKOLAH JENIS KEBANGSAAN (TAMIL) LADANG NORTH HUMMOCK,"NO.5 JLN SETIA PRIMA, U/U13,SEKSYEN U13,40170 SHAH ALAM",40170,SHAH ALAM,PPD KLANG,SJK(T),3.104316,101.445674,
BEA0107,SEKOLAH MENENGAH KEBANGSAAN TAMAN KLANG UTAMA,"PERSIARAN SG. KERAMAT, TAMAN KLANG UTAMA",42100,KLANG,PPD KLANG,SMK,3.082934,101.421703,
BEB0099,SEKOLAH MENENGAH KEBANGSAAN METHODIST (ACS),JALAN RAYA BARAT,41000,KLANG,PPD KLANG,SMK,3.042699,101.44047,
BEB0102,SEKOLAH MENENGAH KEBANGSAAN TINGGI KLANG,"LOT 161 & 48, JALAN MERU",41710,KLANG,PPD KLANG,SMK,3.054353,101.449266,
BEB0103,SEKOLAH MENENGAH KEBANGSAAN KWANG HUA,TAMAN ENG ANN,41150,KLANG,PPD KLANG,SMJK,3.064536,101.459421,
BEB0105,SEKOLAH MENENGAH KEBANGSAAN (P) METHODIST,JALAN RAYA BARAT,41000,KLANG,PPD KLANG,SMK,3.045108,101.440943,
BFT0001,SAMT SULTAN HISAMUDDIN,"JALAN KOTA RAJA, KG JAWA",41000,KLANG,PPD KLANG,SM Agama (SM Agama (SABK)),3.027939,101.468754,
BBA3001,SEKOLAH KEBANGSAAN ASSAM JAWA,"KM 38.4, JALAN KLANG KUALA SELANGOR",45700,BUKIT ROTAN,PPD KUALA SELANGOR,SK,3.291277,101.292694,
BBA3003,SEKOLAH KEBANGSAAN BKT KERAYONG,"JALAN SEKOLAH, KG. BUKIT KERAYONG 1",42200,KAPAR,PPD KUALA SELANGOR,SK,3.210736,101.401526,
BBA3004,SEKOLAH KEBANGSAAN DATO' MAHARAJA LELA,"JALAN PARIT OMAR, KAMPUNG BUKIT CHERAKA",45800,JERAM,PPD KUALA SELANGOR,SK,3.271809,101.35235,
BBA3005,SEKOLAH KEBANGSAAN TAMBAK JAWA,"KILOMETER 26, JERAM",45800,JERAM,PPD KUALA SELANGOR,SK,3.182089,101.313465,
BBA3006,SEKOLAH KEBANGSAAN JERAM,JALAN SIMPANG TIGA,45800,JERAM,PPD KUALA SELANGOR,SK,3.222154,101.320093,
BBA3007,SEKOLAH KEBANGSAAN JERAM BT 20,BATU 20,45800,JERAM,PPD KUALA SELANGOR,SK,3.237118,101.314512,
BBC3036,SEKOLAH JENIS KEBANGSAAN (CINA) CHUNG WAH,"JALAN SASARAN, BUKIT KUCHING",45800,JERAM,PPD KUALA SELANGOR,SJK(C),3.260899,101.311127,
BBC3040,SEKOLAH JENIS KEBANGSAAN (CINA) LIAT CHOON,"BATU 17, SUNGAI SEMBILANG",45800,JERAM,PPD KUALA SELANGOR,SJK(C),3.19688,101.315735,
BBC3043,SEKOLAH JENIS KEBANGSAAN (CINA) PUI TEH,JALAN SIMPANG TIGA,45800,JERAM,PPD KUALA SELANGOR,SJK(C),3.225651,101.318218,
BBD3049,SEKOLAH JENIS KEBANGSAAN (TAMIL) LDG BRAUNSTON,LADANG BRAUNSTON,45800,JERAM,PPD KUALA SELANGOR,SJK(T),3.254137,101.326324,
BBD3051,SEKOLAH JENIS KEBANGSAAN (TAMIL) LDG BUKIT CHERAKA,"LADANG BUKIT CHERAKA,  JALAN SIMPANG TIGA",45800,JERAM,PPD KUALA SELANGOR,SJK(T),3.226229,101.368622,
BBD3052,SEKOLAH JENIS KEBANGSAAN (TAMIL) LDG BKT IJOK,LADANG BUKIT IJOK,45800,JERAM,PPD KUALA SELANGOR,SJK(T),3.257119,101.403273,
BEA3078,SEKOLAH MENENGAH KEBANGSAAN JERAM,JALAN SIMPANG TIGA,45800,JERAM,PPD KUALA SELANGOR,SMK,3.226456,101.369902,
BEA3087,SEKOLAH MENENGAH KEBANGSAAN BUKIT KUCHING TENGAH,JALAN TAHIR MANAN,45800,JERAM,PPD KUALA SELANGOR,SMK,3.263649,101.333342,
BFT3001,SAM JERAM,JERAM,45800,KUALA SELANGOR,PPD KUALA SELANGOR,SM Agama (SM Agama (SABK)),3.241237,101.315962,
BBA4004,SEKOLAH KEBANGSAAN SERI SEKAMAT,"BT 12 1/2, JLN CHERAS",43000,KAJANG,PPD HULU LANGAT,SK,3.023908,101.779649,
BBA4015,SEKOLAH KEBANGSAAN KAJANG,JALAN LOW TI KOK,43000,KAJANG,PPD HULU LANGAT,SK,2.994324,101.790442,
BBA4027,SEKOLAH KEBANGSAAN SUNGAI KANTAN,"JALAN PADANG TEMBAK, SUNGAI KANTAN",43000,KAJANG,PPD HULU LANGAT,SK,3.001743,101.791298,
BBA4036,SEKOLAH KEBANGSAAN SAUJANA IMPIAN,"PERSIARAN IMPIAN PERDANA, SAUJANA IMPIAN",43000,KAJANG,PPD HULU LANGAT,SK,3.012838,101.787166,
BBA4038,SEKOLAH KEBANGSAAN TAMAN RAKAN,JALAN BANDAR SUNGAI LONG,43000,KAJANG,PPD HULU LANGAT,SK,3.03376,101.787572,
BBA4039,SEKOLAH KEBANGSAAN SRI JELOK,JLN 6 TMN SRI JELOK,43000,KAJANG,PPD HULU LANGAT,SK,2.99487,101.811293,
BBA4046,SEKOLAH KEBANGSAAN KANTAN PERMAI,"PERSIARAN TKP, TAMAN KANTAN PERMAI",43000,KAJANG,PPD HULU LANGAT,SK,3.018483,101.806863,
BBA4049,SEKOLAH KEBANGSAAN SAUJANA IMPIAN (2),"PERSIARAN IMPIAN PERDANA, SAUJANA IMPIAN",43000,KAJANG,PPD HULU LANGAT,SK,3.021045,101.792032,
BBB4028,SEKOLAH KEBANGSAAN CONVENT,JALAN GEREJA,43000,KAJANG,PPD HULU LANGAT,SK,2.989672,101.789765,
BBB4029,SEKOLAH KEBANGSAAN JALAN BUKIT SATU,JALAN BUKIT,43000,KAJANG,PPD HULU LANGAT,SK,2.984088,101.791966,
BBB4030,SEKOLAH KEBANGSAAN (2) JALAN BUKIT,JALAN BUKIT,43000,KAJANG,PPD HULU LANGAT,SK,2.983614,101.79166,
BBB4031,SEKOLAH KEBANGSAAN JALAN SEMENYIH '1',JALAN SEMENYIH,43000,KAJANG,PPD HULU LANGAT,SK,2.992419,101.795153,
BBB4032,SEKOLAH KEBANGSAAN JALAN SEMENYIH '2',JALAN KOLAM AIR OFF JALAN SEMENYIH,43000,KAJANG,PPD HULU LANGAT,SK,2.992958,101.794613,
BBC4045,SEKOLAH JENIS KEBANGSAAN (CINA) YU HUA,JALAN LOW TI KOK,43000,KAJANG,PPD HULU LANGAT,SJK(C),2.995068,101.791262,
BBD4055,SEKOLAH JENIS KEBANGSAAN (TAMIL) KAJANG,JALAN KOLAM AIR,43000,KAJANG,PPD HULU LANGAT,SJK(T),2.994106,101.795014,
BEA4604,SEKOLAH MENENGAH KEBANGSAAN SULTAN ABDUL AZIZ SHAH,"KM 22, JALAN CHERAS",43000,KAJANG,PPD HULU LANGAT,SMK,3.005643,101.782853,
BEA4621,SEKOLAH MENENGAH KEBANGSAAN SAUJANA IMPIAN,"KM22, JALAN CHERAS",43000,KAJANG,PPD HULU LANGAT,SMK,3.013302,101.788618,
BEB4068,SEKOLAH MENENGAH KEBANGSAAN CONVENT,JALAN GEREJA,43000,KAJANG,PPD HULU LANGAT,SMK,2.989626,101.790179,
BEB4069,SEKOLAH MENENGAH KEBANGSAAN TINGGI KAJANG,JALAN SEMENYIH,43000,KAJANG,PPD HULU LANGAT,SMK,2.992496,101.795032,
BEB4070,SEKOLAH MENENGAH JENIS KEBANGSAAN YU HUA,JALAN LOW TI KOK,43000,KAJANG,PPD HULU LANGAT,SMK,2.995997,101.791168,
BEB4071,SEKOLAH MENENGAH KEBANGSAAN JALAN BUKIT,JALAN BUKIT,43000,KAJANG,PPD HULU LANGAT,SMK,2.985853,101.792074,
BRA4003,SEKOLAH MENENGAH AGAMA PERSEKUTUAN KAJANG,BATU 13 JALAN CHERAS,43000,KAJANG,PPD HULU LANGAT,SMBP,3.019706,101.780673,
BBA5008,SEKOLAH KEBANGSAAN HULU BERNAM,"KAMPUNG BARU 'B', HULU BERNAM, HULU SELANGOR",35900,TG. MALIM,PPD HULU SELANGOR,SK,3.670467,101.524743,
BBA5010,SEKOLAH KEBANGSAAN KERLING,KAMPUNG KERLING,44100,KERLING,PPD HULU SELANGOR,SK,3.595411,101.600033,
BBA5011,SEKOLAH KEBANGSAAN KALUMPANG,KAMPUNG KALUMPANG,44100,KERLING,PPD HULU SELANGOR,SK,3.636347,101.569059,
BBA5029,SEKOLAH KEBANGSAAN LEMBAH BERINGIN,LEMBAH BERINGIN,44100,KUALA KUBU BHARU,PPD HULU SELANGOR,SK,3.581064,101.533007,
BBC5029,SEKOLAH JENIS KEBANGSAAN (CINA) KALUMPANG,KAMPUNG BARU KALUMPANG,44100,KERLING,PPD HULU SELANGOR,SJK(C),3.633717,101.572789,
BBC5031,SEKOLAH JENIS KEBANGSAAN (CINA) KERLING,KAMPUNG AIR PANAS,44100,KERLING,PPD HULU SELANGOR,SJK(C),3.592347,101.609042,
BBD5043,SEKOLAH JENIS KEBANGSAAN (TAMIL) LDG CHANGKAT ASA,LADANG CHANGKAT ASA,35900,TANJUNG MALIM,PPD HULU SELANGOR,SJK(T),3.682292,101.492855,
BBD5044,SEKOLAH JENIS KEBANGSAAN (TAMIL) LDG ESCOT,LADANG ESCOT,35900,TANJONG MALIM,PPD HULU SELANGOR,SJK(T),3.670463,101.542506,
BBD5047,SEKOLAH JENIS KEBANGSAAN (TAMIL) LADANG KERLING,LADANG KERLING,44100,KERLING,PPD HULU SELANGOR,SJK(T),3.569007,101.588267,
BBD5048,SEKOLAH JENIS KEBANGSAAN (TAMIL) LADANG KALUMPANG,LADANG KALUMPANG,35900,TANJONG MALIM,PPD HULU SELANGOR,SJK(T),3.663948,101.534369,
BEA5064,SEKOLAH MENENGAH KEBANGSAAN KALUMPANG,JALAN RUMAH MURAH KALUMPANG,44100,KERLING,PPD HULU SELANGOR,SMK,3.634496,101.570207,
BBA5005,SEKOLAH KEBANGSAAN SG SELISEK,KAMPUNG SUNGAI SELISEK,44020,KUALA KUBU BHARU,PPD HULU SELANGOR,SK,3.731886737,101.4456659,
BBA5013,SEKOLAH KEBANGSAAN GEDANGSA,FELDA GEDANGSA,44020,KUALA KUBU BHARU,PPD HULU SELANGOR,SK,3.738678,101.381104,
BBA5015,SEKOLAH KEBANGSAAN KAMPUNG SOEHARTO,KG SOEHARTO,44010,KUALA KUBU BHARU,PPD HULU SELANGOR,SK,3.683769,101.389151,
BBA5018,SEKOLAH KEBANGSAAN GESIR TENGAH,KG GESIR TENGAH,44020,KUALA KUBU BHARU,PPD HULU SELANGOR,SK,3.72511,101.428665,
BBA5020,SEKOLAH KEBANGSAAN SG TENGI,FELDA SUNGAI TENGI,44010,KUALA KUBU BHARU,PPD HULU SELANGOR,SK,3.650676,101.416731,
BBA5021,SEKOLAH KEBANGSAAN SRI KELEDANG,"S.K.C BERNAM, HULU SELANGOR",35800,SLIM RIVER,PPD HULU SELANGOR,SK,3.783979,101.332122,
BBA5027,SEKOLAH KEBANGSAAN SERI FAJAR,FELDA SUNGAI TENGI SELATAN,44010,KUALA KUBU BHARU,PPD HULU SELANGOR,SK,3.564111,101.436285,
BBD5051,SEKOLAH JENIS KEBANGSAAN (TAMIL) LDG LIMA BELAS,LADANG LIMA BELAS,35800,SLIM RIVER,PPD HULU SELANGOR,SJK(T),3.78761,101.354642,
BEA5062,SEKOLAH MENENGAH KEBANGSAAN KAMPONG SOEHARTO,FELDA KG. SOEHARTO,44010,KUALA KUBU BHARU,PPD HULU SELANGOR,SMK,3.684866,101.390202,
BEA5065,SEKOLAH MENENGAH KEBANGSAAN GEDANGSA,KAMPONG GEDANGSA,44020,KUALA KUBU BHARU,PPD HULU SELANGOR,SMK,3.733122,101.383857,
BFT5001,SAM SUNGAI SELISEK,KAMPUNG SG SELISEK,44020,K.KUBU BHARU,PPD HULU SELANGOR,SM Agama (SM Agama (SABK)),3.738546,101.443938,
BBA1002,SEKOLAH KEBANGSAAN SUNGAI BUAYA,KAMPUNG SUNGAI BUAYA,42700,BANTING,PPD KUALA LANGAT,SK,2.845577,101.46071,
BBA1003,SEKOLAH KEBANGSAAN BANDAR,"JALAN ISTANA, KAMPUNG BANDAR",42700,BANTING,PPD KUALA LANGAT,SK,2.864041,101.438932,
BBA1027,SEKOLAH KEBANGSAAN KANCHONG DARAT,"JALAN SULTAN ALAM SHAH, KANCHONG DARAT",42700,BANTING,PPD KUALA LANGAT,SK,2.788408,101.48279,
BBA1028,SEKOLAH KEBANGSAAN SG LANG,SUNGAI LANG,42700,BANTING,PPD KUALA LANGAT,SK,2.790238,101.520348,
BBA1029,SEKOLAH KEBANGSAAN SERI LANANG,KG. KELANANG,42700,BANTING,PPD KUALA LANGAT,SK,2.800854,101.445398,
BBA1030,SEKOLAH KEBANGSAAN PERMATANG PASIR,PERMATANG PASIR,42700,BANTING,PPD KUALA LANGAT,SK,2.837635,101.432029,
BBA1031,SEKOLAH KEBANGSAAN SG KELAMBU,KG SUNGAI KELAMBU,42700,BANTING,PPD KUALA LANGAT,SK,2.787375,101.552101,
BBA1038,SEKOLAH KEBANGSAAN BANDAR BANTING,PERSIARAN MAJLIS,42700,BANTING,PPD KUALA LANGAT,SK,2.803977,101.502367,
BBC1040,SEKOLAH JENIS KEBANGSAAN (CINA) SIMPANG MORIB,SIMPANG MORIB,42700,BANTING,PPD KUALA LANGAT,SJK(C),2.780437,101.459855,
BBD1054,SEKOLAH JENIS KEBANGSAAN (TAMIL) LDG JUGRA,JALAN SULTAN ABDUL SAMAD,42700,BANTING,PPD KUALA LANGAT,SJK(T),2.819890126,101.4616359,
BBD1058,SEKOLAH JENIS KEBANGSAAN (TAMIL) SIMPANG MORIB,SIMPANG MORIB,42700,BANTING,PPD KUALA LANGAT,SJK(T),2.78392,101.460508,
BBD1060,SEKOLAH JENIS KEBANGSAAN (TAMIL) SUNGAI SEDU,SUNGAI SEDU,42700,BANTING,PPD KUALA LANGAT,SJK(T),2.842698372,101.5242197,
BEA1065,SEKOLAH MENENGAH KEBANGSAAN JUGRA,JALAN SULTAN ABDUL SAMAD,42700,BANTING,PPD KUALA LANGAT,SMK,2.820207,101.457138,
BEA1066,SEKOLAH MENENGAH KEBANGSAAN TELOK DATOK,JALAN SULTAN ABDUL SAMAD,42700,BANTING,PPD KUALA LANGAT,SMK,2.818983,101.524349,
BEA1071,SEKOLAH MENENGAH KEBANGSAAN BANTING,"TELOK DATOK, KUALA LANGAT",42700,BANTING,PPD KUALA LANGAT,SMK,2.820729,101.52874,
BEA1073,SEKOLAH MENENGAH KEBANGSAAN BANDAR BANTING,PERSIARAN MAJLIS,42700,BANTING,PPD KUALA LANGAT,SMK,2.803085,101.50261,
BEA1074,SEKOLAH MENENGAH SAINS BANTING,"JALAN SULTAN SULEIMAN SHAH , JUGRA",42700,BANTING,PPD KUALA LANGAT,SBP,2.827408,101.446504,
BEB1073,SEKOLAH MENENGAH KEBANGSAAN SUNGAI MANGGIS,KAMPUNG SUNGAI MANGGIS,42700,BANTING,PPD KUALA LANGAT,SMK,2.826244,101.536914,
BFT1001,SAM UNWANUS SAADAH,"KM. 39, KANCHONG DARAT",42700,BANTING,PPD KUALA LANGAT,SM Agama (SM Agama (SABK)),2.780161,101.47099,
BFT1002,SAMT TENGKU AMPUAN RAHIMAH,SUNGAI MANGGIS,42700,BANTING,PPD KUALA LANGAT,SM Agama (SM Agama (SABK)),2.832592,101.532641,
BBA0009,SEKOLAH KEBANGSAAN SEMENTA,"BATU 6, JALAN KAPAR",42100,KLANG,PPD KLANG,SK,3.092975,101.384533,
BBA0010,SEKOLAH KEBANGSAAN KAPAR,"BATU 10 JALAN KAPAR, SELANGOR",42200,KAPAR,PPD KLANG,SK,3.134103,101.377176,
BBA0011,SEKOLAH KEBANGSAAN BUKIT KAPAR,"JALAN SETIA JAYA, KG BUKIT KAPAR",42200,KAPAR,PPD KLANG,SK,3.166437,101.424347,
BBA0012,SEKOLAH KEBANGSAAN SUNGAI BINJAI,"BATU 6, PEKAN MERU",41050,KLANG,PPD KLANG,SK,3.137499,101.438484,
BBA0014,SEKOLAH KEBANGSAAN TOK MUDA,JLN KG TOK MUDA,42200,KAPAR,PPD KLANG,SK,3.133931,101.345104,
BBA0019,SEKOLAH KEBANGSAAN SUNGAI SERDANG,"BT 13 1/2, JALAN KAPAR",42200,KAPAR,PPD KLANG,SK,3.149329,101.327528,
BBA0029,SEKOLAH KEBANGSAAN ABDUL SAMAT,"BATU 11, JALAN KAPAR",42200,KAPAR,PPD KLANG,SK,3.137807,101.371575,
BBA0030,SEKOLAH KEBANGSAAN MERU,PERSIARAN HAMZAH ALANG,42200,KAPAR,PPD KLANG,SK,3.138045,101.408216,
BBA0038,SEKOLAH KEBANGSAAN MERU (2),"JALAN PAIP, PEKAN MERU",41050,KLANG,PPD KLANG,SK,3.153299,101.460825,
BBA0039,SEKOLAH KEBANGSAAN SUNGAI KAPAR INDAH,"JLN SUNGAI KAPAR INDAH 6, TMN SUNGAI KAPAR INDAH",42200,KAPAR,PPD KLANG,SK,3.100036,101.38421,
BBA3030,SEKOLAH KEBANGSAAN BUKIT CERAKA,FELDA BUKIT CERAKA  KAPAR,42200,KAPAR,PPD KLANG,SK,3.203839,101.435125,
BBC0054,SEKOLAH JENIS KEBANGSAAN (CINA) SOO JIN,PEKAN KAPAR,42200,KAPAR,PPD KLANG,SJK(C),3.139819,101.37393,
BBC0055,SEKOLAH JENIS KEBANGSAAN (CINA) TIONG HUA KOK BIN,"PEKAN MERU, BATU 6, OFF JALAN MERU",41050,KLANG,PPD KLANG,SJK(C),3.135503,101.439103,
BBC0058,SEKOLAH JENIS KEBANGSAAN (CINA) YING WAH,"BATU 12, JALAN KAPAR",42200,KAPAR,PPD KLANG,SJK(C),3.145306,101.35067,
BBD0061,SEKOLAH JENIS KEBANGSAAN (TAMIL) LADANG BRAFFERTON,LADANG BRAFFERTON,42200,KAPAR,PPD KLANG,SJK(T),3.174271,101.347592,
BBD0075,SEKOLAH JENIS KEBANGSAAN (TAMIL) LADANG JALAN ACOB,LADANG JALAN ACOB,42200,KAPAR,PPD KLANG, SJK(T),3.160354,101.378681,
BBD0079,SEKOLAH JENIS KEBANGSAAN (TAMIL) METHODIST,JALAN BUKIT KAPAR,42200,KAPAR,PPD KLANG,SJK(T),3.143005,101.379108,
BBD0092,SEKOLAH JENIS KEBANGSAAN (TAMIL) LDG VALLAMBROSA,"BATU 7, JALAN KAPAR, KAPAR",42200,KLANG,PPD KLANG,SJK(T),3.100204,101.377677,
BEA0095,SEKOLAH MENENGAH KEBANGSAAN TENGKU IDRIS SHAH,JALAN TAP,42200,KAPAR,PPD KLANG,SMK,3.135741,101.376806,
BEA0100,SEKOLAH MENENGAH KEBANGSAAN RANTAU PANJANG,JALAN KAPAR,42100,KLANG,PPD KLANG,SMK,3.069369,101.410335,
BEA0101,SEKOLAH MENENGAH KEBANGSAAN (P) KAPAR,PERSIARAN HAMZAH ALANG,42200,KAPAR,PPD KLANG,SMK,3.135613,101.381053,
BEA0110,SEKOLAH MENENGAH KEBANGSAAN SUNGAI KAPAR INDAH,"JALAN HARAPAN 3A, TAMAN SUNGAI KAPAR INDAH",42200,"KAPAR, KLANG",PPD KLANG,SMK,3.098388,101.375836,
BEA0114,SEKOLAH MENENGAH KEBANGSAAN BUKIT KAPAR,"LOT 5274 & 5275 JALAN ABDUL WAHID, DESA BUKIT PERMATA, KU11 BUKIT KAPAR",42200,KAPAR,PPD KLANG,SMK,3.162816,101.409756,
BEB0110,SEKOLAH MENENGAH KEBANGSAAN MERU,"BATU 7, PEKAN MERU",41050,KLANG,PPD KLANG,SM + SR (Model Khas),3.139622,101.439746,
BFT0003,SAM NURUL IMAN,KAMPUNG BUKIT CHERAKAH,41050,KLANG,PPD KLANG,SM Agama (SM Agama (SABK)),3.178421,101.454711,
BBA0004,SEKOLAH KEBANGSAAN TELOK MENEGON,"BATU 3, JALAN KOTA RAJA",41000,KLANG,PPD KLANG,SK,3.031078,101.475631,
BBA0005,SEKOLAH KEBANGSAAN BUKIT NAGA,"BATU 6, KG. BUKIT NAGA, SEKSYEN 32",40460,SHAH ALAM,PPD KLANG,SK,3.003152,101.504567,
BBA0006,SEKOLAH KEBANGSAAN JALAN KEBUN,"BATU 7 1/2 JALAN KEBUN, SEKSYEN 30",40460,SHAH ALAM,PPD KLANG,SK,2.973031,101.518007,
BBA0015,SEKOLAH KEBANGSAAN BUKIT KUDA,JALAN LANDASAN,41300,KLANG,PPD KLANG,SK,3.045835,101.461191,
BBA0033,SEKOLAH KEBANGSAAN KAMPUNG JAWA,"JALAN KOTA RAJA, KAMPUNG JAWA",41000,KLANG,PPD KLANG,SK,3.026465,101.463111,
BBA0037,SEKOLAH KEBANGSAAN BUKIT KEMUNING 2,"LOT N0 4, JALAN ANGGERIK DORITIS 31/143",40460,SHAH ALAM,PPD KLANG,SK,2.983893,101.54097,
BBA0040,SEKOLAH KEBANGSAAN KOTA KEMUNING,"JALAN ANGGERIK ARANDA 31/8, KOTA KEMUNING",40460,SHAH ALAM,PPD KLANG,SK,2.996389,101.547397,
BBA0041,SEKOLAH KEBANGSAAN KAMPUNG JAWA 2,JALAN KOTA RAJA,41000,KLANG,PPD KLANG,SK,3.024501,101.466222,
BBA0043,SEKOLAH KEBANGSAAN BUKIT RIMAU,"11 PERSIARAN SUNGAI SELANGOR, SEKSYEN 32",40460,SHAH ALAM,PPD KLANG,SK,2.992115,101.527004,
BBB0027,SEKOLAH KEBANGSAAN CONVENT (1),112 JALAN TENGKU KELANA,41000,KLANG,PPD KLANG,SK,3.037693,101.444869,
BBB0028,SEKOLAH KEBANGSAAN CONVENT (2),"112, JALAN TENGKU KELANA",41000,KLANG,PPD KLANG,SK,3.037763,101.444896,
BBB0036,SEKOLAH KEBANGSAAN PEREMPUAN BUKIT KUDA,JALAN LANDASAN,41300,KLANG,PPD KLANG,SK,3.045911,101.459881,
BBC0040,SEKOLAH JENIS KEBANGSAAN (CINA) PEREMPUAN,"95A, JALAN KOTA RAJA",41000,KLANG,PPD KLANG,SJK(C),3.038623,101.453753,
BBC0042,SEKOLAH JENIS KEBANGSAAN (CINA) CHUNG HUA,"NO1A, PERSIARAN ANGGERIK ERIA, SEC 31, KOTA KEMUNING",40460,SHAH ALAM,PPD KLANG,SJK(C),2.988307,101.534036,
BBC0046,SEKOLAH JENIS KEBANGSAAN (CINA) KHE BENG,"PERSIARAN KEMUNING PRIMA, SEKSYEN 32",40460,KLANG,PPD KLANG,SJK(C),3.016968,101.528279,
BBC0051,SEKOLAH JENIS KEBANGSAAN (CINA) PIN HWA (1),"2, PERSIARAN SETIA MURNI,SETIA ALAM, SEKSYEN U13",40170,SHAH ALAM,PPD KLANG,SJK(C),3.114023,101.450963,
BBC0059,SEKOLAH JENIS KEBANGSAAN (CINA) PIN HWA (2),P.T. 51544 AMAN PERDANA,41050,KLANG,PPD KLANG,SJK(C),3.097844,101.407168,
BBC0060,SEKOLAH JENIS KEBANGSAAN (CINA) TAMAN RASHNA,JALAN BATU TIGA LAMA,41300,KLANG,PPD KLANG,SJK(C),3.054553,101.472996,
BBD0060,SEKOLAH JENIS KEBANGSAAN (TAMIL) LADANG BATU AMPAT,JALAN KOTA RAJA,41000,KLANG,PPD KLANG,SJK(T),3.011209,101.487634,
BBD0072,SEKOLAH JENIS KEBANGSAAN (TAMIL) LADANG EMERALD,"BATU 8, JALAN KAMPUNG JAWA",42450,KLANG,PPD KLANG,SJK(T),3.018031,101.534369,
BBD0093,SEKOLAH JENIS KEBANGSAAN (TAMIL) TAMAN SENTOSA,"LORONG HULUBALANG, 10D/KS 07, TAMAN SENTOSA",41200,KLANG,PPD KLANG,SJK(T),2.996349,101.482319,
BEA0096,SEKOLAH MENENGAH KEBANGSAAN SULTAN ABDUL SAMAD,"JALAN LANDASAN, BUKIT KUDA",41300,KLANG,PPD KLANG,SMK,3.045627,101.458961,
BEA0099,KOLEJ TINGKATAN ENAM SRI ISTANA,JALAN ISTANA,41000,KLANG,PPD KLANG,Kolej Tingkatan 6,3.034432,101.447164,
BEA0105,SEKOLAH MENENGAH KEBANGSAAN JALAN KEBUN,BATU 7 JALAN KEBUN SEKSYEN 32,40460,SHAH ALAM,PPD KLANG,SMK,2.981325,101.507875,
BEA0106,SEKOLAH MENENGAH KEBANGSAAN KAMPUNG JAWA,JALAN RAJA NONG,41000,KLANG,PPD KLANG,SMK,3.025925,101.464735,
BEA0108,SEKOLAH MENENGAH KEBANGSAAN KOTA KEMUNING,"LOT 4, JLN ANGGERIK DORITIS 31/143, KOTA KEMUNING",40460,SHAH ALAM,PPD KLANG,SMK,2.9848,101.540916,
BEA0111,SEKOLAH MENENGAH KEBANGSAAN SHAHBANDARAYA,JALAN RAJA NONG,41000,KLANG,PPD KLANG,SMK,3.024135,101.464591,
BEB0100,SEKOLAH MENENGAH JENIS KEBANGSAAN CHUNG HWA,"1, JALAN NAGASARI 36/10, SEKSYEN 36",40470,SHAH ALAM,PPD KLANG,SMK,3.024236,101.487304,
BEB0101,SEKOLAH MENENGAH KEBANGSAAN CONVENT,"112, JALAN TENGKU KELANA",41000,KLANG,PPD KLANG,SMK,3.038405,101.44483,
BEB0106,SEKOLAH MENENGAH KEBANGSAAN (P) BUKIT KUDA,JALAN PERAK,41300,KLANG,PPD KLANG,SMK,3.0447,101.457467,
BRA0001,KOLEJ ISLAM SULTAN ALAM SHAH,"JALAN KOTA RAJA, KAMPUNG JAWA",41906,KLANG,PPD KLANG,SMBP,3.034815,101.452316,
BBA5002,SEKOLAH KEBANGSAAN BATANG KALI,JALAN ULU YAM BHARU,44300,BATANG KALI,PPD HULU SELANGOR,SK,3.468095889,101.6447128,
BBA5003,SEKOLAH KEBANGSAAN RASA,KAMPUNG SEKOLAH,44200,RASA,PPD HULU SELANGOR,SK,3.501628,101.634909,
BBA5009,SEKOLAH KEBANGSAAN KUALA KUBU BHARU,JALAN SEKOLAH,44000,KUALA KUBU BHARU,PPD HULU SELANGOR,SK,3.563492896,101.6526607,
BBA5016,SEKOLAH KEBANGSAAN TUN ABDUL RAZAK,JALAN PADANG GOLF,44000,KUALA KUBU BHARU,PPD HULU SELANGOR,SK (Asli),3.571514,101.656341,
BBA5024,SEKOLAH KEBANGSAAN AMPANG PECAH,"LOT 1817, JALAN HAMZAH",44000,KUALA KUBU BHARU,PPD HULU SELANGOR,SK,3.54232,101.662273,
BBA5025,SEKOLAH KEBANGSAAN BANDAR BARU BATANG KALI,JALAN ULU YAM BHARU,44300,BATANG KALI,PPD HULU SELANGOR,SK,3.459212,101.654313,
BBA5031,SEKOLAH KEBANGSAAN ANTARA GAPI,"JALAN GAPI 1A, ANTARA GAPI",48200,SERENDAH,PPD HULU SELANGOR,SK,3.422072,101.630251,
BBB5021,SEKOLAH KEBANGSAAN KUALA KUBU BHARU SATU,JALAN RASATHURAI,44000,KUALA KUBU BHARU,PPD HULU SELANGOR,SK,3.567386,101.658013,
BBB5023,SEKOLAH KEBANGSAAN KUALA KUBU BHARU DUA,JALAN RASATHURAI,44000,KUALA KUBU BHARU,PPD HULU SELANGOR,SK,3.56817,101.657818,
BBC5023,SEKOLAH JENIS KEBANGSAAN (CINA) BATANG KALI,KAMPUNG BUKIT CHANDANG,44300,BATANG KALI,PPD HULU SELANGOR,SJK(C),3.462562,101.639021,
BBC5028,SEKOLAH JENIS KEBANGSAAN (CINA) BUKIT FRASER,JALAN PADANG,49000,BUKIT FRASER,PPD HULU SELANGOR,SJK(C),3.706963,101.73749,
BBC5032,SEKOLAH JENIS KEBANGSAAN (CINA) KHING MING,JALAN SEKOLAH,44000,KUALA KUBU BHARU,PPD HULU SELANGOR,SJK(C),3.562329,101.654726,
BBC5035,SEKOLAH JENIS KEBANGSAAN (CINA) RASA,JALAN KUALA KALI,44200,RASA,PPD HULU SELANGOR,SJK(C),3.495427,101.631965,
BBD5041,SEKOLAH JENIS KEBANGSAAN (TAMIL) LADANG BATANG KALI,LADANG BATANG KALI,44300,BATANG KALI,PPD HULU SELANGOR,SJK(T),3.466978,101.649848,
BBD5045,SEKOLAH JENIS KEBANGSAAN (TAMIL) KUALA KUBU BHARU,JALAN DATO' BALAI,44000,KUALA KUBU BHARU,PPD HULU SELANGOR,SJK(T),3.565196,101.659068,
BEA5061,SEKOLAH MENENGAH KEBANGSAAN KUALA KUBU BHARU,JALAN KOLAM AIR,44000,KUALA KUBU BHARU,PPD HULU SELANGOR,SMK,3.569236,101.663639,
BEA5068,SEKOLAH MENENGAH KEBANGSAAN AMPANG PECAH,JALAN HAMZAH,44000,KUALA KUBU BHARU,PPD HULU SELANGOR,SMK,3.541757,101.663213,
BEA5069,SEKOLAH MENENGAH KEBANGSAAN BANDAR BARU BATANG KALI,"SEKSYEN 3, BANDAR UTAMA BATANG KALI",44300,BATANG KALI,PPD HULU SELANGOR,SMK,3.458035,101.653516,
BEB5066,SEKOLAH MENENGAH KEBANGSAAN DATO' HJ KAMARUDDIN,JALAN RASATHURAI,44000,KUALA KUBU BHARU,PPD HULU SELANGOR,SMK,3.566785,101.658517,
BFT5002,SAMT KUALA KUBU BHARU,JALAN PAHANG,44000,KUALA KUBU BHARU,PPD HULU SELANGOR,SM  Agama (SM Agama (SABK),3.558456,101.643629,
BBA3012,SEKOLAH KEBANGSAAN TANJUNG KERAMAT,JALAN KERAMAT TANJUNG,45000,KUALA SELANGOR,PPD KUALA SELANGOR,SK,3.345648,101.244313,
BBA3013,SEKOLAH KEBANGSAAN BKT BELIMBING,"JALAN RAJA MUSA , KG. BUKIT BELIMBING",45000,KUALA SELANGOR,PPD KUALA SELANGOR,SK,3.384557,101.269233,
BBA3014,SEKOLAH KEBANGSAAN KUALA SELANGOR,"SIMPANG 4, KAMPONG PERMATANG",45000,KUALA SELANGOR,PPD KUALA SELANGOR,SK,3.3655657,101.248738,
BBA3025,SEKOLAH KEBANGSAAN SUNGAI TERAP,"BATU 4, JALAN BERNAM",45500,TANJONG KARANG,PPD KUALA SELANGOR,SK,3.389634,101.222259,
BBA3031,SEKOLAH KEBANGSAAN BANDAR BARU,JALAN MELUR,45000,KUALA SELANGOR,PPD KUALA SELANGOR,SK,3.326959,101.258133,
BBB3030,SEKOLAH KEBANGSAAN SULTAN ABDUL AZIZ,JALAN KELAB,45600,BATANG BERJUNTAI,PPD KUALA SELANGOR,SK,3.358823,101.302225,
BBC3034,SEKOLAH JENIS KEBANGSAAN (CINA) AIK THEE,JALAN KERAMAT TANJUNG,45000,KUALA SELANGOR,PPD KUALA SELANGOR,SJK(C),3.346496,101.243335,
BBC3038,SEKOLAH JENIS KEBANGSAAN (CINA) KHAI TEE,PASIR PENAMBANG,45000,KUALA SELANGOR,PPD KUALA SELANGOR,SJK(C),3.355488,101.252121,
BBC3042,SEKOLAH JENIS KEBANGSAAN (CINA) PUI CHI,JALAN KLANG,45700,BUKIT ROTAN,PPD KUALA SELANGOR,SJK(C),3.30042,101.287995,
BBD3060,SEKOLAH JENIS KEBANGSAAN (TAMIL) LADANG SUNGAI TERAP,LADANG SUNGAI TERAP,45000,KUALA SELANGOR,PPD KUALA SELANGOR,SJK(T),3.391688,101.220848,
BBD3061,SEKOLAH JENIS KEBANGSAAN (TAMIL) LDG KUALA SELANGOR,"KM. 1.6, LADANG KUALA SELANGOR",45700,BUKIT ROTAN,PPD KUALA SELANGOR,SJK(T),3.310045,101.307141,
BBD3064,SEKOLAH JENIS KEBANGSAAN (TAMIL) LDG RAJA MUSA,LADANG RAJA MUSA,45000,KUALA SELANGOR,PPD KUALA SELANGOR,SJK(T),3.413548,101.281859,
BBD3066,SEKOLAH JENIS KEBANGSAAN (TAMIL) LDG RIVERSIDE,BUKIT BELIMBING,45000,KUALA SELANGOR,PPD KUALA SELANGOR,SJK(T),3.397321,101.27588,
BBD3069,SEKOLAH JENIS KEBANGSAAN (TAMIL) LDG SG BULOH,LADANG SUNGAI BULOH,45700,KUALA SELANGOR,PPD KUALA SELANGOR,SJK(T),3.312151,101.31419,
BBD3073,SEKOLAH JENIS KEBANGSAAN (TAMIL) VAGEESAR,JALAN TANJONG KERAMAT,45000,KUALA SELANGOR,PPD KUALA SELANGOR,SJK(T),3.341669,101.243359,
BEA3074,SEKOLAH MENENGAH KEBANGSAAN SERI TANJUNG,JALAN TANJONG KERAMAT,45000,KUALA SELANGOR,PPD KUALA SELANGOR,SMK,3.346086,101.242524,
BEA3082,SEKOLAH MENENGAH KEBANGSAAN PENGKALAN PERMATANG,PASIR PENAMBANG,45000,KUALA SELANGOR,PPD KUALA SELANGOR,SMK,3.363038,101.24656,
BEA3083,SEKOLAH MENENGAH SAINS KUALA SELANGOR,"JALAN PENDIDIKAN,  BANDAR MALAWATI",45000,KUALA SELANGOR,PPD KUALA SELANGOR,SMBP,3.323484,101.258073,
BEA3086,SEKOLAH MENENGAH KEBANGSAAN KUALA SELANGOR,"KM1, JALAN RAWANG",45000,KUALA SELANGOR,PPD KUALA SELANGOR,SMK,3.322841,101.270377,
BEB3078,KOLEJ TINGKATAN 6 SULTAN ABDUL AZIZ,JALAN DATO' HAMZAH,45000,KUALA SELANGOR,PPD KUALA SELANGOR,Kolej Tingkatan 6,3.342975,101.244099,
BRA3001,SEKOLAH MENENGAH KEBANGSAAN AGAMA KUALA SELANGOR,PASIR PENAMBANG,45000,KUALA SELANGOR,PPD KUALA SELANGOR,SMK Agama,3.360923,101.245109,
BBA7206,SEKOLAH KEBANGSAAN KEPONG,INSTITUT PENYELIDIKAN PERHUTANAN MALAYSIA(FRIM),52100,KUALA LUMPUR,PPD GOMBAK,SK,3.230748,101.635006,
BBA7208,SEKOLAH KEBANGSAAN KUANG,"KM 28, JALAN KUANG",48050,RAWANG,PPD GOMBAK,SK,3.229848,101.535407,
BBA7209,SEKOLAH KEBANGSAAN SG SERAI,KUANG,48050,RAWANG,PPD GOMBAK,SK,3.281175,101.547384,
BBA7210,SEKOLAH KEBANGSAAN SG PELONG,SUNGAI PELONG,47000,SUNGAI BULOH,PPD GOMBAK,SK,3.208635,101.541153,
BBA7212,SEKOLAH KEBANGSAAN SG BULUH,SUNGAI BULOH,47000,SUNGAI BULOH,PPD GOMBAK,SK,3.215404,101.5787,
BBA7213,SEKOLAH KEBANGSAAN TAMAN EHSAN,"JALAN  25 ,  DESA  JAYA",52100,KUALA  LUMPUR,PPD GOMBAK,SK,3.219831,101.630681,
BBA7219,SEKOLAH KEBANGSAAN SELAYANG JAYA,JALAN SJ 24 TAMAN SELAYANG JAYA,68100,BATU CAVES,PPD GOMBAK,SK,3.237641,101.648749,
BBA7225,SEKOLAH KEBANGSAAN SELAYANG UTAMA,"JALAN SU40, TAMAN SELAYANG UTAMA",68100,BATU CAVES,PPD GOMBAK,SK,3.236675,101.641142,
BBA7233,SEKOLAH KEBANGSAAN BUKIT RAHMAN PUTRA,BUKIT RAHMAN PUTRA,47000,SUNGAI BULOH,PPD GOMBAK,SK,3.227223,101.552493,
BBA7234,SEKOLAH KEBANGSAAN SERI KUNDANG,KG MELAYU SERI KUNDANG,48020,RAWANG,PPD GOMBAK,SK,3.256113,101.521383,
BBA7239,SEKOLAH KEBANGSAAN DESA AMANPURI,"PERSIARAN PERDANA , KEPONG",52100,KUALA LUMPUR,PPD GOMBAK,SK,3.217878,101.614588,
BBA8207,SEKOLAH KEBANGSAAN MERBAU SEMPAK,MERBAU SEMPAK,47000,SUNGAI BULOH,PPD GOMBAK,SK,3.217407,101.512103,
BBA8226,SEKOLAH KEBANGSAAN BANDAR BARU SUNGAI BULOH,BANDAR BARU SUNGAI BULOH,47000,SUNGAI BULOH,PPD GOMBAK,SK,3.208375,101.562752,
BBC7403,SEKOLAH JENIS KEBANGSAAN (CINA) KUANG,KAMPUNG BARU KUANG,48050,RAWANG,PPD GOMBAK,SJK(C),3.255637,101.554096,
BBC7407,SEKOLAH JENIS KEBANGSAAN (CINA) DESA JAYA,KEPONG,52100,SELANGOR,PPD GOMBAK,SJK(C),3.216628,101.625497,
BBD7453,SEKOLAH JENIS KEBANGSAAN (TAMIL) KUANG,KUANG,48050,RAWANG,PPD GOMBAK,SJK(T),3.256246,101.550505,
BBD7454,SEKOLAH JENIS KEBANGSAAN (TAMIL) BUKIT DARAH,JALAN KUALA SELANGOR,47000,SUNGAI BULOH,PPD GOMBAK,SJK(T),3.2203,101.503539,
BBD8457,SEKOLAH JENIS KEBANGSAAN (TAMIL) SARASWATHY,SUNGAI BULOH,47000,SUNGAI BULOH,PPD GOMBAK,SJK(T),3.208286,101.577083,
BEA7604,SEKOLAH MENENGAH KEBANGSAAN TAMAN EHSAN,"E3/4 TAMAN EHSAN KEPONG, SELANGOR",52100,KUALA LUMPUR,PPD GOMBAK,SMK,3.222395,101.623458,
BEA7609,SEKOLAH MENENGAH KEBANGSAAN IDEAL HEIGHTS,JLN BUKIT IDAMAN,68100,BATU CAVES,PPD GOMBAK,SMK,3.248801,101.641722,
BEA7619,SEKOLAH MENENGAH KEBANGSAAN BUKIT RAHMAN PUTRA,"JALAN BRP 7/1, BUKIT RAHMAN PUTRA",47000,SUNGAI BULOH,PPD GOMBAK,SMK,3.230133,101.555353,
BEA7620,SEKOLAH MENENGAH KEBANGSAAN SERI KUNDANG,KAMPUNG MELAYU SRI KUNDANG,48020,RAWANG,PPD GOMBAK,SMK,3.25556,101.520819,
BEA7622,SEKOLAH MENENGAH KEBANGSAAN SIERRAMAS,JALAN HOSPITAL,47000,SUNGAI BULOH,PPD GOMBAK,SMK,3.214314,101.580205,
BEA8605,SEKOLAH MENENGAH KEBANGSAAN BUKIT GADING,"KM. 26, SG. PLONG",47000,SUNGAI BULOH,PPD GOMBAK,SMK,3.214173,101.529713,
BEA8620,SEKOLAH MENENGAH KEBANGSAAN BANDAR BARU SUNGAI BULOH,"JALAN BRP 1/10A, BANDAR BARU SUNGAI BULOH",47000,SUNGAI BULOH,PPD GOMBAK,SMK,3.206759,101.561602,
BEB7651,SEKOLAH MENENGAH KEBANGSAAN KEPONG,"JALAN FRIM,KEPONG",52100,KUALA LUMPUR,PPD GOMBAK,SMK,3.225578,101.635392,
BFT8001,SAM PAYA JARAS,PERSIARAN ELMINA,47000,SUNGAI BULOH,PPD GOMBAK,SM Agama (SABK),3.209359,101.502504,
BHA8002,KOLEJ VOKASIONAL SUNGAI BULOH,KM 22 JALAN KUALA SELANGOR,47000,SUNGAI BULOH,PPD GOMBAK,KV,3.205866,101.544555,
BBA6003,SEKOLAH KEBANGSAAN SIMPANG LIMA,SIMPANG LIMA,45300,SUNGAI BESAR,PPD SABAK BERNAM,SK,3.618406,101.058786,
BBA6011,SEKOLAH KEBANGSAAN PARIT 13,JALAN PARIT 13 BAN 2 SUNGAI NIBONG,45400,SEKINCHAN,PPD SABAK BERNAM,SK,3.620446,101.085477,
BBA6028,SEKOLAH KEBANGSAAN SG LEMAN,TALI AIR 7,45400,SEKINCHAN,PPD SABAK BERNAM,SK,3.532957,101.088181,
BBA6029,SEKOLAH KEBANGSAAN PARIT 9,JALAN PARIT 9,45400,SEKINCHAN,PPD SABAK BERNAM,SK,3.562897,101.10584,
BBA6030,SEKOLAH KEBANGSAAN PASIR PANJANG,JALAN SEKOLAH,45400,SEKINCHAN,PPD SABAK BERNAM,SK,3.566766,101.072778,
BBA6031,SEKOLAH KEBANGSAAN SUNGAI NIBONG,JALAN PARIT 12,45400,SEKINCHAN,PPD SABAK BERNAM,SK,3.598559,101.072077,
BBB6030,SEKOLAH KEBANGSAAN SERI SEKINCHAN,JALAN  PARIT  6,45400,SEKINCHAN,PPD SABAK BERNAM,SK,3.510993,101.100959,
BBC6038,SEKOLAH JENIS KEBANGSAAN (CINA) YOKE KUAN,JALAN GEREJA,45400,SEKINCHAN,PPD SABAK BERNAM,SJK(C),3.510263,101.104313,
BBC6039,SEKOLAH JENIS KEBANGSAAN (CINA) KIAN SIT,LORONG 3  SITE A,45400,SEKINCHAN,PPD SABAK BERNAM,SJK(C),3.526446,101.14116,
BEA6601,SEKOLAH MENENGAH KEBANGSAAN DATO MUSTAFFA,"JALAN SEKOLAH, PASIR PANJANG",45400,SEKINCHAN,PPD SABAK BERNAM,SMK,3.566551,101.07197,
BEB6047,SEKOLAH MENENGAH KEBANGSAAN YOKE KUAN,JALAN SEKOLAH,45400,SEKINCHAN,PPD SABAK BERNAM,SMK,3.512231,101.103417,
BFT6004,SAM PASIR PANJANG,TALI AIR 10 PASIR PANJANG,45400,SEKINCHAN,PPD SABAK BERNAM,SM Agama (SABK),3.502906,101.10094,
BRA6002,SEKOLAH MENENGAH KEBANGSAAN AGAMA TUN RAHAH,"JALAN SG. NIPAH BAROH, SIMPANG LIMA",45300,SUNGAI BESAR,PPD SABAK BERNAM,SMK Agama,3.615836,101.051382,
BBA0003,SEKOLAH KEBANGSAAN PELABUHAN KELANG,JALAN SEKOLAH,42000,PELABUHAN KLANG,PPD KLANG,SK,3.000438,101.400708,
BBA0013,SEKOLAH KEBANGSAAN PULAU INDAH,"JALAN DATO' HARUN, PULAU INDAH",42920,PELABUHAN KLANG,PPD KLANG,SK,2.935011,101.318848,
BBA0016,SEKOLAH KEBANGSAAN KG RAJA UDA,"JALAN KENANGA, KG RAJA UDA",42000,PELABUHAN KLANG,PPD KLANG,SK,3.016993,101.409388,
BBA0017,SEKOLAH KEBANGSAAN PANDAMARAN JAYA,"JALAN 12, PANDAMARAN JAYA",42000,PELABUHAN KLANG,PPD KLANG,SK,3.006152,101.423006,
BBA0021,SEKOLAH KEBANGSAAN KG PENDAMAR,KAMPUNG PENDAMAR,41200,KLANG,PPD KLANG,SK,2.979072,101.4299913,
BBA0022,SEKOLAH KEBANGSAAN TELOK GONG,"KG NELAYAN, TELOK GONG",42000,PELABUHAN KLANG,PPD KLANG,SK,2.964471,101.385376,
BBA0028,SEKOLAH KEBANGSAAN PELABUHAN UTARA,BANDAR BARU SULTAN SULEIMAN,42000,PELABUHAN KLANG,PPD KLANG,SK,3.032274,101.379941,
BBA0031,SEKOLAH KEBANGSAAN KAMPUNG IDAMAN,JALAN IDAMAN 17,42000,PELABUHAN KLANG,PPD KLANG,SK,2.99336,101.427333,
BBA0042,SEKOLAH KEBANGSAAN PULAU INDAH (2),"BANDAR ARMADA PUTRA, PULAU INDAH",42920,PELABUHAN KLANG,PPD KLANG,SK,2.9785843,101.3450595,
BBB0032,SEKOLAH KEBANGSAAN METHODIST,JALAN ORKID,42000,PELABUHAN KLANG,PPD KLANG,SK,3.01439,101.407129,
BBB0034,SEKOLAH KEBANGSAAN ( 1 ) TENGKU BENDAHARA AZMAN,"LORONG SABAH, PANDAMARAN",42000,PELABUHAN KLANG,PPD KLANG,SK,3.008919,101.408553,
BBB0035,SEKOLAH KEBANGSAAN (2 )TENGKU BENDAHARA AZMAN,"LORONG SABAH, PANDAMARAN",42000,PELABUHAN KLANG,PPD KLANG,SK,3.00905,101.408174,
BBB0039,SEKOLAH KEBANGSAAN ST ANNE'S CONVENT,PERSIARAN RAJA MUDA MUSA,42000,PELABUHAN KLANG,PPD KLANG,SK,3.008753,101.404338,
BBC0044,SEKOLAH JENIS KEBANGSAAN (CINA) HWA LIEN,"JALAN SEKOLAH,PULAU KETAM",42940,PELABUHAN KLANG,PPD KLANG,SJK(C),3.022765,101.254127,
BBC0045,SEKOLAH JENIS KEBANGSAAN (CINA) KENG CHEE,"BAGAN TEOCHEW,PULAU KETAM",42940,PELABUHAN KLANG,PPD KLANG,SJK(C),3.019797,101.244869,
BBC0048,SEKOLAH JENIS KEBANGSAAN (CINA) LEE MIN,KAMPUNG TELOK GONG,42000,PELABUHAN KLANG,PPD KLANG,SJK(C),2.959532,101.388833,
BBC0049,SEKOLAH JENIS KEBANGSAAN (CINA) PANDAMARAN 'A',JALAN BESAR,42000,PELABUHAN KLANG,PPD KLANG,SJK(C),3.006638,101.412134,
BBC0050,SEKOLAH JENIS KEBANGSAAN (CINA) PANDAMARAN 'B',JALAN YOUNG PANDAMARAN,42000,PELABUHAN KLANG,PPD KLANG,SJK(C),3.011829,101.419875,
BBC0053,SEKOLAH JENIS KEBANGSAAN (CINA) SIN BIN,"SUNGAI LIMA, PULAU KETAM",42940,PELABUHAN KLANG,PPD KLANG,SJK(C),3.040725,101.277199,
BBC0056,SEKOLAH JENIS KEBANGSAAN (CINA) TSHING NIAN,"25, JALAN TENGKU BADAR",42000,PELABUHAN KLANG,PPD KLANG,SJK(C),3.006591,101.39654,
BBC0057,SEKOLAH JENIS KEBANGSAAN (CINA) WU TECK,"PERSIARAN DELIMA 3, BANDAR PARKLANDS",41200,KLANG,PPD KLANG,SJK(C),2.96853,101.4514,
BBD0077,SEKOLAH JENIS KEBANGSAAN (TAMIL) PERSIARAN RAJA MUDA MUSA,JALAN PERSIARAN RAJA MUDA MUSA,42000,PELABUHAN KLANG,PPD KLANG,SJK(T),3.001161,101.401868,
BEA0092,SEKOLAH MENENGAH KEBANGSAAN RAJA LUMU,"JALAN RAJA LUMU, PANDAMARAN",42000,PELABUHAN KLANG,PPD KLANG,SMK,3.015014,101.415458,
BEA0094,SEKOLAH MENENGAH KEBANGSAAN TENGKU AMPUAN JEMAAH,JALAN PANDAMARAN,42000,PELABUHAN KLANG,PPD KLANG,SMK,3.006028,101.406949,
BEA0097,SEKOLAH MENENGAH KEBANGSAAN PULAU INDAH,"LOT 79478, PERSIARAN PULAU LUMUT KM12, SEKSYEN 10",42920,PULAU INDAH,PPD KLANG,SMK,2.944125,101.353623,
BEA0102,SEKOLAH MENENGAH KEBANGSAAN PENDAMARAN JAYA,"JALAN YOUNG, PANDAMARAN",42000,PELABUHAN KLANG,PPD KLANG,SMK,3.006132,101.421841,
BEA0109,SEKOLAH MENENGAH KEBANGSAAN BANDAR BARU SULTAN SULEIMAN,LEBUH SULTAN ABDUL SAMAD,42000,PELABUHAN KLANG,PPD KLANG,SMK,3.029238,101.381565,
BEB0108,SEKOLAH MENENGAH KEBANGSAAN DATO HAMZAH,JALAN PANDAMARAN,42000,PELABUHAN KLANG,PPD KLANG,SMK,3.007626,101.407617,
BEB0109,SEKOLAH MENENGAH KEBANGSAAN (P) RAJA ZARINA,PERSIARAN RAJA MUDA MUSA,42000,PELABUHAN KLANG,PPD KLANG,SMK,3.011756,101.409796,
BEB0111,SEKOLAH MENENGAH KEBANGSAAN PULAU KETAM,"PULAU KETAM, PELABUHAN KLANG",42940,PELABUHAN KLANG,PPD KLANG,SMK,3.022638,101.253705,
BBA8101,SEKOLAH KEBANGSAAN TAMAN DATO HARUN (2),"KM12, TAMAN DATO' HARUN, JALAN KLANG LAMA",46000,PETALING JAYA,PPD PETALING UTAMA,SK,3.077245666,101.6359391,
BBA8102,SEKOLAH KEBANGSAAN KELANA JAYA (2),JLN SS 5/2,47301,PETALING JAYA,PPD PETALING UTAMA,SK,3.105779,101.607784,
BBA8106,SEKOLAH KEBANGSAAN TAMAN MEGAH,JALAN SS 26/2,47301,PETALING JAYA,PPD PETALING UTAMA,SK,3.116173,101.606793,
BBA8201,SEKOLAH KEBANGSAAN PETALING JAYA,LORONG MASJID I (3/69-I),46000,PETALING JAYA,PPD PETALING UTAMA,SK,3.088755,101.651947,
BBA8204,SEKOLAH KEBANGSAAN PUCHONG,JALAN MASJID BATU 14,47100,PUCHONG,PPD PETALING PERDANA,SK,2.996286,101.624551,
BBA8205,SEKOLAH KEBANGSAAN SERDANG,"JLN UTAMA, KOMPLEKS PERTANIAN SERDANG, U.P.M",43400,SERDANG,PPD PETALING PERDANA,SK,2.998783,101.70073,
BBA8209,SEKOLAH KEBANGSAAN SRI DAMAI,"JALAN17/13,SEKSYEN17",46400,PETALING JAYA,PPD PETALING UTAMA,SK,3.12167,101.63416,
BBA8210,SEKOLAH KEBANGSAAN TAMAN DATO' HARUN (SATU),"KM. 12, JALAN KLANG LAMA",46000,PETALING JAYA,PPD PETALING UTAMA,SK,3.077653,101.63597,
BBA8211,SEKOLAH KEBANGSAAN KELANA JAYA (1),"JLN. SS5/2, KELANA JAYA",47301,PETALING JAYA,PPD PETALING UTAMA,SK,3.105271,101.607623,
BBA8214,SEKOLAH KEBANGSAAN TAMAN SEA,JALAN SS 2/95,47300,PETALING JAYA,PPD PETALING UTAMA,SK,3.124168,101.626063,
BBA8218,SEKOLAH KEBANGSAAN SRI SERDANG,TAMAN SRI SERDANG,43300,SERI KEMBANGAN,PPD PETALING PERDANA,SK,3.013461,101.71819,
BBA8220,SEKOLAH KEBANGSAAN TAMAN MEDAN,"KM. 12, JALAN KLANG LAMA",46000,PETALING JAYA,PPD PETALING UTAMA,SK,3.078336,101.629993,
BBA8221,SEKOLAH KEBANGSAAN SRI KELANA,JLN SS 5B/3 PETALING JAYA,47301,PETALING JAYA,PPD PETALING UTAMA,SK,3.098663,101.605843,
BBA8228,SEKOLAH KEBANGSAAN TAMAN UNIVERSITI,"JALAN INDAH 1, TAMAN UNIVERSITI INDAH",43300,SERI KEMBANGAN,PPD PETALING PERDANA,SK,3.005023,101.690202,
BBA8229,SEKOLAH KEBANGSAAN PUCHONG JAYA,"JALAN MERAK, BANDAR PUCHONG JAYA",47170,PUCHONG,PPD PETALING PERDANA,SK,3.05715,101.626266,
BBA8235,SEKOLAH KEBANGSAAN PUCHONG PERDANA,"JALAN PERDANA 4/2, TAMAN PUCHONG PERDANA",47150,PUCHONG,PPD PETALING PERDANA,SK,3.004802,101.60177,
BBA8239,SEKOLAH KEBANGSAAN BUKIT KUCHAI,"JLN 17, TAMAN BUKIT KUCHAI",47100,PUCHONG,PPD PETALING PERDANA,SK,3.055703,101.635437,
BBA8249,SEKOLAH KEBANGSAAN PUCHONG UTAMA,JLN PU 12/1 TMN.PUCHONG UTAMA,47100,PUCHONG,PPD PETALING PERDANA,SK,2.989375,101.611361,
BBA8254,SEKOLAH KEBANGSAAN PUCHONG UTAMA 2,"JALAN PU9/5,TAMAN PUCHONG UTAMA",47100,PUCHONG,PPD PETALING PERDANA,SK,2.98167,101.613049,
BBA8255,SEKOLAH KEBANGSAAN SEKSYEN 1 BANDAR KINRARA,"JALAN BK 2/10, BANDAR KINRARA",47100,PUCHONG,PPD PETALING PERDANA,SK,3.054055,101.643605,
BBA8257,SEKOLAH KEBANGSAAN PUCHONG INDAH,"JALAN INDAH 2/1, PUCHONG INDAH",47100,PUCHONG,PPD PETALING PERDANA,SK,3.010969,101.606534,
BBA8258,SEKOLAH KEBANGSAAN PUSAT BANDAR PUCHONG (1),JALAN WAWASAN 2 PUSAT BANDAR PUCHONG,47160,PUCHONG,PPD PETALING PERDANA,SK,3.027503,101.621937,
BBA8262,SEKOLAH KEBANGSAAN SEKSYEN 2 BANDAR KINRARA,JLN BK 3/8 BANDAR KINRARA,47180,PUCHONG,PPD PETALING PERDANA,SK,3.051975,101.635926,
BBA8269,SEKOLAH KEBANGSAAN PUSAT BANDAR PUCHONG 2,JALAN PERSIARAN INDERA PUSAT BANDAR PUCHONG,47160,PUCHONG,PPD PETALING PERDANA,SK,3.027874,101.628018,
BBA8274,SEKOLAH KEBANGSAAN PUCHONG JAYA 2,JALAN TIONG,47170,PUCHONG,PPD PETALING PERDANA,SK,3.063963,101.623895,
BBA8279,SEKOLAH KEBANGSAAN PUCHONG UTAMA 3,"JALAN PU 1, TAMAN PUCHONG UTAMA",47100,PUCHONG,PPD PETALING PERDANA,SK,3.000973,101.61297,
BBA8280,SEKOLAH KEBANGSAAN TAMAN SUNGAI BESI INDAH,TAMAN SUNGAI BESI INDAH,43300,SERI KEMBANGAN,PPD PETALING PERDANA,SK,3.026011,101.722598,
BBA8284,SEKOLAH KEBANGSAAN TAMAN DESAMINIUM,"PERSIARAN DESAMINIUM 1, LESTARI PERDANA",43300,SERI KEMBANGAN,PPD PETALING PERDANA,SK,3.005567,101.660559,
BBA8286,SEKOLAH KEBANGSAAN SAUJANA PUCHONG,"JALAN SP1/1, SEKSYEN 1, SAUJANA PUCHONG",47110,PUCHONG,PPD PETALING PERDANA,SK,2.988333333,101.6391667,
BBB8301,SEKOLAH KEBANGSAAN ASSUNTA SATU,JALAN  ASSUNTA,46050,PETALING JAYA,PPD PETALING UTAMA,SK,3.092784,101.644583,
BBB8302,SEKOLAH KEBANGSAAN ASSUNTA (2),JALAN ASSUNTA 4/52,46050,PETALING JAYA,PPD PETALING UTAMA,SK,3.092605,101.645022,
BBB8303,SEKOLAH KEBANGSAAN (L) BUKIT BINTANG (1),"JALAN SUNGAI JERNIH 8/1, SEKSYEN 8",46050,PETALING JAYA,PPD PETALING UTAMA,SK,3.097664,101.635999,
BBB8304,SEKOLAH KEBANGSAAN (L) BUKIT BINTANG (2),JALAN SUNGAI JERNIH 8/1,46050,PETALING JAYA,PPD PETALING UTAMA,SK,3.097866,101.636571,
BBB8305,SEKOLAH KEBANGSAAN KAMPUNG TUNKU,JALAN SS 1/11,47300,PETALING JAYA,PPD PETALING UTAMA,SK,3.09847,101.619988,
BBB8306,SEKOLAH KEBANGSAAN LA SALLE PJ,JALAN GASING,46000,PETALING JAYA,PPD PETALING UTAMA,SK,3.1005,101.652714,
BBB8307,SEKOLAH KEBANGSAAN METHODIST PJ,JALAN 5/37,46000,PETALING JAYA,PPD PETALING UTAMA,SK,3.11022599,101.656153,
BBB8308,SEKOLAH KEBANGSAAN (1) PETALING JAYA,JALAN 1/10,46000,PETALING JAYA,PPD PETALING UTAMA,SK,3.085072,101.648324,
BBB8309,SEKOLAH KEBANGSAAN (2) PETALING JAYA,JALAN 1/10,46000,PETALING JAYA,PPD PETALING UTAMA,SK,3.084865,101.64897,
BBB8310,SEKOLAH KEBANGSAAN JALAN SELANGOR (SATU),"JALAN PADANG 4/48, JALAN SELANGOR",46050,PETALING JAYA,PPD PETALING UTAMA,SK,3.09153,101.645067,
BBB8311,SEKOLAH KEBANGSAAN (2) JALAN SELANGOR,4/48 JALAN PADANG,46050,PETALING JAYA,PPD PETALING UTAMA,SK,3.09153,101.644487,
BBB8312,SEKOLAH KEBANGSAAN SATU SULTAN ALAM SHAH,"JALAN BUKIT 11/2,  PETALING JAYA",46200,PETALING JAYA,PPD PETALING UTAMA,SK,3.111825,101.646986,
BBB8313,SEKOLAH KEBANGSAAN (2) SULTAN ALAM SHAH,JALAN BUKIT 11/2,46200,PETALING JAYA,PPD PETALING UTAMA,SK,3.111685,101.64742,
BBB8314,SEKOLAH KEBANGSAAN SRI PETALING,JALAN 12/15,46200,PETALING JAYA,PPD PETALING UTAMA,SK,3.109209,101.639823,
BBC8401,SEKOLAH JENIS KEBANGSAAN (CINA) CHEN MOH,JALAN 2/32,46000,PETALING JAYA,PPD PETALING UTAMA,SK,3.084978,101.643996,
BBC8403,SEKOLAH JENIS KEBANGSAAN (CINA) KUNG MAN,"BATU 11 ,SERDANG LAMA",43300,SERI KEMBANGAN,PPD PETALING PERDANA,SJK(C),3.015323,101.720713,
BBC8404,SEKOLAH JENIS KEBANGSAAN (CINA) HAN MING,"JALAN MASJID, BATU 14, KG BAHARU PUCHONG",47100,PUCHONG,PPD PETALING PERDANA,SJK(C),2.996667,101.62286,
BBC8405,SEKOLAH JENIS KEBANGSAAN (CINA) SERDANG BARU (1),JALAN SEKOLAH,43300,SERI KEMBANGAN,PPD PETALING PERDANA,SJK(C),3.025453,101.700773,
BBC8406,SEKOLAH JENIS KEBANGSAAN (CINA) SERDANG BARU (2),"JLN 6, TAMAN SERDANG JAYA",43300,SERI KEMBANGAN,PPD PETALING PERDANA,SJK(C),3.012936,101.70935,
BBC8410,SEKOLAH JENIS KEBANGSAAN (CINA) YAK CHEE,BATU 8 KUCHAI PUCHONG,47190,PUCHONG,PPD PETALING PERDANA,SJK(C),3.056043,101.642063,
BBC8411,SEKOLAH JENIS KEBANGSAAN (CINA) YUK CHAI,JLN SS24/1 TAMAN MEGAH,47301,PETALING JAYA,PPD PETALING UTAMA,SJK(C),3.117208,101.607006,
BBC8412,SEKOLAH JENIS KEBANGSAAN (CINA) YUK CHYUN,BT 6 1/2 JLN KLANG LAMA,46000,PETALING JAYA,PPD PETALING UTAMA,SJK(C),3.077795,101.652841,
BBC8413,SEKOLAH JENIS KEBANGSAAN (CINA) PUAY CHAI,JLN SS 2/54,47300,PETALING JAYA,PPD PETALING UTAMA,SJK(C),3.116747,101.625574,
BBC8419,SEKOLAH JENIS KEBANGSAAN (CINA) SHIN CHENG (HARCROFT),"JALAN KASAWARI 11, BANDAR PUCHONG JAYA",47180,PUCHONG,PPD PETALING PERDANA,SJK(C),3.040173,101.630863,
BBC8422,SEKOLAH JENIS KEBANGSAAN (CINA) KHENG CHEE,"PERSIARAN INDERA, PUSAT BANDAR PUCHONG, PUCHONG",47100,PETALING,PPD PETALING PERDANA,SJK(C),3.021995,101.628867,
BBC8423,SEKOLAH JENIS KEBANGSAAN (CINA) BUKIT SERDANG SERI KEMBANGAN,"PERSIARAN LESTARI PERDANA 5, LESTARI PERDANA",43300,SERI KEMBANGAN,PPD PETALING PERDANA,SJK(C),3.011283,101.672679,
BBD8451,SEKOLAH JENIS KEBANGSAAN (TAMIL) CASTLEFIELD,"BATU 11 3/4, JALAN PUCHONG",47100,PUCHONG,PPD PETALING PERDANA,SJK(T),3.028473,101.614173,
BBD8453,SEKOLAH JENIS KEBANGSAAN (TAMIL) F E S SERDANG,UNIPUTRA POS SERDANG,43400,SERI KEMBANGAN,PPD PETALING PERDANA,SJK(T),2.999458,101.701128,
BBD8454,SEKOLAH JENIS KEBANGSAAN (TAMIL) PUCHONG,"JALAN BUNGA TANJUNG , BT 14",47100,PUCHONG,PPD PETALING PERDANA,SJK(T),3.001541,101.621509,
BBD8455,SEKOLAH JENIS KEBANGSAAN (TAMIL) LDG KINRARA,"JLN.PUCHONG, PETALING",47100,PUCHONG,PPD PETALING PERDANA,SJK(T),3.056838,101.648923,
BBD8458,SEKOLAH JENIS KEBANGSAAN (TAMIL) VIVEKANANDA,JALAN TEMPLER,46050,PETALING JAYA,PPD PETALING UTAMA,SJK(T),3.096696,101.636729,
BBD8467,SEKOLAH JENIS KEBANGSAAN (TAMIL) SEAPORT,"JALAN PJS 6/4 , KAMPUNG LINDUNGAN",46150,PETALING JAYA,PPD PETALING UTAMA,SJK(T),3.087104,101.60503,
BEA8601,SEKOLAH MENENGAH KEBANGSAAN PUCHONG,BATU 14 JALAN PUCHONG,47100,PUCHONG,PPD PETALING PERDANA,SMK,3.000541,101.621458,
BEA8602,SEKOLAH MENENGAH KEBANGSAAN SRI PERMATA,JALAN SS3 / 98,47300,PETALING JAYA,PPD PETALING UTAMA,SMK,3.102434,101.613541,
BEA8606,SEKOLAH MENENGAH KEBANGSAAN SERI SERDANG,TAMAN SRI SERDANG,43300,SERI KEMBANGAN,PPD PETALING PERDANA,SMK,3.006869,101.714203,
BEA8607,SEKOLAH MENENGAH KEBANGSAAN TAMAN DATO' HARUN,"KM 12, JLN KLANG LAMA",46000,PETALING JAYA,PPD PETALING UTAMA,SMK,3.077819,101.63488,
BEA8609,SEKOLAH MENENGAH KEBANGSAAN BATU 8,"BATU 8, JALAN PUCHONG",47100,PUCHONG,PPD PETALING PERDANA,SMK,3.06073,101.629574,
BEA8613,SEKOLAH MENENGAH KEBANGSAAN TAMAN MEDAN,KM 12 JLN KLANG LAMA,46000,PETALING JAYA,PPD PETALING UTAMA,SMK,3.076125,101.635782,
BEA8615,SEKOLAH MENENGAH KEBANGSAAN KELANA JAYA,JALAN BAHAGIA SS4,47301,PETALING JAYA,PPD PETALING UTAMA,SMK,3.107753,101.597058,
BEA8624,SEKOLAH MENENGAH KEBANGSAAN SRI UTAMA,JALAN 227B/51A,46100,PETALING JAYA,PPD PETALING UTAMA,SMK,3.098364,101.631003,
BEA8627,SEKOLAH MENENGAH KEBANGSAAN SERI INDAH,TAMAN SERI SERDANG,43300,SERI KEMBANGAN,PPD PETALING PERDANA,SMK,3.012343,101.716216,
BEA8628,SEKOLAH MENENGAH KEBANGSAAN PUCHONG PERDANA,"BATU 13, TAMAN PUCHONG PERDANA",47150,PETALING,PPD PETALING PERDANA,SMK,3.005112,101.600236,
BEA8636,SEKOLAH MENENGAH KEBANGSAAN PUCHONG UTAMA (1),JALAN PU 5  BANDAR    PUCHONG UTAMA,47100,PUCHONG,PPD PETALING PERDANA,SMK,2.98387,101.610563,
BEA8639,SEKOLAH MENENGAH KEBANGSAAN SEKSYEN 1 BANDAR KINRARA,BANDAR KINRARA,47180,PUCHONG,PPD PETALING PERDANA,SMK,3.050829,101.642625,
BEA8645,SEKOLAH MENENGAH KEBANGSAAN SEKSYEN 3 BANDAR KINRARA,"JALAN BK 5B,BANDAR KINRARA",47180,PUCHONG,PPD PETALING PERDANA,SMK,3.038506,101.641782,
BEA8647,SEKOLAH MENENGAH KEBANGSAAN SEKSYEN 4 BANDAR KINRARA,"JALAN BK 5A, BANDAR KINRARA",47180,Puchong,PPD PETALING PERDANA,SMK,3.045577,101.6469,
BEA8649,SEKOLAH MENENGAH KEBANGSAAN PUSAT BANDAR PUCHONG 1,JLN WAWASAN 2/23,47160,PUCHONG,PPD PETALING PERDANA,SMK,3.028393,101.622647,
BEA8656,SEKOLAH MENENGAH KEBANGSAAN BANDAR PUCHONG JAYA (A),JALAN PIPIT,47100,PUCHONG,PPD PETALING PERDANA,SMK,3.063752,101.622968,
BEA8657,SEKOLAH MENENGAH KEBANGSAAN BANDAR PUCHONG JAYA (B),"JALAN TEMPUA 3, BANDAR PUCHONG JAYA",47170,PUCHONG,PPD PETALING PERDANA,SMK,3.043541,101.62619,
BEA8663,SEKOLAH MENENGAH KEBANGSAAN PUCHONG PERMAI,"LOT 65079, PERSIARAN PRIMA UTAMA, TMN PUCHONG PRIMA",47150,PUCHONG,PPD PETALING PERDANA,SMK,2.995003,101.595826,
BEA8664,SEKOLAH MENENGAH KEBANGSAAN TAMAN DESAMINIUM,LESTARI PERDANA,43300,SERI KEMBANGAN,PPD PETALING PERDANA,SMK,3.006341,101.660545,
BEA8669,KOLEJ TINGKATAN ENAM PETALING JAYA,"JALAN PJS 5/26, PETALING JAYA",46150,PETALING JAYA,PPD PETALING UTAMA,Kolej Tingkatan 6,3.07585,101.623715,
BEA8670,SEKOLAH MENENGAH KEBANGSAAN BANDAR PUNCAK JALIL,"JALAN PUNCAK JALIL 7, TAMAN PUNCAK JALIL, BANDAR PUTRA PERMAI",43300,SERI KEMBANGAN,PPD PETALING PERDANA,SMK,3.027138,101.678387,
BEB8651,SEKOLAH MENENGAH KEBANGSAAN ASSUNTA,JALAN CHANGGAI,46000,PETALING JAYA,PPD PETALING UTAMA,SMK,3.100148,101.650123,
BEB8652,SEKOLAH MENENGAH KEBANGSAAN (L) BUKIT BINTANG,JALAN UTARA,46200,PETALING JAYA,PPD PETALING UTAMA,SMK,3.108451,101.640969,
BEB8653,SEKOLAH MENENGAH JENIS KEBANGSAAN KATHOLIK,JALAN 10/3,46000,PETALING JAYA,PPD PETALING UTAMA,SMK,3.107431,101.651843,
BEB8654,SEKOLAH MENENGAH KEBANGSAAN LA SALLE PJ,JALAN CHANTEK 5/13,46000,PETALING JAYA,PPD PETALING UTAMA,SMK,3.10047,101.653624,
BEB8655,SEKOLAH MENENGAH KEBANGSAAN (P) SRI AMAN,JALAN 14/49,46100,PETALING JAYA,PPD PETALING UTAMA,SMK,3.102159,101.628305,
BEB8656,SEKOLAH MENENGAH KEBANGSAAN TAMAN SEA,JALAN 21/37,46300,PETALING JAYA,PPD PETALING UTAMA,SMK,3.110415,101.616569,
BEB8657,SEKOLAH MENENGAH KEBANGSAAN SULTAN ABDUL SAMAD,JALAN 12/13,46200,PETALING JAYA,PPD PETALING UTAMA,SMK,3.116947222,101.6439806,
BEB8658,SEKOLAH MENENGAH KEBANGSAAN (P) TMN PETALING,"JALAN 5/52, TAMAN PETALING",46000,PETALING JAYA,PPD PETALING UTAMA,SMK,3.088812,101.658382,
BEB8659,SEKOLAH MENENGAH KEBANGSAAN SERI KEMBANGAN,JALAN SEKOLAH,43300,SERI KEMBANGAN,PPD PETALING PERDANA,SMK,3.027883,101.697736,
BBA3009,SEKOLAH KEBANGSAAN PASANGAN,"JALAN RAWANG, KG. KUANTAN",45600,BESTARI JAYA,PPD KUALA SELANGOR,SK,3.362244,101.308846,
BBA3010,SEKOLAH KEBANGSAAN RANTAU PANJANG,"KM. 34, JALAN RAWANG, RANTAU PANJANG",45600,BESTARI JAYA,PPD KUALA SELANGOR,SK,3.398677,101.440596,
BBA3024,SEKOLAH KEBANGSAAN JALAN RAJA MUSA,"BATU 8, JALAN RAJA MUSA",45000,KUALA SELANGOR,PPD KUALA SELANGOR,SK,3.40737,101.318686,
BBA3032,SEKOLAH KEBANGSAAN BESTARI JAYA,JALAN BESAR,45600,BESTARI JAYA,PPD KUALA SELANGOR,SK,3.381506,101.39938,
BBD3048,SEKOLAH JENIS KEBANGSAAN (TAMIL) BESTARI JAYA,JALAN BESAR,45600,BESTARI JAYA,PPD KUALA SELANGOR,SJK(T),3.37699,101.404082,
BBD3057,SEKOLAH JENIS KEBANGSAAN (TAMIL) LDG HOPEFUL,LADANG HOPEFUL,45600,BESTARI JAYA,PPD KUALA SELANGOR,SJK(T),3.438053,101.476655,
BBD3058,SEKOLAH JENIS KEBANGSAAN (TAMIL) LDG KG BARU,KUALA SELANGOR,45000,KUALA SELANGOR,PPD KUALA SELANGOR,SJK(T),3.381823,101.34204,
BBD5055,SEKOLAH JENIS KEBANGSAAN (TAMIL) LDG NIGEL GARDNER,LADANG NIGEL GARDNER,45600,BESTARI JAYA,PPD KUALA SELANGOR,SJK(T),3.514096,101.497745,
BBD5061,SEKOLAH JENIS KEBANGSAAN (TAMIL) LDG MARY,LADANG MARY,45600,BESTARI JAYA,PPD KUALA SELANGOR,SJK(T),3.474963,101.485821,
BBD5062,SEKOLAH JENIS KEBANGSAAN (TAMIL) LADANG SG TINGGI,LADANG SUNGAI TINGGI,45600,BESTARI JAYA,PPD KUALA SELANGOR,SJK(T),3.430693,101.468035,
BEA3081,SEKOLAH MENENGAH KEBANGSAAN RANTAU PANJANG,"KM. 16, JALAN RAWANG, RANTAU PANJANG",45600,BESTARI JAYA,PPD KUALA SELANGOR,SMK,3.388993,101.439243,
BBA7101,SEKOLAH KEBANGSAAN SELAYANG BARU (2),"JALAN 42, SELAYANG BARU",68100,BATU CAVES,PPD GOMBAK,SK,3.25375033,101.6661771,
BBA7207,SEKOLAH KEBANGSAAN RAWANG,JALAN KUALA GARING,48000,RAWANG,PPD GOMBAK,SK,3.317348,101.569574,
BBA7220,SEKOLAH KEBANGSAAN BANDAR BARU SELAYANG,BANDAR BARU SELAYANG,68100,BATU CAVES,PPD GOMBAK,SK,3.25403,101.646487,
BBA7230,SEKOLAH KEBANGSAAN TAMAN DESA,BANDAR COUNTRY HOMES,48000,RAWANG,PPD GOMBAK,SK,3.331177,101.527075,
BBA7231,SEKOLAH KEBANGSAAN BUKIT RAWANG JAYA,"JALAN BUKIT RAWANG, TAMAN BUKIT RAWANG",48000,RAWANG,PPD GOMBAK,SK,3.335702,101.582109,
BBA7236,SEKOLAH KEBANGSAAN TAMAN DESA 2,BANDAR COUNTRY HOMES,48000,RAWANG,PPD GOMBAK,SK,3.330559,101.526708,
BBA7237,SEKOLAH KEBANGSAAN BANDAR BARU RAWANG,PERSIARAN PELANGI,48000,RAWANG,PPD GOMBAK,SK,3.294173,101.551663,
BBA7238,SEKOLAH KEBANGSAAN BANDAR TASIK PUTERI,BANDAR TASIK PUTERI,48000,RAWANG,PPD GOMBAK,SK,3.286213,101.474584,
BBA7240,SEKOLAH KEBANGSAAN TAMAN PRIMA SELAYANG,"OFF JALAN MELATI 7, TAMAN SRI MELATI",68100,BATU CAVES,PPD GOMBAK,SK,3.244224,101.655771,
BBA7241,SEKOLAH KEBANGSAAN BANDAR BARU SELAYANG (2),"PERSIARAN 2, FASA 1C, BANDAR BARU SELAYANG",68100,BATU CAVES,PPD GOMBAK,SK,3.259755,101.661988,
BBA7243,SEKOLAH KEBANGSAAN TAMAN TUN TEJA,"JALAN SEKOLAH TUN TEJA, BATU 16",48000,RAWANG,PPD GOMBAK,SK,3.30417,101.589715,
BBB7305,SEKOLAH KEBANGSAAN (1) SELAYANG BARU,"JALAN 45, SELAYANG BARU",68100,BATU CAVES,PPD GOMBAK,SK,3.254341,101.6661368,
BBB7306,SEKOLAH KEBANGSAAN SINARAN BUDI,JALAN KUALA GARING,48000,RAWANG,PPD GOMBAK,SK,3.315109,101.568622,
BBB7307,SEKOLAH KEBANGSAAN BATU ARANG,BATU ARANG,48100,BATU ARANG,PPD GOMBAK,SK,3.321803,101.470839,
BBC7401,SEKOLAH JENIS KEBANGSAAN (CINA) CHAP KHUAN,BATU ARANG,48100,BATU ARANG,PPD GOMBAK,SJK(C),3.313538,101.470154,
BBC7404,SEKOLAH JENIS KEBANGSAAN (CINA) KUNDANG,KAMPUNG BARU KUNDANG,48020,RAWANG,PPD GOMBAK,SJK(C),3.277335,101.511598,
BBC7405,SEKOLAH JENIS KEBANGSAAN (CINA) SAN YUK,KAMPUNG KENANGA,48000,RAWANG,PPD GOMBAK,SJK(C),3.318999,101.582329,
BBC7406,SEKOLAH JENIS KEBANGSAAN (CINA) SELAYANG BARU,"JALAN 45, SELAYANG BARU",68100,BATU CAVES,PPD GOMBAK,SJK(C),3.254526,101.667343,
BBC7408,SEKOLAH JENIS KEBANGSAAN (CINA) KOTA EMERALD,"LINGKARAN BUKIT EMERALD, TAMAN EMERALD",48000,RAWANG,PPD GOMBAK,SJK(C),3.323481,101.5492,
BBD7452,SEKOLAH JENIS KEBANGSAAN (TAMIL) BATU ARANG,BATU ARANG,48100,BATU ARANG,PPD GOMBAK,SJK(T),3.310331,101.473002,
BBD7455,SEKOLAH JENIS KEBANGSAAN (TAMIL) RAWANG,JALAN KUALA GARING,48000,RAWANG,PPD GOMBAK,SJK(T),3.317595,101.569097,
BEA7605,SEKOLAH MENENGAH KEBANGSAAN RAWANG,"KM 25.6, JALAN IPOH",48000,RAWANG,PPD GOMBAK,SMK,3.307583,101.597837,
BEA7615,SEKOLAH MENENGAH KEBANGSAAN DARUL EHSAN,"JALAN 29, SELAYANG BARU",68100,BATU CAVES,PPD GOMBAK,SMK,3.252505,101.668405,
BEA7617,SEKOLAH MENENGAH KEBANGSAAN TAMAN DESA,"JALAN DESA 4/1, BANDAR COUNTRY HOMES",48000,RAWANG,PPD GOMBAK,SMK,3.330836,101.524715,
BEA7618,SEKOLAH MENENGAH KEBANGSAAN BANDAR TASIK PUTERI,BANDAR TASIK PUTERI,48000,RAWANG,PPD GOMBAK,SMK,3.287225,101.473604,
BEA7621,SEKOLAH MENENGAH KEBANGSAAN TAMAN DESA 2,"JALAN DESA JAYA, BANDAR COUNTRY HOMES",48000,RAWANG,PPD GOMBAK,SMK,3.331113,101.537493,
BEA7623,SEKOLAH MENENGAH KEBANGSAAN TUN PERAK,TAMAN TUN PERAK,48000,RAWANG,PPD GOMBAK,SMK,3.300565,101.585226,
BEB7653,SEKOLAH MENENGAH KEBANGSAAN SELAYANG BHARU,"JALAN 29, SELAYANG BHARU",68100,BATU CAVES,PPD GOMBAK,SMK,3.251901,101.667203,
BEB7654,SEKOLAH MENENGAH KEBANGSAAN SERI GARING,JALAN KUALA GARING,48000,RAWANG,PPD GOMBAK,SMK,3.316686,101.568024,
BEB7655,SEKOLAH MENENGAH KEBANGSAAN TUANKU ABDUL RAHMAN,BATU ARANG,48100,RAWANG,PPD GOMBAK,SMK,3.317509,101.472722,
BFT7001,SAM RAWANG,"BATU 16, JALAN IPOH",48000,RAWANG,PPD GOMBAK,SM Agama (SABK),3.302419,101.591508,
BRA7001,SEKOLAH BERASRAMA PENUH INTEGRASI RAWANG,BANDAR TASIK PUTERI,48020,RAWANG,PPD GOMBAK,SMBP,3.297781,101.49166,
BBA6010,SEKOLAH KEBANGSAAN BAGAN TERAP,"JALAN BESAR, PEKAN BAGAN TERAP",45300,SUNGAI BESAR,PPD SABAK BERNAM,SK,3.746608,101.056466,
BBA6013,SEKOLAH KEBANGSAAN DOKTOR ABDUL LATIFF,JALAN RAJA CHULAN,45200,SABAK BERNAM,PPD SABAK BERNAM,SK,3.771341,100.987381,
BBA6016,SEKOLAH KEBANGSAAN TUN DOKTOR ISMAIL,TEBUK PULAI,45200,SABAK BERNAM,PPD SABAK BERNAM,SK,3.727658,100.978575,
BBA6023,SEKOLAH KEBANGSAAN SAPINTAS,"BATU 4, KG SAPINTAS",45200,SABAK BERNAM,PPD SABAK BERNAM,SK,3.78102,101.02998,
BBB6028,SEKOLAH KEBANGSAAN KHIR JOHARI,JALAN RAJA CHULAN,45200,SABAK BERNAM,PPD SABAK BERNAM,SK,3.769087,100.986643,
BBC6032,SEKOLAH JENIS KEBANGSAAN (CINA) LUM HUA,JALAN RAJA CHULAN,45200,SABAK BERNAM,PPD SABAK BERNAM,SJK(C),3.768501,100.985555,
BBD6040,SEKOLAH JENIS KEBANGSAAN (TAMIL) LADANG SABAK BERNAM,JALAN PEJABAT HAIWAN,45200,SABAK BERNAM,PPD SABAK BERNAM,SJK(T),3.757225,101.00416,
BEA6041,SEKOLAH MENENGAH KEBANGSAAN UNGKU AZIZ,JALAN RAJA CHULAN,45200,SABAK BERNAM,PPD SABAK BERNAM,SMK,3.769653,100.988777,
BEA6044,SEKOLAH MENENGAH KEBANGSAAN BAGAN TERAP,"JALAN BESAR, PEKAN BAGAN TERAP",45300,SUNGAI BESAR,PPD SABAK BERNAM,SMK,3.748059,101.058604,
BFT6002,SAM BAGAN TERAP,"JALAN LUBUK PUSING, BAGAN TERAP",45300,SUNGAI BESAR,PPD SABAK BERNAM,SM Agama (SABK),3.748038,101.059183,
BBA9204,SEKOLAH KEBANGSAAN SALAK,"JALAN BESAR SALAK, KAMPUNG SALAK TINGGI",43900,SEPANG,PPD SEPANG,SK,2.796565,101.746928,
BBA9205,SEKOLAH KEBANGSAAN KG BAHARU LANJUT,JALAN UTAMA KG BAHARU LANJUT,43900,SEPANG,PPD SEPANG,SK,2.794571,101.717652,
BBA9208,SEKOLAH KEBANGSAAN JENDERAM,"JALAN BESAR, KAMPUNG JENDERAM HULU(BERHADAPAN MASJID AR REDHO)",43800,DENGKIL,PPD SEPANG,SK,2.869147,101.732144,
BBA9209,SEKOLAH KEBANGSAAN JENDERAM HILIR,JALAN BESAR DENGKIL (BERSEBELAHAN MASJID AS SYAKIRIN JENDERAM HILIR),43800,DENGKIL,PPD SEPANG,SK,2.885564,101.722639,
BBA9210,SEKOLAH KEBANGSAAN DENGKIL,JALAN AYER HITAM (BERHADAPAN KFC),43800,DENGKIL,PPD SEPANG,SK,2.864152,101.674119,
BBA9211,SEKOLAH KEBANGSAAN SG MERAB LUAR,KG SG MERAB LUAR,43000,KAJANG,PPD SEPANG,SK,2.937293,101.750552,
BBA9212,SEKOLAH KEBANGSAAN DESA PUTRA,"JALAN UTAMA, KAMPUNG DESA PUTRA",43000,KAJANG,PPD SEPANG,SK,2.912692,101.729892,
BBA9213,SEKOLAH KEBANGSAAN DATO' ABU BAKAR BAGINDA,JALAN SG.MERAB SEBELAH PINTU SATU PUTRAJAYA,43000,KAJANG,PPD SEPANG,SK,2.957818,101.730403,
BBA9214,SEKOLAH KEBANGSAAN PULAU MERANTI,KG PULAU MERANTI (BERSEBELAHAN KEDAI CUCI KERETA),47120,PUCHONG,PPD SEPANG,SK,2.965492,101.625617,
BBA9215,SEKOLAH KEBANGSAAN SG MELUT (ASLI),KAMPUNG ORANG ASLI SUNGAI MELUT,43900,SEPANG,PPD SEPANG,SK (Asli),2.832672,101.685156,
BBA9216,SEKOLAH KEBANGSAAN BKT TAMPOI (ASLI),JALAN DENGKIL BANTING,43800,DENGKIL,PPD SEPANG,SK (Asli),2.850967,101.671661,
BBA9217,SEKOLAH KEBANGSAAN BANDAR BARU SALAK TINGGI,BANDAR BARU SALAK TINGGI,43900,SEPANG,PPD SEPANG,SK,2.806795,101.740554,
BBA9220,SEKOLAH KEBANGSAAN TAMAN SEROJA,"JLN BBST,TMN SEROJA , BANDAR BARU SALAK TINGGI",43900,SEPANG,PPD SEPANG,SK,2.829181,101.728153,
BBA9224,SEKOLAH KEBANGSAAN TAMAN PUTRA PERDANA,"JLN PUTRA PERDANA 3B, TMN PUTRA PERDANA",47130,PUCHONG,PPD SEPANG,SK,2.940266,101.621234,
BBA9225,SEKOLAH KEBANGSAAN KOTA WARISAN,"PERSIARAN WARISAN PERMAI, KOTA WARISAN",43900,SEPANG,PPD SEPANG,SK,2.825979,101.704832,
BBA9226,SEKOLAH KEBANGSAAN CYBERJAYA,"PERSIARAN BESTARI, ZON FLAGSHIP 2",63000,CYBERJAYA,PPD SEPANG,SK,2.919236,101.638383,
BBA9227,SEKOLAH KEBANGSAAN KLIA,"TAMAN MAWAR PERDANA, BBST (BERHADAPAN)",43900,SEPANG,PPD SEPANG,SK,2.831949,101.731589,
BBA9228,SEKOLAH KEBANGSAAN TAMAN PUTRA PERDANA 2,"JALAN PUTRA PERDANA 6, TAMAN PUTRA PERDANA",47130,PUCHONG,PPD SEPANG,SK,2.9405,101.611088,
BBA9229,SEKOLAH KEBANGSAAN DESA PINGGIRAN PUTRA,DESA PINGGIRAN PUTRA 4A,43000,KAJANG,PPD SEPANG,SK,2.899576,101.705659,
BBC9401,SEKOLAH JENIS KEBANGSAAN (CINA) CHIO CHIAO,PEKAN SALAK,43900,SEPANG,PPD SEPANG,SJK(C),2.78151,101.752071,
BBC9402,SEKOLAH JENIS KEBANGSAAN (CINA) DENGKIL,SEBELAH SRA PEKAN DENGKIL,43800,DENGKIL,PPD SEPANG,SJK(C),2.859447,101.6779,
BBC9404,SEKOLAH JENIS KEBANGSAAN (CINA) SIN MING,"BATU 16, JLN PUCHONG (HADAPAN TAMAN DESA AYER HITAM)",47100,PUCHONG,PPD SEPANG,SJK(C),2.966116,101.613631,
BBC9407,SEKOLAH JENIS KEBANGSAAN (CINA) UNION,"PERSIARAN SEPANG, CYBER 11",63000,CYBERJAYA,PPD SEPANG,SJK(C),2.926161,101.631252,
BBD9452,SEKOLAH JENIS KEBANGSAAN (TAMIL) LADANG AMPAR TENANG,LDG AMPAR TENANG,43800,DENGKIL,PPD SEPANG,SJK(T),2.847072,101.701569,
BBD9453,SEKOLAH JENIS KEBANGSAAN (TAMIL) LADANG BUTE,KAMPUNG CHINCHANG (BERHAMPIRAN PADANG LADANG BUTE),43900,SEPANG,PPD SEPANG,SJK(T),2.756533,101.743473,
BBD9454,SEKOLAH JENIS KEBANGSAAN (TAMIL) BANDAR BARU SALAK TINGGI,BERSEBELAHAN DENGAN KUIL BANDAR BARU SALAK TINGGI,43900,SEPANG,PPD SEPANG,SJK(T),2.815856,101.738989,
BBD9455,SEKOLAH JENIS KEBANGSAAN (TAMIL) DENGKIL,DENGKIL,43800,DENGKIL,PPD SEPANG,SJK(T),2.855519,101.678811,
BBD9457,SEKOLAH JENIS KEBANGSAAN (TAMIL) TAMAN PERMATA,"JALAN UATAMA BALAI POLIS DENGKIL, BELAKANG PETRONAS",43800,DENGKIL,PPD SEPANG,SJK(T),2.86955,101.679672,
BBD9461,SEKOLAH JENIS KEBANGSAAN (TAMIL) LDG WEST COUNTRY 'BARAT',JALAN KAJANG PUCHONG,43000,KAJANG,PPD SEPANG,SJK(T),2.974526,101.725662,
BEA9602,SEKOLAH MENENGAH KEBANGSAAN SERI SEPANG,BANDAR BARU SALAK TINGGI,43900,SEPANG,PPD SEPANG,SMK,2.810353,101.740668,
BEA9604,SEKOLAH MENENGAH KEBANGSAAN BANDAR BARU SALAK TINGGI,"TAMAN DAHLIA PERWIRA, TAMAN DAHLIA, BANDAR BARU SALAK TINGGI, 43900 SEPANG",43900,SEPANG,PPD SEPANG,SMK,2.827617,101.720006,
BEA9607,SEKOLAH MENENGAH KEBANGSAAN SERI PUTERI,PERSIARAN TASIK,63000,CYBERJAYA,PPD SEPANG,SMBP,2.911382,101.663246,
BEA9609,SEKOLAH MENENGAH KEBANGSAAN CYBERJAYA,"PERSIARAN FAUNA 2, ZON FLAGSHIP 2",63000,CYBERJAYA,PPD SEPANG,SMK,2.919294,101.639467,
BEA9611,SEKOLAH MENENGAH KEBANGSAAN PUTRA PERDANA,"JALAN PP 3A, TAMAN PUTRA PERDANA (BERSEBELAHAN SURAU ASSAKINAH)",47130,PUCHONG,PPD SEPANG,SMK,2.944004,101.622071,
BEA9612,SEKOLAH MENENGAH KEBANGSAAN DATO' ABU BAKAR BAGINDA,"JALAN MAKTAB, SUNGAI MERAB",43650,BANDAR BARU BANGI,PPD SEPANG,SMK,2.951074,101.750092,
BEB9701,SEKOLAH MENENGAH KEBANGSAAN DENGKIL,BATU 1 JALAN AIR HITAM,43800,DENGKIL,PPD SEPANG,SMK,2.865842,101.672592,
BFT9001,SAM SUNGAI MERAB LUAR,SUNGAI MERAB LUAR SEPANG,43000,KAJANG,PPD SEPANG,SM  Agama (SM Agama (SABK),2.939456,101.749085,
BFT9002,SAM BANDAR BARU SALAK TINGGI,BANDAR BARU SALAK TINGGI (BERSEBELAHAN MASJID HISAMUDDIN),43900,SEPANG,PPD SEPANG,SM  Agama (SM Agama (SABK),2.820275,101.734398,
BHA9001,KOLEJ VOKASIONAL SEPANG,"KOLEJ VOKASIONAL SEPANG, JALAN DENGKIL",43800,DENGKIL,PPD SEPANG,KV,2.900968,101.726551,
BBA4016,SEKOLAH KEBANGSAAN BERANANG,JALAN SEMENYIH,43700,BERANANG,PPD HULU LANGAT,SK,2.868336,101.871104,
BBA4017,SEKOLAH KEBANGSAAN KG KUALA PAJAM,KAMPUNG BATU 2  KUALA PAJAM,43700,BERANANG,PPD HULU LANGAT,SK,2.869846,101.845792,
BBA4021,SEKOLAH KEBANGSAAN ULU SEMENYIH,"KM 40, JALAN SG. LALANG",43500,SEMENYIH,PPD HULU LANGAT,SK,2.992638,101.871012,
BBA4022,SEKOLAH KEBANGSAAN KG RINCING,KAMPUNG RINCHING,43700,BERANANG,PPD HULU LANGAT,SK,2.915378,101.861901,
BBA4023,SEKOLAH KEBANGSAAN RINCHING HILIR,KG RINCHING HILIR BANGI,43000,KAJANG,PPD HULU LANGAT,SK,2.901388,101.813872,
BBA4044,SEKOLAH KEBANGSAAN TAMAN JASMIN,"JALAN JASMIN 2, TAMAN JASMIN",43000,KAJANG,PPD HULU LANGAT,SK,2.982191,101.814045,
BBA4051,SEKOLAH KEBANGSAAN BANDAR TASIK KESUMA,"JALAN KESUMA 7/1,BANDAR TASIK KESUMA",43700,BERANANG,PPD HULU LANGAT,SK,2.900133,101.869933,
BBA4052,SEKOLAH KEBANGSAAN BANDAR RINCHING,"JALAN 1/1, BANDAR RINCHING",43500,SEMENYIH,PPD HULU LANGAT,SK,2.926408,101.849056,
BBA4053,SEKOLAH KEBANGSAAN BANDAR TEKNOLOGI,"JALAN 3/12, SEKSYEN 3, BANDAR TEKNOLOGI KAJANG",43500,SEMENYIH,PPD HULU LANGAT,SK,2.969907,101.822487,
BBA4061,SEKOLAH KEBANGSAAN BANDAR SUNWAY SEMENYIH,BANDAR SUNWAY SEMENYIH,43500,SEMENYIH,PPD HULU LANGAT,SK,2.96708135,101.84051542,
BBB4033,SEKOLAH KEBANGSAAN SEMENYIH,"KM 33, JALAN BESAR SEREMBAN",43500,SEMENYIH,PPD HULU LANGAT,SK,2.950627,101.844542,
BBC4039,SEKOLAH JENIS KEBANGSAAN (CINA) KG BARU SEMENYIH,KAMPUNG BARU SEMENYIH,43500,SEMENYIH,PPD HULU LANGAT,SJK(C),2.949573,101.844203,
BBC4040,SEKOLAH JENIS KEBANGSAAN (CINA) SIN MING,JALAN BESAR,43500,SEMENYIH,PPD HULU LANGAT,SJK(C),2.948115,101.844569,
BBC4042,SEKOLAH JENIS KEBANGSAAN (CINA) TON FAH,JALAN BESAR,43700,BERANANG,PPD HULU LANGAT,SJK(C),2.868933,101.871027,
BBD4053,SEKOLAH JENIS KEBANGSAAN (TAMIL) LDG DOMINION,LADANG DOMINION,43500,SEMENYIH,PPD HULU LANGAT,SJK(T),2.955339,101.843911,
BBD4057,SEKOLAH JENIS KEBANGSAAN (TAMIL) LDG RINCHING,"23RD MILE, JALAN SEREMBAN",43500,SEMENYIH,PPD HULU LANGAT,SJK(T),2.922964,101.859197,
BBD4060,SEKOLAH JENIS KEBANGSAAN (TAMIL) LADANG SEMENYIH,JALAN BROGA,43500,SEMENYIH,PPD HULU LANGAT,SJK(T),2.94818,101.852963,
BEA4605,SEKOLAH MENENGAH KEBANGSAAN KHIR JOHARI,JALAN SEMENYIH,43700,BERANANG,PPD HULU LANGAT,SMK,2.870135,101.870659,
BEA4608,SEKOLAH MENENGAH KEBANGSAAN ENGKU HUSAIN,KAMPUNG BARU CINA (SEMENYIH),43500,SEMENYIH,PPD HULU LANGAT,SMK,2.953719,101.839691,
BEA4626,SEKOLAH MENENGAH KEBANGSAAN TAMAN JASMIN 2,"JALAN KP 3/1, KAJANG PRIMA",43000,KAJANG,PPD HULU LANGAT,SMK,2.980945,101.813747,
BEA4628,SEKOLAH MENENGAH KEBANGSAAN BANDAR TASIK KESUMA,"JALAN KESUMA 7/1, BANDAR TASIK KESUMA",43700,BERANANG,PPD HULU LANGAT,SMK,2.899128,101.870069,
BEA4632,SEKOLAH MENENGAH KEBANGSAAN BANDAR RINCHING,"SEKSYEN 5, BANDAR RINCHING",43500,SEMENYIH,PPD HULU LANGAT,SMK,2.930486,101.865288,
BKA4001,KOLEJ VOKASIONAL KAJANG,JALAN SEMENYIH,43000,KAJANG,PPD HULU LANGAT,KV,2.986972,101.81358,
BBA1009,SEKOLAH KEBANGSAAN TELOK PANGLIMA GARANG,TELOK PANGLIMA GARANG,42500,TELOK PANGLIMA GARANG,PPD KUALA LANGAT,SK,2.906120034,101.4687918,
BBA1010,SEKOLAH KEBANGSAAN KEBUN BAHARU,KAMPUNG KEBUN BAHARU,42500,TELOK PANGLIMA GARANG,PPD KUALA LANGAT,SK,2.919857,101.493593,
BBA1011,SEKOLAH KEBANGSAAN SIJANGKANG,KG SIJANGKANG,42500,TELOK PANGLIMA GARANG,PPD KUALA LANGAT,SK,2.941188,101.457187,
BBA1012,SEKOLAH KEBANGSAAN SG BUMBUN (A),PULAU CAREY,42960,KUALA LANGAT,PPD KUALA LANGAT,SK (Asli),2.850587,101.401477,
BBA1013,SEKOLAH KEBANGSAAN SUNGAI JUDAH,KAMPUNG SUNGAI JUDAH,42960,PULAU CAREY,PPD KUALA LANGAT,SK (Asli),2.858774,101.361315,
BBA1015,SEKOLAH KEBANGSAAN SERI CHEDING,KG. SERI CHEDING,42700,BANTING,PPD KUALA LANGAT,SK,2.887156,101.55184,
BBA1016,SEKOLAH KEBANGSAAN (ASLI) BKT CHEDING,KAMPUNG BUKIT CHEDING,42700,BANTING,PPD KUALA LANGAT,SK (Asli),2.897902,101.57452,
BBA1032,SEKOLAH KEBANGSAAN KAMPUNG MEDAN,BATU 9 KAMPUNG MEDAN TELOK PANGLIMA GARANG,42500,BANTING,PPD KUALA LANGAT,SK,2.929851006,101.4743953,
BBA1033,SEKOLAH KEBANGSAAN JALAN TANJUNG,BATU 9 KG SIJANGKANG,42500,TLK. P. GARANG,PPD KUALA LANGAT,SK,2.924031,101.437227,
BBA1035,SEKOLAH KEBANGSAAN SIJANGKANG JAYA,TELOK PANGLIMA GARANG,42500,TELOK PANGLIMA GARANG,PPD KUALA LANGAT,SK,2.930527,101.475429,
BBA1039,SEKOLAH KEBANGSAAN (ASLI) BUKIT KEMANDOL,"JALAN DESA KEMANDOL 1, TAMAN DESA KEMANDOL",42610,JENJAROM,PPD KUALA LANGAT,SR Model Khas Komprehensif K9,2.93948,101.565414,
BBC1036,SEKOLAH JENIS KEBANGSAAN (CINA) JENJAROM,JALAN SEKOLAH,42600,JENJAROM,PPD KUALA LANGAT,SJK(C),2.874827,101.496687,
BBC1038,SEKOLAH JENIS KEBANGSAAN (CINA) PENG MING,"TELOK PANGLIMA GARANG, KUALA LANGAT",42500,TELOK PANGLIMA GARANG,PPD KUALA LANGAT,SJK(C),2.906463,101.468166,
BBD1055,SEKOLAH JENIS KEBANGSAAN (TAMIL) JENJAROM,JENJAROM,42600,JENJAROM,PPD KUALA LANGAT,SJK(T),2.879709,101.493763,
BBD1062,SEKOLAH JENIS KEBANGSAAN (TAMIL) TELOK PANGLIMA GARANG,TELOK PANGLIMA GARANG,42500,TELOK PANGLIMA GARANG,PPD KUALA LANGAT,SJK(T),2.906363,101.469616,
BBD1066,SEKOLAH JENIS KEBANGSAAN (TAMIL) PULAU CAREY SELATAN,"PULAU CAREY SELATAN, KUALA LANGAT",42960,BANTING,PPD KUALA LANGAT,SJK(T),2.856519403,101.3312145,
BBD1067,SEKOLAH JENIS KEBANGSAAN (TAMIL) PULAU CAREY BARAT,PULAU CAREY BARAT,42960,PULAU CAREY,PPD KUALA LANGAT,SJK(T),2.890788814,101.3531837,
BBD1068,SEKOLAH JENIS KEBANGSAAN (TAMIL) PULAU CAREY TIMUR,PULAU  CAREY TIMUR,42960,PULAU CAREY,PPD KUALA LANGAT,SJK(T),2.911423707,101.4006949,
BEA1064,SEKOLAH MENENGAH KEBANGSAAN JENJAROM,KG JENJAROM,42600,JENJAROM,PPD KUALA LANGAT,SMK,2.88167,101.506937,
BEA1069,SEKOLAH MENENGAH KEBANGSAAN TELOK PANGLIMA GARANG,TELOK PANGLIMA GARANG,42500,TELOK PANGLIMA GARAN,PPD KUALA LANGAT,SMK,2.911681,101.469044,
BEA1072,SEKOLAH MENENGAH KEBANGSAAN SIJANGKANG JAYA,KG. MEDAN,42500,TELOK PANGLIMA GARANG,PPD KUALA LANGAT,SMK,2.931999,101.476084,
BEB1074,SEKOLAH MENENGAH KEBANGSAAN PULAU CAREY,PULAU CAREY,42960,PULAU CAREY,PPD KUALA LANGAT,SMK,2.891589276,101.3526974,
BBA0024,SEKOLAH KEBANGSAAN TAMAN SRI MUDA,"25/20 JALAN NYAMAN, TAMAN SRI MUDA",40400,SHAH ALAM,PPD PETALING PERDANA,SK,3.03276,101.529101,
BBA8103,SEKOLAH KEBANGSAAN DAMANSARA JAYA (2),JALAN SS 22/48,47400,PETALING JAYA,PPD PETALING UTAMA,SK,3.123527,101.616475,
BBA8104,SEKOLAH KEBANGSAAN SS 19 SUBANG JAYA,"JLN SS 19/6, SUBANG JAYA",47500,SUBANG JAYA,PPD PETALING PERDANA,SK,3.066567648,101.5762748,
BBA8105,SEKOLAH KEBANGSAAN SEKSYEN 24,JALAN PETOLA 24/8 SEKSYEN 24,40300,SHAH ALAM,PPD PETALING PERDANA,SK,3.04078,101.518483,
BBA8202,SEKOLAH KEBANGSAAN SUBANG,JLN MERBAU KG. MELAYU SUBANG,40150,SHAH ALAM,PPD PETALING PERDANA,SK,3.151813,101.531673,
BBA8203,SEKOLAH KEBANGSAAN PADANG JAWA,PADANG JAWA,40200,SHAH ALAM,PPD PETALING PERDANA,SK,3.052781,101.491382,
BBA8206,SEKOLAH KEBANGSAAN BUKIT LANJAN,BANDAR DAMANSARA PERDANA,47820,PETALING JAYA,PPD PETALING UTAMA,SK (Asli),3.168533,101.604063,
BBA8208,SEKOLAH KEBANGSAAN DAMANSARA UTAMA,JALAN SS 21/50,47400,PETALING JAYA,PPD PETALING UTAMA,SK,3.140003,101.622771,
BBA8212,SEKOLAH KEBANGSAAN SUBANG JAYA,JALAN SS 14/5,47500,SUBANG JAYA,PPD PETALING PERDANA,SK,3.069315,101.588143,
BBA8213,SEKOLAH KEBANGSAAN RAJA MUDA,JALAN CEMPEDAK 4/5,40000,SHAH ALAM,PPD PETALING PERDANA,SK,3.077176,101.510443,
BBA8215,SEKOLAH KEBANGSAAN DAMANSARA JAYA (1),"JALAN SS 22/48, DAMANSARA JAYA",47400,PETALING JAYA,PPD PETALING UTAMA,SK,3.123255,101.616577,
BBA8216,SEKOLAH KEBANGSAAN SEKSYEN ENAM,JALAN BELIBIS 6/5 SEKSYEN 6,40000,SHAH ALAM,PPD PETALING PERDANA,SK,3.084337,101.510523,
BBA8217,SEKOLAH KEBANGSAAN SRI SUBANG JAYA,JALAN SS 14/8,47500,SUBANG JAYA,PPD PETALING PERDANA,SK,3.064725,101.589715,
BBA8219,SEKOLAH KEBANGSAAN SEKSYEN 17 SHAH ALAM,"JALAN JELAWAT 17/1, SEKSYEN 17",40200,SHAH ALAM,PPD PETALING PERDANA,SK,3.044182,101.503507,
BBA8222,SEKOLAH KEBANGSAAN SEKSYEN 19,JALAN PETANI 19/1,40300,SHAH ALAM,PPD PETALING PERDANA,SK,3.052503,101.526382,
BBA8223,SEKOLAH KEBANGSAAN HICOM,"JALAN KAJANG 27/10, SEKSYEN 27",40400,SHAH ALAM,PPD PETALING PERDANA,SK,3.026392,101.569715,
BBA8224,SEKOLAH KEBANGSAAN SEKSYEN 18,JALAN CUCUR 18/13,40200,SHAH ALAM,PPD PETALING PERDANA,SK,3.049447,101.519715,
BBA8225,SEKOLAH KEBANGSAAN SEKSYEN 20,JALAN RAMA-RAMA 20/2,40300,SHAH ALAM,PPD PETALING PERDANA,SK,3.055714,101.540744,
BBA8227,SEKOLAH KEBANGSAAN SEAFIELD,JALAN USJ 6/3,47610,SUBANG JAYA,PPD PETALING PERDANA,SK,3.055743,101.588553,
BBA8230,SEKOLAH KEBANGSAAN TAMAN ALAM MEGAH,"PERSIARAN  HULU LANGAT, SEKSYEN 28",40400,SHAH ALAM,PPD PETALING PERDANA,SK,3.006114,101.564993,
BBA8231,SEKOLAH KEBANGSAAN TAMAN SRI MUDA 2,"JALAN CERMAT 25/36, TAMAN SRI MUDA",40400,SHAH ALAM,PPD PETALING PERDANA,SK,3.033976,101.537465,
BBA8232,SEKOLAH KEBANGSAAN PERDANA JAYA SS19,JALAN SS 19/1,47500,SUBANG JAYA,PPD PETALING PERDANA,SK,3.077891,101.573703,
BBA8233,SEKOLAH KEBANGSAAN TUDM SUBANG,"JALAN BENDAHARA, PANGKALAN UDARA SUBANG",40150,SHAH ALAM,PPD PETALING PERDANA,SK,3.118788,101.540187,
BBA8234,SEKOLAH KEBANGSAAN BANDAR SUNWAY,JALAN PJS 7/15,46150,PETALING JAYA,PPD PETALING PERDANA,SK,3.068343,101.617323,
BBA8236,SEKOLAH KEBANGSAAN SEKSYEN 7 KOTA DAMANSARA,"SEKSYEN 7, KOTA DAMANSARA",47810,PETALING JAYA,PPD PETALING UTAMA,SK,3.168543,101.574653,
BBA8237,SEKOLAH KEBANGSAAN SERI SELANGOR,"JALAN USJ 4/2,  UEP SUBANG JAYA",47600,SUBANG JAYA,PPD PETALING PERDANA,SK,3.05597,101.575827,
BBA8238,SEKOLAH KEBANGSAAN BANDAR ANGGERIK,"JALAN NURI 6/1, SEKSYEN 6",40000,SHAH ALAM,PPD PETALING PERDANA,SK,3.088043,101.508713,
BBA8240,SEKOLAH KEBANGSAAN TAMAN TUN DR ISMAIL JAYA,JALAN TUDM SUBANG,40150,SHAH ALAM,PPD PETALING PERDANA,SK,3.106402,101.557458,
BBA8241,SEKOLAH KEBANGSAAN BANDAR BARU SRI DAMANSARA,PERSIARAN MAHOGANI,52200,KEPONG,PPD PETALING UTAMA,SK,3.206248,101.624316,
BBA8242,SEKOLAH KEBANGSAAN ALAM MEGAH DUA,"PERSIARAN KUALA LANGAT, SEKSYEN 27",40400,SHAH ALAM,PPD PETALING PERDANA,SK,3.010083,101.570763,
BBA8243,SEKOLAH KEBANGSAAN SEAFIELD 3,PERSIARAN KEWAJIPAN USJ 8/2A,47610,SUBANG JAYA,PPD PETALING PERDANA,SK,3.043786,101.591931,
BBA8244,SEKOLAH KEBANGSAAN BANDAR UTAMA DAMANSARA,"LEBUH BANDAR UTAMA, BANDAR UTAMA",47800,PETALING JAYA,PPD PETALING UTAMA,SK,3.131949,101.608122,
BBA8245,SEKOLAH KEBANGSAAN PENDIDIKAN KHAS SELANGOR,JLN PINANG RAJA 18/2  SEKSYEN 18,40200,SHAH ALAM,PPD PETALING PERDANA,SK (Khas),3.048451,101.515344,
BBA8246,SEKOLAH KEBANGSAAN SEKSYEN 9 SHAH ALAM,JLN. TENGKU AMPUAN RAHIMAH 9/20,40100,SHAH ALAM,PPD PETALING PERDANA,SK,3.087802335,101.5214893,
BBA8247,SEKOLAH KEBANGSAAN USJ 2,JALAN USJ 2/3,47600,SUBANG JAYA,PPD PETALING PERDANA,SK,3.062573,101.586323,
BBA8248,SEKOLAH KEBANGSAAN BANDAR UTAMA DAMANSARA 2,"NO. 2 PINTASAN BANDAR UTAMA, BANDAR UTAMA DAMANSARA",47800,PETALING JAYA,PPD PETALING UTAMA,SK,3.14103,101.614246,
BBA8250,SEKOLAH KEBANGSAAN SEKSYEN 6 KOTA DAMANSARA,JALAN CECAWI 6/26,47810,PETALING,PPD PETALING UTAMA,SK,3.156303,101.575983,
BBA8251,SEKOLAH KEBANGSAAN USJ 20,JALAN USJ 20/6E UEP,47630,SUBANG JAYA,PPD PETALING PERDANA,SK,3.028526,101.587413,
BBA8252,SEKOLAH KEBANGSAAN USJ 12,"JALAN USJ 12/1 ,UEP SUBANG JAYA",47630,SUBANG JAYA,PPD PETALING PERDANA,SK,3.042831,101.574132,
BBA8253,SEKOLAH KEBANGSAAN BANDAR BARU SRI DAMANSARA 2,"JALAN CEMPAKA SD 12/2,BDR SRI DAMANSARA",52200,KUALA LUMPUR,PPD PETALING UTAMA,SK,3.196095,101.607499,
BBA8256,SEKOLAH KEBANGSAAN SEKSYEN 13,JALAN BOLA SEPAK 13/11 SEKSYEN 13,40100,SHAH ALAM,PPD PETALING PERDANA,SK,3.08329,101.538545,
BBA8259,SEKOLAH KEBANGSAAN BANDAR SRI DAMANSARA 3,JALAN ARA SD 7/3,52200,KUALA LUMPUR,PPD PETALING UTAMA,SK,3.187781,101.616104,
BBA8260,SEKOLAH KEBANGSAAN BANDAR UTAMA DAMANSARA (4),BANDAR UTAMA DAMANSARA (4),47800,PETALING JAYA,PPD PETALING UTAMA,SK,3.151993,101.611217,
BBA8261,SEKOLAH KEBANGSAAN ALAM MEGAH (3),"NO. 2, JALAN TELOK PANGLIMA GARANG 28/1, SEKSYEN 28",40400,SHAH ALAM,PPD PETALING PERDANA,SK,3.002773,101.567743,
BBA8263,SEKOLAH KEBANGSAAN TROPICANA,JALAN TROPICANA SELATAN,47410,PETALING JAYA,PPD PETALING UTAMA,SK,3.130281,101.598049,
BBA8264,SEKOLAH KEBANGSAAN BUKIT JELUTONG,"NO. 6, JALAN SERAMBI U8/21, SEKSYEN U8",40150,SHAH ALAM,PPD PETALING PERDANA,SK,3.106663,101.531193,
BBA8265,SEKOLAH KEBANGSAAN BANDAR SRI DAMANSARA 1,"PERSIARAN PERDANA, BANDAR SRI DAMANSARA",52200,KUALA LUMPUR,PPD PETALING UTAMA,SK,3.191947,101.605271,
BBA8266,SEKOLAH KEBANGSAAN DATO' ONN JAAFAR,"KOMPLEKS SEKOLAH WAWASAN, PERSIARAN KEWAJIPAN, USJ",47630,SUBANG JAYA,PPD PETALING PERDANA,SK,3.036987,101.589455,
BBA8267,SEKOLAH KEBANGSAAN SEKSYEN 27(1),JALAN SELAYANG 27/27,40000,SHAH ALAM,PPD PETALING PERDANA,SK,3.020541,101.565389,
BBA8268,SEKOLAH KEBANGSAAN SUBANG BESTARI,"JALAN NOVA U5/81, SUBANG BESTARI, BANDAR PINGGIRAN SUBANG",40150,SHAH ALAM,PPD PETALING PERDANA,SK,3.174767,101.547375,
BBA8270,SEKOLAH KEBANGSAAN SEKSYEN 9 KOTA DAMANSARA,JALAN RIMBA RIANG 9/1,47810,PETALING,PPD PETALING UTAMA,SK,3.174427,101.583021,
BBA8271,SEKOLAH KEBANGSAAN DAMANSARA DAMAI 1,"NO2,JALAN PJU 10/1F DAMANSARA DAMAI",47830,PETALING JAYA,PPD PETALING UTAMA,SK,3.193696,101.592722,
BBA8272,SEKOLAH KEBANGSAAN SEKSYEN 7,JALAN PLUMBUM 7/100 SEKSYEN 7,40000,SHAH ALAM,PPD PETALING PERDANA,SK,3.071723,101.485098,
BBA8273,SEKOLAH KEBANGSAAN SEKSYEN 27 (2),"NO 4, JALAN PAYA LEBAR 27/10",40400,SHAH ALAM,PPD PETALING PERDANA,SK,3.016785,101.570449,
BBA8275,SEKOLAH KEBANGSAAN TAMAN BUKIT SUBANG,SEKSYEN U16,40150,SHAH ALAM,PPD PETALING PERDANA,SK,3.171918,101.513598,
BBA8276,SEKOLAH KEBANGSAAN LEMBAH SUBANG,JALAN PJU 1A/40(70),47301,PETALING JAYA,PPD PETALING UTAMA,SK,3.115315,101.58076,
BBA8277,SEKOLAH KEBANGSAAN SEKSYEN 11 KOTA DAMANSARA,"JALAN KENYALANG 11/2, KOTA DAMANSARA",47810,PETALING JAYA,PPD PETALING UTAMA,SK,3.160164,101.593681,
BBA8281,SEKOLAH KEBANGSAAN KAMPUNG LINDUNGAN,JALAN PJS 10/11,46150,PETALING JAYA,PPD PETALING PERDANA,SK,3.080854,101.607168,
BBA8282,SEKOLAH KEBANGSAAN JALAN U3,"JALAN SP 2/10, SUBANG PERDANA",40150,SHAH ALAM,PPD PETALING PERDANA,SK,3.153687,101.544414,
BBA8283,SEKOLAH KEBANGSAAN SETIA ALAM,JALAN SETIA IMPIAN U13/3T 40170 SETIA ALAM,40170,SHAH ALAM,PPD PETALING PERDANA,SK,3.094237,101.454463,
BBA8285,SEKOLAH KEBANGSAAN DAMANSARA DAMAI 2,"JALAN PJU 10/4C, DAMANSARA DAMAI",47830,PETALING JAYA,PPD PETALING UTAMA,SK,3.192638,101.583835,
BBA8287,SEKOLAH KEBANGSAAN SUBANG BESTARI DUA,"NO. 1, JALAN NOVA U5/45",40150,SHAH ALAM,PPD PETALING PERDANA,SK,3.180474,101.542787,
BBA8288,SEKOLAH KEBANGSAAN PUNCAK PERDANA,"NO 1, JALAN PULAU ANGSA U10/1, SUNWAY ALAM SURIA, SEKSYEN 10",40170,SHAH ALAM,PPD PETALING PERDANA,SK,3.141422,101.496389,
BBA8289,SEKOLAH KEBANGSAAN PUTRA HEIGHTS 2,"JALAN PUTRA BAHAGIA 8/2, SEKSYEN 8, PUTRA HEIGHTS",47650,SUBANG JAYA,PPD PETALING PERDANA,SK,3.000085,101.56443,
BBB8315,SEKOLAH KEBANGSAAN SHAH ALAM,"JALAN DAWAI 16/2,  SEKSYEN 16",40200,SHAH ALAM,PPD PETALING PERDANA,SK,3.058652,101.503668,
BBB8316,SEKOLAH KEBANGSAAN SUNGEI WAY,JALAN SS 9/13,47300,PETALING JAYA,PPD PETALING UTAMA,SK,3.085003,101.616104,
BBC8402,SEKOLAH JENIS KEBANGSAAN (CINA) DAMANSARA,JALAN TROPICANA UTARA,47410,PETALING JAYA,PPD PETALING UTAMA,SJK(C),3.137736561,101.5996511,
BBC8407,SEKOLAH JENIS KEBANGSAAN (CINA) SUBANG,KAMPUNG BARU SUBANG,40150,SHAH ALAM,PPD PETALING PERDANA,SJK(C),3.143492,101.534764,
BBC8408,SEKOLAH JENIS KEBANGSAAN (CINA) SUNGAI WAY,"JALAN SS9A/1, SUNGAI WAY",47300,PETALING JAYA,PPD PETALING UTAMA,SJK(C),3.087843,101.620993,
BBC8409,SEKOLAH JENIS KEBANGSAAN (CINA) SUNGAI BULOH,"JALAN PERKHIDMATAN, KAMPUNG BARU SUNGAI BULOH",47000,SUNGAI BULOH,PPD PETALING UTAMA,SJK(C),3.195002778,101.5687528,
BBC8414,SEKOLAH JENIS KEBANGSAAN (CINA) LICK HUNG,JALAN SS 19/6,47500,SUBANG JAYA,PPD PETALING PERDANA,SJK(C),3.066181,101.577357,
BBC8415,SEKOLAH JENIS KEBANGSAAN (CINA) PUAY CHAI 2,"JALAN BU3/1, BANDAR UTAMA",47800,PETALING JAYA,PPD PETALING UTAMA,SJK(C),3.1465,101.6109,
BBC8416,SEKOLAH JENIS KEBANGSAAN (CINA) TUN TAN CHENG LOCK,"KOMPLEKS SEK. WAWASAN, PERSIARAN KEWAJIPAN",47630,SUBANG JAYA,PPD PETALING PERDANA,SJK(C),3.036407,101.589756,
BBC8417,SEKOLAH JENIS KEBANGSAAN (CINA) CHEE WEN,"USJ 1,  JALAN  SUBANG  MEWAH, SUBANG  MEWAH",47600,SUBANG JAYA,PPD PETALING PERDANA,SJK(C),3.050303,101.60301,
BBC8418,SEKOLAH JENIS KEBANGSAAN (CINA) DESA JAYA 2,"PERSIARAN PERDANA,BANDAR SRI DAMANSARA",52200,KUALA LUMPUR,PPD PETALING UTAMA,SJK(C),3.185571,101.605483,
BBC8420,SEKOLAH JENIS KEBANGSAAN (CINA) CHUNG HWA DAMANSARA,JALAN 17A/1,46400,PETALING JAYA,PPD PETALING UTAMA,SJK(C),3.130676,101.631245,
BBC8421,SEKOLAH JENIS KEBANGSAAN (CINA) TUN TAN SIEW SIN,"PERSIARAN PUTRA BISTARI, PUTRA HEIGHT",47650,SUBANG JAYA,PPD PETALING PERDANA,SJK(C),3.021221,101.573365,
BBD8452,SEKOLAH JENIS KEBANGSAAN (TAMIL) LDG EFFINGHAM,"JALAN BU 11/1,BANDAR UTAMA DAMANSARA",47800,PETALING JAYA,PPD PETALING UTAMA,SJK(T),3.132672,101.603873,
BBD8456,SEKOLAH JENIS KEBANGSAAN (TAMIL) RRI SUNGAI BULOH,RRI SUNGAI BULOH,47000,SUNGAI BULOH,PPD PETALING UTAMA,SJK(T),3.162058333,101.5601833,
BBD8459,SEKOLAH JENIS KEBANGSAAN (TAMIL) HICOM,"JALANSELAYANG27/27, SEKSYEN27",40400,SHAH ALAM,PPD PETALING PERDANA,SJK(T),3.019865,101.564861,
BBD8461,SEKOLAH JENIS KEBANGSAAN (TAMIL) LADANG EBOR,BATU TIGA,40000,SHAH ALAM,PPD PETALING PERDANA,SJK(T),3.064007,101.558782,
BBD8462,SEKOLAH JENIS KEBANGSAAN (TAMIL) LDG GLENMARIE,"JALAN JURURAWAT U1/82, TMN LADANG JAYA GLENMARIE SEKSYEN U1",40000,SHAH ALAM,PPD PETALING PERDANA,SJK(T),3.10086,101.560154,
BBD8463,SEKOLAH JENIS KEBANGSAAN (TAMIL) LADANG MIDLANDS,JALAN PLUMBUM 7/100,40000,SHAH ALAM,PPD PETALING PERDANA,SJK(T),3.068329,101.487613,
BBD8466,SEKOLAH JENIS KEBANGSAAN (TAMIL) LDG RASAK,"LOT (1A), JALAN METAFASA U16/1A , BUKIT SUBANG",40160,SHAH ALAM,PPD PETALING PERDANA,SJK(T),3.170398,101.509855,
BBD8468,SEKOLAH JENIS KEBANGSAAN (TAMIL) SG RENGGAM,"18/1, JALAN PINANG, SEKSYEN 18",40200,SHAH ALAM,PPD PETALING PERDANA,SJK(T),3.048425,101.516476,
BBD8469,SEKOLAH JENIS KEBANGSAAN (TAMIL) LDG SEAFIELD,JALAN USJ  20/8 UEP SUBANG JAYA,47630,SUBANG JAYA,PPD PETALING PERDANA,SJK(T),3.029489,101.587655,
BBD8470,SEKOLAH JENIS KEBANGSAAN (TAMIL) TUN SAMBANTHAN,"KOMPLEKS SEK. WAWASAN, USJ 15, PERSIARAN KEWAJIPAN",47630,SUBANG JAYA,PPD PETALING PERDANA,SJK(T),3.035625,101.588612,
BEA8603,SEKOLAH MENENGAH KEBANGSAAN SULTAN SALAHUDDIN ABDUL AZIZ SHAH,JALAN BUNGA MAWAR 2/5,40000,SHAH ALAM,PPD PETALING PERDANA,SMK,3.072245,101.509361,
BEA8604,SEKOLAH MENENGAH KEBANGSAAN SUBANG JAYA,JALAN SS14/6,47500,SUBANG JAYA,PPD PETALING PERDANA,SMK,3.069192,101.590283,
BEA8608,SEKOLAH MENENGAH KEBANGSAAN DAMANSARA JAYA,"JALAN SS 22A/1, PETALING JAYA",47400,PETALING JAYA,PPD PETALING UTAMA,SMK,3.131193,101.616083,
BEA8610,SEKOLAH MENENGAH KEBANGSAAN SEKSYEN 16,"JALAN HALIA 16/8, SEKSYEN 16",40200,SHAH ALAM,PPD PETALING PERDANA,SMK,3.054941,101.503449,
BEA8611,SEKOLAH MENENGAH KEBANGSAAN DAMANSARA UTAMA,"JALAN SS 20/21, DAMANSARA UTAMA",47400,PETALING JAYA,PPD PETALING UTAMA,SMK,3.136349,101.625503,
BEA8612,SEKOLAH MENENGAH PENDIDIKAN KHAS VOKASIONAL SHAH ALAM,"JALAN SENANGIN 17/2A, SEKSYEN 17",40200,SHAH ALAM,PPD PETALING PERDANA,SM Khas,3.050582,101.500179,
BEA8614,SEKOLAH MENENGAH KEBANGSAAN SUBANG UTAMA,"JALAN SS 18/1A, SUBANG JAYA",47500,SUBANG JAYA,PPD PETALING PERDANA,SMK,3.068614,101.581937,
BEA8616,SEKOLAH MENENGAH KEBANGSAAN SEKSYEN SEBELAS,JLN WAU 11/1,40000,SHAH ALAM,PPD PETALING PERDANA,SMK,3.073079,101.529151,
BEA8617,SEKOLAH MENENGAH KEBANGSAAN SEKSYEN 18,JLN KELAPA BALI 18/43,40200,SHAH ALAM,PPD PETALING PERDANA,SMK,3.054364,101.52492,
BEA8618,SEKOLAH MENENGAH KEBANGSAAN SEAFIELD,JALAN USJ 2/5,47600,UEP SUBANG JAYA,PPD PETALING PERDANA,SMK,3.061043,101.585163,
BEA8619,KOLEJ TINGKATAN ENAM SHAH ALAM,JALAN TIMUN 24/1,40300,SHAH ALAM,PPD PETALING PERDANA,Kolej Tingkatan 6,3.037899,101.516285,
BEA8621,SEKOLAH MENENGAH KEBANGSAAN SEKSYEN 19,"JALAN GELORA 19/46, SEKSYEN 19",40300,SHAH ALAM,PPD PETALING PERDANA,SMK,3.0514404,101.5328572,
BEA8622,SEKOLAH MENENGAH KEBANGSAAN ALAM MEGAH,"JLN. SG. BATU 27/72,SEKSYEN 27",40400,SHAH ALAM,PPD PETALING PERDANA,SMK,3.012403,101.568793,
BEA8623,SEKOLAH MENENGAH KEBANGSAAN TAMAN SRI MUDA,"JALAN SABAR 25/83, TAMAN SRI MUDA",40400,SHAH ALAM,PPD PETALING PERDANA,SMK,3.025836,101.539993,
BEA8625,SEKOLAH MENENGAH KEBANGSAAN SS 17,JALAN SS 17/1 SUBANG JAYA,47500,SUBANG JAYA,PPD PETALING PERDANA,SMK,3.076922,101.582669,
BEA8626,SEKOLAH MENENGAH KEBANGSAAN BANDAR SUNWAY,JALAN PJS 7/15,46150,PETALING JAYA,PPD PETALING PERDANA,SMK,3.070252,101.617425,
BEA8629,SEKOLAH MENENGAH KEBANGSAAN SEKSYEN 9,JALAN TENGKU AMPUAN RAHIMAH 9/20,40100,SHAH ALAM,PPD PETALING PERDANA,SMK,3.088948,101.522027,
BEA8630,SEKOLAH MENENGAH KEBANGSAAN SUBANG,KAMPUNG MELAYU SUBANG,40150,SHAH ALAM,PPD PETALING PERDANA,SMK,3.151857,101.528276,
BEA8631,SEKOLAH MENENGAH KEBANGSAAN BANDAR UTAMA,1 PINTASAN BANDAR UTAMA,47800,PETALING JAYA,PPD PETALING UTAMA,SMK,3.14299,101.61425,
BEA8632,SEKOLAH MENENGAH KEBANGSAAN USJ 4,JALAN USJ 4/3,47600,SUBANG JAYA,PPD PETALING PERDANA,SMK,3.054945,101.575702,
BEA8633,SEKOLAH MENENGAH KEBANGSAAN USJ 13,JALAN USJ 13/1,47630,UEP SUBANG JAYA,PPD PETALING PERDANA,SMK,3.037371,101.580663,
BEA8634,SEKOLAH MENENGAH KEBANGSAAN USJ 8,PERSIARAN KEWAJIPAN,47610,UEP SUBANG JAYA,PPD PETALING PERDANA,SMK,3.04539,101.591915,
BEA8635,SEKOLAH MENENGAH KEBANGSAAN USJ 12,"PERSIARAN SETIA, USJ 12",47630,UEP SUBANG JAYA,PPD PETALING PERDANA,SMK,3.044247,101.574337,
BEA8637,SEKOLAH MENENGAH KEBANGSAAN TTDI JAYA,"JALAN SASTERA U2/1, SEKSYEN U2, SHAH ALAM",40150,SHAH ALAM,PPD PETALING PERDANA,SMK,3.104725,101.554715,
BEA8638,SEKOLAH MENENGAH KEBANGSAAN SEKSYEN 10 KOTA DAMANSARA,"PERSIARAN MAHOGANY,SEKSYEN 10, KOTA DAMANSARA",47810,PETALING JAYA,PPD PETALING UTAMA,SMK,3.169447,101.579437,
BEA8640,SEKOLAH MENENGAH KEBANGSAAN TROPICANA,JALAN TROPICANA SELATAN,47410,Petaling Jaya,PPD PETALING UTAMA,SMK,3.128614,101.597215,
BEA8641,SEKOLAH MENENGAH KEBANGSAAN BANDAR SRI DAMANSARA 2,"PERSIARAN MERANTI, SEKSYEN 1",52200,KUALA LUMPUR,PPD PETALING UTAMA,SMK,3.191392,101.603882,
BEA8642,SEKOLAH MENENGAH KEBANGSAAN USJ 23,JALAN HARMONI,47640,SUBANG JAYA,PPD PETALING PERDANA,SMK,3.01917,101.580549,
BEA8643,SEKOLAH MENENGAH KEBANGSAAN BANDAR UTAMA DAMANSARA 3,"PERSIARAN BUKIT UTAMA, BANDAR UTAMA",47800,PETALING JAYA,PPD PETALING UTAMA,SMK,3.140064,101.606583,
BEA8644,SEKOLAH MENENGAH KEBANGSAAN BANDAR UTAMA DAMANSARA (4),JALAN DATARAN UTAMA BANDAR UTAMA,47800,PETALING JAYA,PPD PETALING UTAMA,SMK,3.154266,101.611157,
BEA8648,SEKOLAH MENENGAH KEBANGSAAN SEKSYEN 7,JALAN PLATINUM 7/37,40000,SHAH ALAM,PPD PETALING PERDANA,SMK,3.082642,101.494782,
BEA8650,SEKOLAH MENENGAH KEBANGSAAN BUKIT JELUTONG,"NO.2, JALAN SERAMBI U8/21, BUKIT JELUTONG",40150,SHAH ALAM,PPD PETALING PERDANA,SMK,3.109003,101.531473,
BEA8652,SEKOLAH MENENGAH KEBANGSAAN DAMANSARA DAMAI 1,"NO. 2, JALAN PJU 10/1, DAMANSARA DAMAI",47830,PETALING JAYA,PPD PETALING UTAMA,SMK,3.191547,101.592321,
BEA8653,SEKOLAH MENENGAH KEBANGSAAN ALAM MEGAH 2,"NO.1, PERSIARAN KUALA LANGAT, SEKSYEN 28",40400,SHAH ALAM,PPD PETALING PERDANA,SMK,3.004873,101.564713,
BEA8654,SEKOLAH MENENGAH KEBANGSAAN SEKSYEN 24 (2),JALAN CILI BUNGA 24/25,40300,SHAH ALAM,PPD PETALING PERDANA,SMK,3.037148,101.517375,
BEA8655,SEKOLAH MENENGAH KEBANGSAAN SEKSYEN 4 KOTA DAMANSARA,"JALAN CAMAR 4/1, KOTA DAMANSARA",47810,PETALING JAYA,PPD PETALING UTAMA,SMK,3.151698,101.581739,
BEA8658,SEKOLAH MENENGAH KEBANGSAAN BANDAR UTAMA DAMANSARA (2),JALAN BU 1/11,47800,PETALING JAYA,PPD PETALING UTAMA,SMK,3.139251,101.61086,
BEA8659,SEKOLAH MENENGAH KEBANGSAAN BANDAR SRI DAMANSARA 1,PERSIARAN PERDANA,52200,KUALA LUMPUR,PPD PETALING UTAMA,SMK,3.185075,101.604199,
BEA8660,SEKOLAH MENENGAH KEBANGSAAN SEKSYEN 27,JALAN SELAYANG 27/27,40400,SHAH ALAM,PPD PETALING PERDANA,SMK,3.021596,101.566105,
BEA8661,SEKOLAH MENENGAH KEBANGSAAN LEMBAH SUBANG,PJU 1A/4,47301,PETALING JAYA,PPD PETALING UTAMA,SMK,3.114712,101.580152,
BEA8662,SEKOLAH MENENGAH KEBANGSAAN SUBANG BESTARI,"JALAN NOVA U5/63, SEKSYEN U5",40150,SHAH ALAM,PPD PETALING PERDANA,SMK,3.178134,101.543716,
BEA8665,SEKOLAH MENENGAH KEBANGSAAN SETIA ALAM,"NO. 6, PERSIARAN SETIA PRIMA, SEKSYEN U13",40170,SHAH ALAM,PPD PETALING PERDANA,SMK,3.094164,101.45722,
BEA8666,SEKOLAH MENENGAH KEBANGSAAN SEKSYEN 8 KOTA DAMANSARA,"SEKSYEN 8, KOTA DAMANSARA",47810,PETALING JAYA,PPD PETALING UTAMA,SMK,3.177869,101.579193,
BEA8668,SEKOLAH MENENGAH KEBANGSAAN SHAH ALAM,"PERSIARAN ANJUNG SERI, SEKSYEN U8/80, BUKIT JELUTONG TIMUR",40150,SHAH ALAM,PPD PETALING PERDANA,SMK,3.111717,101.540084,
BFT8002,SAM BESTARI,"JALAN USJ 5/3A, SUBANG JAYA",47610,SUBANG JAYA,PPD PETALING PERDANA,SM Agama (SABK),3.055227,101.580984,
BFT8003,SAMT TENGKU AMPUAN JEMAAH,"JALAN CAHAYA 11/7 ,SEKSYEN 11",40000,SHAH ALAM,PPD PETALING PERDANA,SM Agama (SABK),3.077759,101.525983,
BHA8004,KOLEJ VOKASIONAL SHAH ALAM,JALAN BATU TIGA,40300,SHAH ALAM,PPD PETALING PERDANA,KV,3.047368,101.554907,
BBA6018,SEKOLAH KEBANGSAAN SIMPANG 4 BNO,"SIMPANG 4, BAGAN NAKHODA OMAR",45200,SABAK BERNAM,PPD SABAK BERNAM,SK,3.773455,100.8815,
BBA6019,SEKOLAH KEBANGSAAN PARIT BAHARU,"JALAN BESAR, KAMPUNG PARIT BAHARU",45100,SUNGAI AIR TAWAR,PPD SABAK BERNAM,SK,3.815562,100.8444,
BBA6020,SEKOLAH KEBANGSAAN SUNGAI TENGAR,KG SG TENGAR,45100,SG AIR TAWAR,PPD SABAK BERNAM,SK,3.823441,100.880277,
BBA6021,SEKOLAH KEBANGSAAN SERI MAWAR,JALAN SEKOLAH,45100,SUNGAI AIR TAWAR,PPD SABAK BERNAM,SK,3.840793,100.898946,
BBA6026,SEKOLAH KEBANGSAAN TELUK RU,JALAN PARIT BARU,45200,SABAK BERNAM,PPD SABAK BERNAM,SK,3.791657,100.854635,
BBA6027,SEKOLAH KEBANGSAAN SERI CEMPAKA,KAMPUNG SUNGAI APONG,45100,SG. AIR TAWAR,PPD SABAK BERNAM,SK,3.798316,100.829079,
BBC6030,SEKOLAH JENIS KEBANGSAAN (CINA) CHEONG HUA,"SIMPANG 4, BNO",45200,SABAK BERNAM,PPD SABAK BERNAM,SJK(C),3.778957,100.882619,
BBC6033,SEKOLAH JENIS KEBANGSAAN (CINA) MOON TECK,JALAN MOON TECK,45100,SG. AIR TAWAR,PPD SABAK BERNAM,SJK(C),3.842803,100.894826,
BBC6035,SEKOLAH JENIS KEBANGSAAN (CINA) POAY CHNEH,JALAN BAGAN SG. LANG,45100,SG. AIR TAWAR,PPD SABAK BERNAM,SJK(C),3.834686,100.843893,
BBC6037,SEKOLAH JENIS KEBANGSAAN (CINA) PHOOI MIN,TELUK RU & BETING KEPAH,45100,SG. AIR TAWAR,PPD SABAK BERNAM,SJK(C),3.790437,100.831832,
BEA6042,SEKOLAH MENENGAH KEBANGSAAN MUNSHI ABDULLAH,JALAN BESAR,45100,SUNGAI AIR TAWAR,PPD SABAK BERNAM,SMK,3.813336,100.897771,
BFT6001,SAM PARIT BARU,TANAH LESEN PARIT BARU,45100,Sabak Bernam,PPD SABAK BERNAM,SM Agama (SABK),3.804418,100.845988,
BRA6001,SEKOLAH BERASRAMA PENUH INTEGRASI SABAK BERNAM,KAMPUNG SUNGAI APONG,45100,SG AIR TAWAR,PPD SABAK BERNAM,SMBP,3.804396,100.815046,
BBA6001,SEKOLAH KEBANGSAAN SERI MAKMUR,JALAN PARIT 1 BARAT,45300,SUNGAI BESAR,PPD SABAK BERNAM,SK,3.68189,100.990214,
BBA6002,SEKOLAH KEBANGSAAN SG HJ DORANI,PEKAN SG HJ DORANI,45300,SUNGAI BESAR,PPD SABAK BERNAM,SK,3.644553,101.02531,
BBA6005,SEKOLAH KEBANGSAAN SG LIMAU,KAMPUNG SUNGAI LIMAU,45300,SUNGAI BESAR,PPD SABAK BERNAM,SK,3.66128,101.004702,
BBA6006,SEKOLAH KEBANGSAAN PARIT 4,PARIT 4 JALAN PEKAN SELASA SUNGAI HAJI DORANI,45300,SUNGAI BESAR,PPD SABAK BERNAM,SK,3.661696,101.049441,
BBA6007,SEKOLAH KEBANGSAAN PARIT 6,PARIT 6 BARAT,45300,SUNGAI BESAR,PPD SABAK BERNAM,SK,3.712781,101.006104,
BBA6008,SEKOLAH KEBANGSAAN SERI BAHAGIA,PARIT 9,45300,SUNGAI BESAR,PPD SABAK BERNAM,SK,3.729296,101.029387,
BBA6009,SEKOLAH KEBANGSAAN TOK KHALIFAH,"PARIT 13, JLN. SUNGAI PANJANG",45300,SUNGAI BESAR,PPD SABAK BERNAM,SK,3.728279,101.074181,
BBA6012,SEKOLAH KEBANGSAAN LOBOK PUSING,"JLN MASJID, KG LUBOK PUSING",45300,SUNGAI BESAR,PPD SABAK BERNAM,SK,3.760864,101.073706,
BBA6032,SEKOLAH KEBANGSAAN BINJAI JAYA,PARIT 16  SUNGAI PANJANG,45300,SUNGAI BESAR,PPD SABAK BERNAM,SK,3.716473,101.125883,
BBB6029,SEKOLAH KEBANGSAAN SERI UTAMA,JALAN BESAR,45300,SUNGAI BESAR,PPD SABAK BERNAM,SK,3.68027,100.98681,
BBC6031,SEKOLAH JENIS KEBANGSAAN (CINA) HAI PING,BAGAN SUNGAI BURUNG,45300,SUNGAI BESAR,PPD SABAK BERNAM,SJK(C),3.692386,100.937543,
BBC6036,SEKOLAH JENIS KEBANGSAAN (CINA) SIN MIN,JALAN PANCHANG  PEDENA,45300,SUNGAI BESAR,PPD SABAK BERNAM,SJK(C),3.676287,100.980806,
BEA6043,SEKOLAH MENENGAH KEBANGSAAN SUNGAI BESAR,JALAN PEGAWAI,45300,SUNGAI BESAR,PPD SABAK BERNAM,SMK,3.677788,100.992263,
BEB6046,SEKOLAH MENENGAH KEBANGSAAN SERI BEDENA,JLN BESAR,45300,SUNGAI BESAR,PPD SABAK BERNAM,SMK,3.678599,100.98352,
BFT6003,SAM SUNGAI HAJI DORANI,JALAN LAMA KUALA SELANGOR,45300,SUNGAI BESAR,PPD SABAK BERNAM,SM Agama (SABK),3.637469,101.023593,
BFT6006,SAM TENGKU AMPUAN JEMAAH,JLN KG BARU NELAYAN,45300,SUNGAI BESAR,PPD SABAK BERNAM,SM Agama (SABK),3.672412,100.976505,
BBA5004,SEKOLAH KEBANGSAAN SG CHOH,KAMPUNG SUNGAI CHOH,48000,RAWANG,PPD HULU SELANGOR,SK,3.344554,101.589304,
BBA5006,SEKOLAH KEBANGSAAN ULU YAM BHARU,JALAN ULU YAM BATANG KALI,44300,BATANG KALI,PPD HULU SELANGOR,SK,3.43767313,101.6601369,
BBA5007,SEKOLAH KEBANGSAAN ULU YAM LAMA,KG.ULU YAM LAMA,44300,BATANG KALI,PPD HULU SELANGOR,SK,3.455346795,101.6390581,
BBA5012,SEKOLAH KEBANGSAAN KG KUANTAN,KAMPUNG KUANTAN,44300,BATANG KALI,PPD HULU SELANGOR,SK,3.467885,101.673883,
BBA5014,SEKOLAH KEBANGSAAN SUNGAI BUAYA,KG SUNGAI BUAYA,48010,RAWANG,PPD HULU SELANGOR,SK,3.392225,101.527215,
BBA5022,SEKOLAH KEBANGSAAN SERENDAH,KAMPUNG SRI SERENDAH,48200,SERENDAH,PPD HULU SELANGOR,SK,3.369404,101.614235,
BBA5023,SEKOLAH KEBANGSAAN BUKIT BERUNTUNG,JALAN MELATI BUKIT BERUNTUNG,48300,RAWANG,PPD HULU SELANGOR,SK,3.403768,101.555914,
BBA5026,SEKOLAH KEBANGSAAN BANDAR SUNGAI BUAYA,BANDAR SUNGAI BUAYA,48010,RAWANG,PPD HULU SELANGOR,SK,3.373264,101.528799,
BBA5028,SEKOLAH KEBANGSAAN TAMAN BUNGA RAYA (1),"JLN BUNGA RAYA, TMN.BUNGA RAYA, BKT. BERUNTUNG",48300,RAWANG,PPD HULU SELANGOR,SK,3.438814,101.551522,
BBA5030,SEKOLAH KEBANGSAAN BUKIT SENTOSA,"JALAN BUKIT SENTOSA 7,BUKIT SENTOSA",48300,RAWANG,PPD HULU SELANGOR,SK,3.4145,101.585415,
BBA5032,SEKOLAH KEBANGSAAN BUKIT BERUNTUNG 2,"LINGKARAN SEROJA ,SEKSYEN BB7",48300,RAWANG,PPD HULU SELANGOR,SK,3.419058,101.569002,
BBA5033,SEKOLAH KEBANGSAAN TAMAN BUNGA RAYA 2,PERSIARAN BUNGA RAYA,48300,RAWANG,PPD HULU SELANGOR,SK,3.445529,101.551978,
BBC5024,SEKOLAH JENIS KEBANGSAAN (CINA) BKT TANGGA,JALAN KASTURI,48300,BUKIT BERUNTUNG,PPD HULU SELANGOR,SJK(C),3.408702,101.572993,
BBC5027,SEKOLAH JENIS KEBANGSAAN (CINA) CHOONG CHEE,"JALAN BESAR, HULU YAM LAMA",44300,BATANG KALI,PPD HULU SELANGOR,SJK(C),3.451174,101.643172,
BBC5030,SEKOLAH JENIS KEBANGSAAN (CINA) KAMPUNG GURNEY,ULU YAM BARU,44300,BATANG KALI,PPD HULU SELANGOR,SJK(C),3.421394,101.662604,
BBC5037,SEKOLAH JENIS KEBANGSAAN (CINA) SERENDAH,JALAN BESAR SERENDAH,48200,SERENDAH,PPD HULU SELANGOR,SJK(C),3.365823,101.603355,
BBD5058,SEKOLAH JENIS KEBANGSAAN (TAMIL) LDG SG CHOH,TAMAN BUKIT TERATAI,48000,RAWANG,PPD HULU SELANGOR,SJK(T),3.367473,101.565473,
BBD5059,SEKOLAH JENIS KEBANGSAAN (TAMIL) BUKIT BERUNTUNG,BANDAR  BUKIT BERUNTUNG,48300,RAWANG,PPD HULU SELANGOR,SJK(T),3.403384,101.554519,
BEA5063,SEKOLAH MENENGAH KEBANGSAAN SUNGAI CHOH,KG. SUNGAI CHOH,48000,RAWANG,PPD HULU SELANGOR,SMK,3.350339,101.585898,
BEA5066,SEKOLAH MENENGAH KEBANGSAAN BUKIT SENTOSA,BANDAR BARU BUKIT SENTOSA,48300,RAWANG,PPD HULU SELANGOR,SMK,3.402257,101.567784,
BEA5067,SEKOLAH MENENGAH SAINS HULU SELANGOR,HULU YAM BHARU,44300,BATANG KALI,PPD HULU SELANGOR,SMBP,3.408276,101.660777,
BEA5070,SEKOLAH MENENGAH KEBANGSAAN BANDAR SUNGAI BUAYA,KAMPUNG SUNGAI BUAYA,48010,RAWANG,PPD HULU SELANGOR,SMK,3.373289,101.530315,
BEA5071,SEKOLAH MENENGAH KEBANGSAAN TAMAN BUNGA RAYA (1),BUKIT BERUNTUNG,48300,RAWANG,PPD HULU SELANGOR,SMK,3.439168,101.552568,
BEA5072,SEKOLAH MENENGAH KEBANGSAAN SERENDAH,JALAN CEMPAKA,48200,SERENDAH,PPD HULU SELANGOR,SMK,3.367445,101.615109,
BEA5073,SEKOLAH MENENGAH KEBANGSAAN BUKIT SENTOSA 2,"JALAN ANGGERIK 4, BUKIT SENTOSA, SEKSYEN 7",48300,RAWANG,PPD HULU SELANGOR,SMK,3.415811,101.586566,
BEB5065,SEKOLAH MENENGAH KEBANGSAAN SYED MASHOR,JALAN BATANG KALI - ULU YAM,44300,BATANG KALI,PPD HULU SELANGOR,SMK,3.465148,101.647508,
BBA9201,SEKOLAH KEBANGSAAN SUNGAI RAWANG,JALAN BESAR. KAMPUNG BUKIT BANGKONG ( BERHAMPIRAN KLINIK DESA ),43950,SUNGAI PELEK,PPD SEPANG,SK,2.663738,101.67271,
BBA9202,SEKOLAH KEBANGSAAN BKT BANGKONG (ASLI),KG ORG ASLI BKT BANGKONG ( BERDEKATAN BALAI RAYA KG ORG ASLI ),43950,SUNGAI PELEK,PPD SEPANG,SK (Asli),2.652138,101.672298,
BBA9203,SEKOLAH KEBANGSAAN SG PELEK,"43950, SUNGAI PELEK SELANGOR",43950,SUNGAI PELEK,PPD SEPANG,SK,2.645705556,101.722046,
BBA9221,SEKOLAH KEBANGSAAN TAMAN PANTAI SEPANG PUTRA,"LOT PT 3870 JLN RAJA UDANG 8,TAMAN PANTAI SEPANG PUTRA(BERSEBELAHAN SMK TAMAN PANTAI SEPANG PUTRA)",43950,SUNGAI PELEK,PPD SEPANG,SK,2.626595,101.711674,
BBB9301,SEKOLAH KEBANGSAAN METHODIST,SK METHODIST (INTEG) (M),43950,SUNGAI PELEK,PPD SEPANG,SK,2.639569,101.711982,
BBC9403,SEKOLAH JENIS KEBANGSAAN (CINA) SEPANG,KAMPUNG BARU,43900,SEPANG,PPD SEPANG,SJK(C),2.689203,101.749171,
BBC9405,SEKOLAH JENIS KEBANGSAAN (CINA) TCHE MIN,"SJKC TCHE MIN, 43950 SUNGAI PELEK",43950,SUNGAI PELEK,PPD SEPANG,SJK(C),2.645198,101.717123,
BBC9406,SEKOLAH JENIS KEBANGSAAN (CINA) WAH LIAN,KAMPUNG BARU,43950,SUNGAI PELEK,PPD SEPANG,SJK(C),2.642554,101.714027,
BBD9458,SEKOLAH JENIS KEBANGSAAN (TAMIL) SEPANG,JALAN KELAB,43900,SEPANG,PPD SEPANG,SJK(T),2.695225,101.750325,
BBD9460,SEKOLAH JENIS KEBANGSAAN (TAMIL) TELUK MERBAU,LADANG TELUK MERBAU,43950,SUNGAI PELEK,PPD SEPANG,SJK(T),2.642918,101.660631,
BEA9601,SEKOLAH MENENGAH KEBANGSAAN SUNGAI RAWANG,"SUNGAI PELEK, 43950 SEPANG",43950,SUNGAI PELEK,PPD SEPANG,SMK,2.671652,101.676927,
BEA9610,SEKOLAH MENENGAH KEBANGSAAN PANTAI SEPANG PUTRA,"JLN. MURAI, PANTAI SEPANG PUTRA",43950,SUNGAI PELEK,PPD SEPANG,SMK,2.621585,101.712789,
BEB9651,SEKOLAH MENENGAH KEBANGSAAN SUNGAI PELEK,JALAN SEKOLAH,43950,SG.PELEK,PPD SEPANG,SMK,2.639863,101.710219,
BBA3015,SEKOLAH KEBANGSAAN TANJONG KARANG,BATU 7,45500,TANJONG KARANG,PPD KUALA SELANGOR,SK,3.419862,101.1864,
BBA3016,SEKOLAH KEBANGSAAN SUNGAI BURONG,"BATU 12, JALAN BERNAM",45500,TANJONG KARANG,PPD KUALA SELANGOR,SK,3.463536,101.137391,
BBA3017,SEKOLAH KEBANGSAAN SRI TIRAM,"JALAN SETANJUNG, KG. SERI TIRAM JAYA",45500,TANJONG KARANG,PPD KUALA SELANGOR,SK,3.447643,101.239162,
BBA3018,SEKOLAH KEBANGSAAN DATO' MANAN,KAMPUNG SUNGAI TENGI KANAN,45500,TANJONG KARANG,PPD KUALA SELANGOR,SK,3.44536,101.218228,
BBA3019,SEKOLAH KEBANGSAAN SERI GAMBUT,JALAN TERUSAN BESAR,45500,TANJONG KARANG,PPD KUALA SELANGOR,SK,3.492167,101.205912,
BBA3020,SEKOLAH KEBANGSAAN SUNGAI SIREH,JALAN PARIT 1 SUNGAI SIREH,45500,TANJONG KARANG,PPD KUALA SELANGOR,SK,3.470091,101.17226,
BBA3021,SEKOLAH KEBANGSAAN PARIT EMPAT,"BATU 14, JALAN BERNAM",45400,SEKINCHAN,PPD KUALA SELANGOR,SK,3.482411,101.119491,
BBA3026,SEKOLAH KEBANGSAAN PARIT SERONG,"JALAN PARIT SERONG, KG. PARIT SERONG",45500,TANJONG KARANG,PPD KUALA SELANGOR,SK,3.41811,101.227014,
BBA3028,SEKOLAH KEBANGSAAN SAWAH SEMPADAN,"BLOK D, SAWAH SEMPADAN",45500,TANJONG KARANG,PPD KUALA SELANGOR,SK,3.462373,101.221411,
BBA3029,SEKOLAH KEBANGSAAN BERJAYA,PARIT 3 BAN 3,45400,SEKINCHAN,PPD KUALA SELANGOR,SK,3.50239,101.161745,
BBB3033,SEKOLAH KEBANGSAAN BATU 9 JALAN BOMBA,JALAN BOMBA,45500,TANJONG KARANG,PPD KUALA SELANGOR,SK,3.422309,101.167211,
BBC3035,SEKOLAH JENIS KEBANGSAAN (CINA) BAGAN PASIR,JALAN BAGAN PASIR,45500,TANJONG KARANG,PPD KUALA SELANGOR,SJK(C),3.397259,101.171248,
BBC3041,SEKOLAH JENIS KEBANGSAAN (CINA) MING TEE,KAMPUNG TIRAM BURUK,45500,TANJONG KARANG,PPD KUALA SELANGOR,SJK(C),3.42589,101.24651,
BBC3044,SEKOLAH JENIS KEBANGSAAN (CINA) TANJONG KARANG,JALAN DEWAN DATO' HORMAT,45500,TANJONG KARANG,PPD KUALA SELANGOR,SJK(C),3.426564,101.171958,
BBC3045,SEKOLAH JENIS KEBANGSAAN (CINA) YIT KHWAN,BAGAN TANJONG KARANG,45500,TANJONG KARANG,PPD KUALA SELANGOR,SJK(C),3.401794,101.171198,
BBD3056,SEKOLAH JENIS KEBANGSAAN (TAMIL) GHANDIJI,SUNGAI BURONG,45400,SEKINCHAN,PPD KUALA SELANGOR,SJK(T),3.485694,101.116062,
BEA3075,SEKOLAH MENENGAH KEBANGSAAN DATO HARUN,"BATU 8, JALAN BERNAM",45500,TANJONG KARANG,PPD KUALA SELANGOR,SMK,3.426157,101.170902,
BEA3079,SEKOLAH MENENGAH KEBANGSAAN SG. BURONG,"BATU 12, LAPIS 3, SUNGAI BURONG",45500,TANJONG KARANG,PPD KUALA SELANGOR,SMK,3.45555,101.1323167,
BEA3080,SEKOLAH MENENGAH KEBANGSAAN TIRAM JAYA,"JALAN SEKEMBANG, KG. SERI TIRAM JAYA",45500,TANJONG KARANG,PPD KUALA SELANGOR,SMK,3.434425,101.236525,
BEB3080,SEKOLAH MENENGAH KEBANGSAAN SERI DESA,JALAN BOMBA,45500,TANJONG KARANG,PPD KUALA SELANGOR,SMK,3.420989,101.164538,
BFT3002,SAM TANJONG KARANG,"BATU 9 1/2, JALAN BERNAM",45500,TANJONG KARANG,PPD KUALA SELANGOR,SM Agama (SABK),3.428442,101.160077,
BBA0002,SEKOLAH KEBANGSAAN TELOK GADONG,JALAN YADI,41250,KLANG,PPD KLANG,SK,3.038647,101.419817,
BBA0018,SEKOLAH KEBANGSAAN KG JOHAN SETIA,JALAN LANGAT,41200,KLANG,PPD KLANG,SK,2.978659,101.490019,
BBA0023,SEKOLAH KEBANGSAAN TAMAN KLANG JAYA,"JALAN SERULING 56, OFF JALAN LANGAT",41200,KLANG,PPD KLANG,SK,3.004153,101.450129,
BBA0025,SEKOLAH KEBANGSAAN TELOK PULAI,TAMAN BERTEK,41100,KLANG,PPD KLANG,SK,3.046313,101.428494,
BBA0026,SEKOLAH KEBANGSAAN SUNGAI UDANG,JALAN YADI,41250,KLANG,PPD KLANG,SK,3.039533,101.418684,
BBA0034,SEKOLAH KEBANGSAAN TAMAN SRI ANDALAS,"JALAN TUN DR. ISMAIL, OFF JALAN LANGAT",41200,KLANG,PPD KLANG,SK,3.018473,101.451806,
BBA0035,SEKOLAH KEBANGSAAN TAMAN GEMBIRA,"JALAN HILIR DUA, TELOK GADONG",41100,KLANG,PPD KLANG,SK,3.036857,101.429877,
BBA0036,SEKOLAH KEBANGSAAN BUKIT TINGGI,BANDAR BUKIT TINGGI,41200,KLANG,PPD KLANG,SK,3.004191,101.440343,
BBA0044,SEKOLAH KEBANGSAAN BATU UNJUR,JALAN BATU NILAM 1/KS 6,41200,KLANG,PPD KLANG,SK,3.011294,101.437152,
BBB0024,SEKOLAH KEBANGSAAN METHODIST ACS,JALAN MELAWIS,41000,KLANG,PPD KLANG,SK,3.042995,101.439909,
BBB0029,SEKOLAH KEBANGSAAN LA SALLE,"143, PERSIARAN RAJA MUDA MUSA",41200,KLANG,PPD KLANG,SK,3.032388,101.438858,
BBB0033,SEKOLAH KEBANGSAAN PEREMPUAN METHODIST,JALAN RAYA BARAT,41000,KLANG,PPD KLANG,SK,3.044927,101.442252,
BBB0037,SEKOLAH KEBANGSAAN (1) SIMPANG LIMA,PERSIARAN RAJA MUDA MUSA,41200,KLANG,PPD KLANG,SK,3.030768,101.43873,
BBB0038,SEKOLAH KEBANGSAAN (2) SIMPANG LIMA,PERSIARAN RAJA MUDA MUSA,41200,KLANG,PPD KLANG,SK,3.030733,101.43852,
BBC0041,SEKOLAH JENIS KEBANGSAAN (CINA) CHUEN MIN,"LOT 389, JALAN JAMBU BOL / KS 1, TELOK PULAI",41100,KLANG,PPD KLANG,SJK(C),3.038502,101.431641,
BBC0043,SEKOLAH JENIS KEBANGSAAN (CINA) HIN HUA,"JALAN BATU NILAM, BANDAR BUKIT TINGGI",41200,KLANG,PPD KLANG,SJK(C),3.010336,101.429582,
BBD0074,SEKOLAH JENIS KEBANGSAAN (TAMIL) LADANG HIGHLANDS,"PERSIARAN BATU NILAM 2, BANDAR BUKIT TINGGI 2",41200,KLANG,PPD KLANG,SJK(T),2.992168,101.442609,
BBD0076,SEKOLAH JENIS KEBANGSAAN (TAMIL) JALAN TEPI SUNGAI,JALAN TEPI SUNGAI OFF JALAN LEMBAGA BANDARAN,41000,KLANG,PPD KLANG,SJK(T),3.050385,101.438534,
BBD0084,SEKOLAH JENIS KEBANGSAAN (TAMIL) SIMPANG LIMA,"JALAN LANGAT, TAMAN  SRI  ANDALAS",41200,KLANG,PPD KLANG,SJK(T),3.014797,101.445696,
BEA0091,SEKOLAH MENENGAH KEBANGSAAN RAJA MAHADI,TAMAN KLANG JAYA,41200,KLANG,PPD KLANG,SMK,3.010748,101.447977,
BEA0093,SEKOLAH MENENGAH KEBANGSAAN TENGKU AMPUAN RAHIMAH,PERSIARAN RAJA MUDA MUSA,41200,KLANG,PPD KLANG,SMK,3.032807,101.440123,
BEA0103,SEKOLAH MENENGAH KEBANGSAAN TELOK GADONG,"JALAN SERAMPANG 3, OFF JALAN TELUK PULAI",41100,KLANG,PPD KLANG,SMK,3.03937,101.428614,
BEA0104,SEKOLAH MENENGAH KEBANGSAAN SRI ANDALAS,"JALAN SRI DAMAK 10, TAMAN SRI ANDALAS",41200,KLANG,PPD KLANG,SMK,3.019208,101.451702,
BEA0112,SEKOLAH MENENGAH KEBANGSAAN BATU UNJUR,"JALAN NILAM 1, BANDAR BUKIT TINGGI",41200,KLANG,PPD KLANG,SMK,3.011553,101.433915,
BEA0113,SEKOLAH MENENGAH KEBANGSAAN BUKIT TINGGI KLANG,JALAN BATU NILAM 1,41200,KLANG,PPD KLANG,SMK,3.009844736,101.4287071,
BEB0104,SEKOLAH MENENGAH KEBANGSAAN LA SALLE,PERSIARAN RAJA MUDA MUSA,41200,KLANG,PPD KLANG,SMK,3.031884,101.437889,
BFT0002,SAM HISAMUDDIN,"JALAN TEPI SUNGAI, SUNGAI BERTIH",41100,KLANG,PPD KLANG,SM Agama (SABK),3.047058,101.43776,
BKE0001,KOLEJ VOKASIONAL KLANG,"KM. 3, PERSIARAN TENGKU AMPUAN RAHIMAH",41200,KLANG,PPD KLANG,KV,3.013376,101.43582,
