kod_sekolah,name,address,latitude,longitude,ppd,school_type,,sebab_ralat
ABA0014,SEKOLAH KEBANGSAAN JERAM MENGKUANG,BATU 5, JERAM MENGKUANG,4.067267615,101.2414126,PPD BATANG PADANG,['RENDAH'],could not convert string to float: 'JERAM MENGKUANG'
ABA0128,SEKOLAH KEBANGSAAN JERNANG,P/SURAT 14, PEJABAT POS SUNGKAI,4.051292,101.419363,PPD BATANG PADANG,['RENDAH'],could not convert string to float: 'PEJABAT POS SUNGKAI'
ABA1021,SEKOLAH KEBANGSAAN DATO' ISHAK,KAMPUNG PADANG TEMBAK, TELUK MUROK,4.208738,100.620306,PPD MANJUNG,['RENDAH'],could not convert string to float: 'TELUK MUROK'
ABA2001,SEKOLAH KEBANGSAAN SUNGAI RAYA,JLN. RAJA DR. NAZRIN SHAH, KAMPONG KEPAYANG,4.519880705,101.1335844,PPD KINTA UTARA,['RENDAH'],could not convert string to float: 'KAMPONG KEPAYANG'
ABA2016,SEKOLAH KEBANGSAAN PENGKALAN PEGOH,JALAN SIMPANG PULAI, KG. PENGKALAN PEGOH,4.531342109,101.0696308,PPD KINTA UTARA,['RENDAH'],could not convert string to float: 'KG. PENGKALAN PEGOH'
ABA2017,SEKOLAH KEBANGSAAN PENGKALAN BAHARU,JALAN GOPENG, KG. KEPAYANG,4.492805503,101.1189996,PPD KINTA SELATAN,['RENDAH'],could not convert string to float: 'KG. KEPAYANG'
ABA2041,SEKOLAH KEBANGSAAN MANJOI (SATU),JALAN  MASJID, KG. MANJOI,4.618595,101.071705,PPD KINTA UTARA,['RENDAH'],could not convert string to float: 'KG. MANJOI'
ABA2042,SEKOLAH KEBANGSAAN GURU KALGIDHAR,JALAN GUNTONG, BUNTONG,4.592886,101.064374,PPD KINTA UTARA,['RENDAH'],could not convert string to float: 'BUNTONG'
ABA2044,SEKOLAH KEBANGSAAN PENDIDIKAN KHAS IPOH,JALAN KUALA KANGSAR, ANJUNG TAWAS,4.655194743,101.106157,PPD KINTA UTARA,['RENDAH'],could not convert string to float: 'ANJUNG TAWAS'
ABA2051,SEKOLAH KEBANGSAAN JALAN PEGOH,LRG. PEGOH 4, TMN. PENGKALAN JAYA,4.554196,101.080888,PPD KINTA UTARA,['RENDAH'],could not convert string to float: 'TMN. PENGKALAN JAYA'
ABA2058,SEKOLAH KEBANGSAAN JATI,JALAN TAMAN JATI 1, TAMAN JATI, JELAPANG,4.656033166,101.074223,"['PPD KINTA UTARA', 'RENDAH']",could not convert string to float: 'JELAPANG'
ABA2060,SEKOLAH KEBANGSAAN SILIBIN,PERSIARAN JELAPANG 13,TAMAN SILIBIN,4.61821,101.051196,PPD KINTA UTARA,['RENDAH'],could not convert string to float: 'TAMAN SILIBIN'
ABA2061,SEKOLAH KEBANGSAAN TASEK DERMAWAN,KAMPUNG TERSUSUN TASEK, BERCHAM,4.639548355,101.1193229,PPD KINTA UTARA,['RENDAH'],could not convert string to float: 'BERCHAM'
ABA2065,SEKOLAH KEBANGSAAN JELAPANG JAYA,LALUAN KERANJI 5, KG DATO' AHMAD SAID TAMBAHAN 3,4.634638,101.075136,PPD KINTA UTARA,['RENDAH'],"could not convert string to float: ""KG DATO' AHMAD SAID TAMBAHAN 3"""
ABA2067,SEKOLAH KEBANGSAAN SERI JAYA,KAMPONG SERI JAYA, JALAN CHANGKAT LARANG,4.478902,101.064665,PPD KINTA SELATAN,['RENDAH'],could not convert string to float: 'JALAN CHANGKAT LARANG'
ABA3008,SEKOLAH KEBANGSAAN MATANG JELUTONG,KG MATANG JELUTONG, JALAN SELAMA,5.033052634,100.5625443,PPD KRIAN,['RENDAH'],could not convert string to float: 'JALAN SELAMA'
ABA3014,SEKOLAH KEBANGSAAN TELUK MEDAN,JALAN TAIPING, TELUK MEDAN,4.987589024,100.5758661,PPD KRIAN,['RENDAH'],could not convert string to float: 'TELUK MEDAN'
ABA3028,SEKOLAH KEBANGSAAN SUNGAI MEGAT ARIS,SUNGAI MEGAT ARIS, BAGAN TIANG,5.106616,100.408441,PPD KRIAN,['RENDAH'],could not convert string to float: 'BAGAN TIANG'
ABA3029,SEKOLAH KEBANGSAAN GUNONG SEMANGGOL,GUNONG SEMANGGOL, SIMPANG EMPAT,4.968423,100.650746,PPD KRIAN,['RENDAH'],could not convert string to float: 'SIMPANG EMPAT'
ABA3032,SEKOLAH KEBANGSAAN SAMA GAGAH,SIMPANG EMPAT, SEMANGGOL,4.915061026,100.633659,PPD KRIAN,['RENDAH'],could not convert string to float: 'SEMANGGOL'
ABA3037,SEKOLAH KEBANGSAAN HAJI DAHLAN,TEBOK MATAU, SIMPANG EMPAT,4.98865,100.632935,PPD KRIAN,['RENDAH'],could not convert string to float: 'SIMPANG EMPAT'
ABA4004,SEKOLAH KEBANGSAAN BELURU,JALAN KAMPUNG KUBANG HALBAN, ENGGOR,4.823734717,100.9425992,PPD KUALA KANGSAR,['RENDAH'],could not convert string to float: 'ENGGOR'
ABA4009,SEKOLAH KEBANGSAAN SENGGANG,JALAN TUN SABAN, KAMPUNG SENGGANG,4.668944022,100.9286467,PPD KUALA KANGSAR,['RENDAH'],could not convert string to float: 'KAMPUNG SENGGANG'
ABA4011,SEKOLAH KEBANGSAAN SULTAN IDRIS II,646, JLN TUN ABDUL RAZAK,4.77573,100.93501,PPD KUALA KANGSAR,['RENDAH'],could not convert string to float: 'JLN TUN ABDUL RAZAK'
ABA4021,SEKOLAH KEBANGSAAN JELIANG,JALAN BARU, KAMPUNG JELIANG,4.624176444,100.8749697,PPD KUALA KANGSAR,['RENDAH'],could not convert string to float: 'KAMPUNG JELIANG'
ABA4024,SEKOLAH KEBANGSAAN ULU PIOL,JALAN HJ OTHMAN, KG ULU PIOL,4.57964,100.87874,PPD KUALA KANGSAR,['RENDAH'],could not convert string to float: 'KG ULU PIOL'
ABA4030,SEKOLAH KEBANGSAAN PEREMPUAN,JALAN BESAR, PEKAN PADANG RENGAS,4.775241602,100.8439965,PPD KUALA KANGSAR,['RENDAH'],could not convert string to float: 'PEKAN PADANG RENGAS'
ABA4058,SEKOLAH KEBANGSAAN KAMPUNG NASIB,JALAN IPOH, ENGGOR,4.835487,100.982172,PPD KUALA KANGSAR,['RENDAH'],could not convert string to float: 'ENGGOR'
ABA5005,SEKOLAH KEBANGSAAN CHANGKAT JONG,BT 8, KG. BARU CHANGKAT JONG,3.983093,101.122558,PPD HILIR PERAK,['RENDAH'],could not convert string to float: 'KG. BARU CHANGKAT JONG'
ABA5006,SEKOLAH KEBANGSAAN AYER HITAM,BATU 15, JALAN BIDOR,4.020495,101.201501,PPD HILIR PERAK,['RENDAH'],could not convert string to float: 'JALAN BIDOR'
ABA5012,SEKOLAH KEBANGSAAN TELUK BIRAH,KG. TELUK BIRAH, MUKIM SG DURIAN,4.031055,100.930043,PPD HILIR PERAK,['RENDAH'],could not convert string to float: 'MUKIM SG DURIAN'
ABA5062,SEKOLAH KEBANGSAAN CHIKUS,JALAN CHIKUS, OFF JLN SG MANIK, KG CHIKUS,4.072067,101.121258,"['PPD HILIR PERAK', 'RENDAH']",could not convert string to float: 'KG CHIKUS'
ABA5070,SEKOLAH KEBANGSAAN PENGKALAN ARA,PARIT 5, OFF JLN TELUK INTAN CHENDERONG BALAI,4.119002,101.051805,PPD HILIR PERAK,['RENDAH'],could not convert string to float: 'OFF JLN TELUK INTAN CHENDERONG BALAI'
ABA5072,SEKOLAH KEBANGSAAN KAMPUNG BAHARU REDANG PONGGOR,KM 33, JALAN KAMPAR,4.150311,101.127805,PPD HILIR PERAK,['RENDAH'],could not convert string to float: 'JALAN KAMPAR'
ABA5073,SEKOLAH KEBANGSAAN KAMPUNG BAHAGIA,KM 7,  JALAN SUNGAI MANIK,4.037563,101.048467,PPD HILIR PERAK,['RENDAH'],could not convert string to float: 'JALAN SUNGAI MANIK'
ABA5077,SEKOLAH KEBANGSAAN PERWIRA,KM 5, JALAN CHANGKAT JONG,4.000626,101.044287,PPD HILIR PERAK,['RENDAH'],could not convert string to float: 'JALAN CHANGKAT JONG'
ABA6001,SEKOLAH KEBANGSAAN LONG JAAFAR,LOT 331, JALAN KAMPUNG JANA,4.888683143,100.7293195,PPD LARUT/MATANG/SELAMA,['RENDAH'],could not convert string to float: 'JALAN KAMPUNG JANA'
ABA6029,SEKOLAH KEBANGSAAN JELAI,JALAN BESAR, JELAI,5.012584012,100.8113659,PPD LARUT/MATANG/SELAMA,['RENDAH'],could not convert string to float: 'JELAI'
ABA6033,SEKOLAH KEBANGSAAN HAJI WAN JAAFAR,JALAN KAMPONG MASJID, IJOK,5.133514418,100.833112,PPD LARUT/MATANG/SELAMA,['RENDAH'],could not convert string to float: 'IJOK'
ABA6034,SEKOLAH KEBANGSAAN SUNGAI JERNIH,JALAN SUNGAI JERNIH, IJOK,5.14126075,100.8668901,PPD LARUT/MATANG/SELAMA,['RENDAH'],could not convert string to float: 'IJOK'
ABA6041,SEKOLAH KEBANGSAAN ULU MENGKUANG,JALAN MESJID, ULU MENGKUANG,5.212918998,100.7649276,PPD LARUT/MATANG/SELAMA,['RENDAH'],could not convert string to float: 'ULU MENGKUANG'
ABA6055,SEKOLAH KEBANGSAAN BUKIT JANA,BATU 4, JALAN BATU KURAU ,4.904684,100.733085,PPD LARUT/MATANG/SELAMA,['RENDAH'],could not convert string to float: 'JALAN BATU KURAU'
ABA6061,SEKOLAH KEBANGSAAN TAMAN PALMA,LORONG PG/2, TAMAN PALMA,4.881327,100.713692,PPD LARUT/MATANG/SELAMA,['RENDAH'],could not convert string to float: 'TAMAN PALMA'
ABA7001,SEKOLAH KEBANGSAAN KEROH,605, JALAN TASEK,5.705607,100.998206,PPD HULU PERAK,['RENDAH'],could not convert string to float: 'JALAN TASEK'
ABA7021,SEKOLAH KEBANGSAAN SERI TAWAI,KAMPUNG TAWAI , JALAN GERIK LENGGONG,5.388904,101.076911,PPD HULU PERAK,['RENDAH'],could not convert string to float: 'JALAN GERIK LENGGONG'
ABA7022,SEKOLAH KEBANGSAAN KENAYAT,KM 18, JALAN GERIK LENGGONG,5.356697,101.038099,PPD HULU PERAK,['RENDAH'],could not convert string to float: 'JALAN GERIK LENGGONG'
ABA7024,SEKOLAH KEBANGSAAN KERUNAI,JALAN INTAN, KG. KERUNAI,5.515248,101.126806,PPD HULU PERAK,['RENDAH'],could not convert string to float: 'KG. KERUNAI'
ABA7027,SEKOLAH KEBANGSAAN RKT BERSIA,JALAN KELILING, FELDA BERSIA,5.473906,101.203915,PPD HULU PERAK,['RENDAH'],could not convert string to float: 'FELDA BERSIA'
ABA7037,SEKOLAH KEBANGSAAN RPS BANUN,PETI SURAT 60, PEJABAT POS GERIK,5.558584,101.414861,PPD HULU PERAK,['RENDAH'],could not convert string to float: 'PEJABAT POS GERIK'
ABA7038,SEKOLAH KEBANGSAAN RPS DALA,PETI SURAT 33, PEJABAT  POS GERIK,5.248873,101.179392,PPD HULU PERAK,['RENDAH'],could not convert string to float: 'PEJABAT  POS GERIK'
ABA7040,SEKOLAH KEBANGSAAN BATU 4,BT 4, JALAN KUALA RUI,5.452761,101.145755,PPD HULU PERAK,['RENDAH'],could not convert string to float: 'JALAN KUALA RUI'
ABA8201,SEKOLAH KEBANGSAAN SUNGAI GALAH,KAMPONG SUNGAI GALAH, JALAN TANJONG TUALANG,4.251467496,101.0266564,PPD PERAK TENGAH,['RENDAH'],could not convert string to float: 'JALAN TANJONG TUALANG'
ABA8212,SEKOLAH KEBANGSAAN BAKONG,KAMPUNG KUCHAI, LAMBOR KIRI,4.293903,100.89304,PPD PERAK TENGAH,['RENDAH'],could not convert string to float: 'LAMBOR KIRI'
ABA8221,SEKOLAH KEBANGSAAN LAYANG-LAYANG KANAN,KG BARU, LAYANG-LAYANG KANAN,4.400417723,100.8886526,PPD PERAK TENGAH,['RENDAH'],could not convert string to float: 'LAYANG-LAYANG KANAN'
ABA8239,SEKOLAH KEBANGSAAN PASIR KUBU,KG. PASIR KUBU, PULAU TIGA KIRI,4.245195967,100.9053258,PPD PERAK TENGAH,['RENDAH'],could not convert string to float: 'PULAU TIGA KIRI'
ABA8252,SEKOLAH KEBANGSAAN FELCRA NASARUDDIN,KM 37, JALAN TRONOH ,4.322522379,100.9526178,PPD PERAK TENGAH,['RENDAH'],could not convert string to float: 'JALAN TRONOH'
ABA9016,SEKOLAH KEBANGSAAN CHANGKAT TUALANG,KG. CHANGKAT TUALANG, KOTA BAHRU ,4.425209997,101.0877837,PPD KINTA SELATAN,['RENDAH'],could not convert string to float: 'KOTA BAHRU'
ABAA007,SEKOLAH KEBANGSAAN BEHRANG,BATU 8, BEHRANG ULU,3.777975,101.499392,PPD BATANG PADANG,['RENDAH'],could not convert string to float: 'BEHRANG ULU'
ABAB001,SEKOLAH KEBANGSAAN TAPAK SEMENANG,KAMPONG TAPAK SEMENANG, MUKIM TELUK BHARU,3.95364,100.948417,PPD BAGAN DATUK,['RENDAH'],could not convert string to float: 'MUKIM TELUK BHARU'
ABAB003,SEKOLAH KEBANGSAAN SUNGAI BETUL,SUNGAI BETUL, JALAN RUNGKUP KECIL KE BAGAN DATOH,3.978967,100.716,PPD BAGAN DATUK,['RENDAH'],could not convert string to float: 'JALAN RUNGKUP KECIL KE BAGAN DATOH'
ABAB006,SEKOLAH KEBANGSAAN SUNGAI SUMUN,PARIT 7, KAMPUNG SUNGAI SUMUN,3.876658,100.85305,PPD BAGAN DATUK,['RENDAH'],could not convert string to float: 'KAMPUNG SUNGAI SUMUN'
ABAB018,SEKOLAH KEBANGSAAN BAGAN DATOH,KM 1, JALAN BAGAN DATOH,3.983858,100.787367,PPD BAGAN DATUK,['RENDAH'],could not convert string to float: 'JALAN BAGAN DATOH'
ABAB021,SEKOLAH KEBANGSAAN SUNGAI PERGAM,KAMPUNG PARIT 5, SUNGAI PERGAM,3.959995,100.805833,PPD BAGAN DATUK,['RENDAH'],could not convert string to float: 'SUNGAI PERGAM'
ABAB024,SEKOLAH KEBANGSAAN RUNGKUP,SIMPANG 4, JALAN RUNGKUP,3.948831,100.714878,PPD BAGAN DATUK,['RENDAH'],could not convert string to float: 'JALAN RUNGKUP'
ABAB025,SEKOLAH KEBANGSAAN SUNGAI TIANG BAROH,KAMPUNG SUNGAI TIANG BAROH, JALAN SG TG BAROH,3.905856,100.718833,PPD BAGAN DATUK,['RENDAH'],could not convert string to float: 'JALAN SG TG BAROH'
ABAB027,SEKOLAH KEBANGSAAN SELEKOH,BATU 23, JALAN BAGAN DATOH,3.910233,100.775047,PPD BAGAN DATUK,['RENDAH'],could not convert string to float: 'JALAN BAGAN DATOH'
ABB1043,SEKOLAH KEBANGSAAN SIMPANG EMPAT,D/A SMK AHMAD BOESTAMAM, JALAN HAJI MOHD ALI,4.22035,100.69491,PPD MANJUNG,['RENDAH'],could not convert string to float: 'JALAN HAJI MOHD ALI'
ABB2082,SEKOLAH KEBANGSAAN LA SALLE,LEBUH SUNGAI SENAM, TAMAN IPOH,4.607649,101.109027,PPD KINTA UTARA,['RENDAH'],could not convert string to float: 'TAMAN IPOH'
ABB2084,SEKOLAH KEBANGSAAN PEREMPUAN METHODIST,69, JALAN CHAMBERLAIN HULU,4.587609385,101.0851195,PPD KINTA UTARA,['RENDAH'],could not convert string to float: 'JALAN CHAMBERLAIN HULU'
ABB9001,SEKOLAH KEBANGSAAN GOPENG,JALAN ILMU, KOPISAN BARU,4.461241,101.162793,PPD KINTA SELATAN,['RENDAH'],could not convert string to float: 'KOPISAN BARU'
ABB9002,SEKOLAH KEBANGSAAN METHODIST (ACS),1, JALAN KUALA DIPANG,4.316774,101.152964,PPD KINTA SELATAN,['RENDAH'],could not convert string to float: 'JALAN KUALA DIPANG'
ABBB001,SEKOLAH KEBANGSAAN KHIR JOHARI,BATU 17, SUNGAI SUMUN,3.8909,100.851219,PPD BAGAN DATUK,['RENDAH'],could not convert string to float: 'SUNGAI SUMUN'
ABC0053,SEKOLAH JENIS KEBANGSAAN (CINA) CHENDERIANG,NO.11, JALAN TEMOH,4.263583,101.237736,PPD BATANG PADANG,['RENDAH'],could not convert string to float: 'JALAN TEMOH'
ABC0054,SEKOLAH JENIS KEBANGSAAN (CINA) KHEUNG WA,LOT 1255, JALAN BIDOR,4.194403,101.262552,PPD BATANG PADANG,['RENDAH'],could not convert string to float: 'JALAN BIDOR'
ABC1048,SEKOLAH JENIS KEBANGSAAN (CINA) ENG LING,LOT 9894, JALAN DESA MANJUNG 2, TAMAN DESA MANJUNG POINT,4.235203,100.634651,"['PPD MANJUNG', 'RENDAH']",could not convert string to float: 'TAMAN DESA MANJUNG POINT'
ABC1055,SEKOLAH JENIS KEBANGSAAN (CINA) UK DIH,JLN LEKIR, KG KOH,4.187283096,100.7045904,PPD MANJUNG,['RENDAH'],could not convert string to float: 'KG KOH'
ABC2100,SEKOLAH JENIS KEBANGSAAN (CINA) YUK CHOY,195, JALAN SULTAN ISKANDAR,4.592705043,101.0880097,PPD KINTA UTARA,['RENDAH'],could not convert string to float: 'JALAN SULTAN ISKANDAR'
ABC2101,SEKOLAH JENIS KEBANGSAAN (CINA) PERAK,87, PEOPLE'S PARK,4.593030896,101.0785139,PPD KINTA UTARA,['RENDAH'],"could not convert string to float: ""PEOPLE'S PARK"""
ABC2102,SEKOLAH JENIS KEBANGSAAN (CINA) SAM TET,NO.22, JALAN GEREJA,4.59491254,101.0874759,PPD KINTA UTARA,['RENDAH'],could not convert string to float: 'JALAN GEREJA'
ABC2105,SEKOLAH JENIS KEBANGSAAN (CINA) POI LAM,PT21071, BANDAR BARU SRI KLEBANG, JALAN KUALA KANGSAR,4.692179,101.117782,"['PPD KINTA UTARA', 'RENDAH']",could not convert string to float: 'JALAN KUALA KANGSAR'
ABC2107,SEKOLAH JENIS KEBANGSAAN (CINA) CHUNG SHAN,129, JALAN TREACHER (S),4.590849,101.077695,PPD KINTA UTARA,['RENDAH'],could not convert string to float: 'JALAN TREACHER (S)'
ABC2111,SEKOLAH JENIS KEBANGSAAN (CINA) GUNTONG,JALAN SEKOLAH, KG. BARU BUNTONG,4.595964098,101.0598905,PPD KINTA UTARA,['RENDAH'],could not convert string to float: 'KG. BARU BUNTONG'
ABC2114,SEKOLAH JENIS KEBANGSAAN (CINA) CHUNG TACK,LEBUH 2, SIMEE,4.617304,101.10668,PPD KINTA UTARA,['RENDAH'],could not convert string to float: 'SIMEE'
ABC2115,SEKOLAH JENIS KEBANGSAAN (CINA) BERCHAM,LORONG 8, BERCHAM,4.637589,101.129044,PPD KINTA UTARA,['RENDAH'],could not convert string to float: 'BERCHAM'
ABC2117,SEKOLAH JENIS KEBANGSAAN (CINA) HING HWA,JALAN AMPANG, TAMBUN,4.608087678,101.1397969,PPD KINTA UTARA,['RENDAH'],could not convert string to float: 'TAMBUN'
ABC2118,SEKOLAH JENIS KEBANGSAAN (CINA) TAT CHOI,7, JALAN MAJLIS,4.671286,101.155666,PPD KINTA UTARA,['RENDAH'],could not convert string to float: 'JALAN MAJLIS'
ABC2121,SEKOLAH JENIS KEBANGSAAN (CINA) KAMPUNG TAWAS,LORONG TAWAS 29, KAMPUNG TAWAS,4.64685887,101.0979528,PPD KINTA UTARA,['RENDAH'],could not convert string to float: 'KAMPUNG TAWAS'
ABC2126,SEKOLAH JENIS KEBANGSAAN (CINA) JELAPANG,JALAN SEKOLAH, JELAPANG,4.634478624,101.0604928,PPD KINTA UTARA,['RENDAH'],could not convert string to float: 'JELAPANG'
ABC2136,SEKOLAH JENIS KEBANGSAAN (CINA) YUK KWAN,NO.8, JALAN KELAB,4.467795,101.040545,PPD KINTA SELATAN,['RENDAH'],could not convert string to float: 'JALAN KELAB'
ABC2140,SEKOLAH JENIS KEBANGSAAN (CINA) SUNGAI DURIAN,JALAN PASAR BARU, SUNGAI DURIAN,4.316185,101.034138,PPD KINTA SELATAN,['RENDAH'],could not convert string to float: 'SUNGAI DURIAN'
ABC2143,SEKOLAH JENIS KEBANGSAAN (CINA) PHUI YING,SIMPANG PULAI, KG KEPAYANG,4.531399,101.128635,PPD KINTA UTARA,['RENDAH'],could not convert string to float: 'KG KEPAYANG'
ABC4094,SEKOLAH JENIS KEBANGSAAN (CINA) KHIU MIN,JALAN BESAR, PADANG RENGAS,4.775287,100.841547,PPD KUALA KANGSAR,['RENDAH'],could not convert string to float: 'PADANG RENGAS'
ABC4100,SEKOLAH JENIS KEBANGSAAN (CINA) SEY WAH,NO.70,DEPAN BALAI POLIS,4.835202332,100.9658498,PPD KUALA KANGSAR,['RENDAH'],could not convert string to float: 'DEPAN BALAI POLIS'
ABC6075,SEKOLAH JENIS KEBANGSAAN (CINA) HUA LIAN (2),LOT 16747, JALAN PERTAMA 15, TAMAN PERTAMA,4.853905,100.724643,"['PPD LARUT/MATANG/SELAMA', 'RENDAH']",could not convert string to float: 'TAMAN PERTAMA'
ABC6076,SEKOLAH JENIS KEBANGSAAN (CINA) HUA LIAN (3),JLN. CEMPEDAK , KG. JAMBU,4.84111343,100.7425433,PPD LARUT/MATANG/SELAMA,['RENDAH'],could not convert string to float: 'KG. JAMBU'
ABC6078,SEKOLAH JENIS KEBANGSAAN (CINA) AULONG,LORONG 42, KAMPUNG BARU AULONG,4.854790663,100.712289,PPD LARUT/MATANG/SELAMA,['RENDAH'],could not convert string to float: 'KAMPUNG BARU AULONG'
ABC6083,SEKOLAH JENIS KEBANGSAAN (CINA) PHOOI WAH,JALAN BESAR, JELAI,5.012715859,100.8099066,PPD LARUT/MATANG/SELAMA,['RENDAH'],could not convert string to float: 'JELAI'
ABC9001,SEKOLAH JENIS KEBANGSAAN (CINA) NEW KOPISAN,JALAN SEKOLAH, KOPISAN BARU,4.461803,101.162647,PPD KINTA SELATAN,['RENDAH'],could not convert string to float: 'KOPISAN BARU'
ABC9003,SEKOLAH JENIS KEBANGSAAN (CINA) LAWAN KUDA BARU,JALAN 4, LAWAN KUDA BARU,4.45115,101.161777,PPD KINTA SELATAN,['RENDAH'],could not convert string to float: 'LAWAN KUDA BARU'
ABC9008,SEKOLAH JENIS KEBANGSAAN (CINA) MAMBANG DIAWAN,JALAN BELIDA, MAMBANG DI AWAN,4.26681,101.144763,PPD KINTA SELATAN,['RENDAH'],could not convert string to float: 'MAMBANG DI AWAN'
ABC9012,SEKOLAH JENIS KEBANGSAAN (CINA) YU YING,JALAN TENGAS, MAMBANG DIAWAN,4.261242,101.147196,PPD KINTA SELATAN,['RENDAH'],could not convert string to float: 'MAMBANG DIAWAN'
ABCA001,SEKOLAH JENIS KEBANGSAAN (CINA) HO PIN,KAMPUNG BARU, SLIM VILLAGE,3.850721,101.47924,PPD BATANG PADANG,['RENDAH'],could not convert string to float: 'SLIM VILLAGE'
ABCA005,SEKOLAH JENIS KEBANGSAAN (CINA) CHUNG SIN,121-122, JLN KETOYONG,3.684052,101.520456,PPD BATANG PADANG,['RENDAH'],could not convert string to float: 'JLN KETOYONG'
ABCB001,SEKOLAH JENIS KEBANGSAAN (CINA) YEONG SENG,BATU 10, JENDARATA,3.913763,100.945371,PPD BAGAN DATUK,['RENDAH'],could not convert string to float: 'JENDARATA'
ABCB008,SEKOLAH JENIS KEBANGSAAN (CINA) HUA HSIA,JALAN PASAR, BAGAN DATOH,3.989119,100.785163,PPD BAGAN DATUK,['RENDAH'],could not convert string to float: 'BAGAN DATOH'
ABCB010,SEKOLAH JENIS KEBANGSAAN (CINA) SIMPANG TIGA,BATU 24, SIMPANG 3, JALAN BAGAN DATOH,3.932895,100.776274,"['PPD BAGAN DATUK', 'RENDAH']",could not convert string to float: 'JALAN BAGAN DATOH'
ABD0084,SEKOLAH JENIS KEBANGSAAN (TAMIL) LADANG SUNGAI KRUIT,LOT 4857, LADANG SUNGAI KRUIT,3.988633238,101.3387776,PPD BATANG PADANG,['RENDAH'],could not convert string to float: 'LADANG SUNGAI KRUIT'
ABD0106,SEKOLAH JENIS KEBANGSAAN (TAMIL) LADANG BANOPDANE,BATU 4, JALAN TELUK INTAN,4.094454,101.25486,PPD BATANG PADANG,['RENDAH'],could not convert string to float: 'JALAN TELUK INTAN'
ABD2160,SEKOLAH JENIS KEBANGSAAN (TAMIL) ST PHILOMENA CONVENT,NO 45B, JALAN SILIBIN,4.60230573,101.0693379,PPD KINTA UTARA,['RENDAH'],could not convert string to float: 'JALAN SILIBIN'
ABD2163,SEKOLAH JENIS KEBANGSAAN (TAMIL) METHODIST,JALAN MADRAS, BUNTONG,4.590871,101.06091,PPD KINTA UTARA,['RENDAH'],could not convert string to float: 'BUNTONG'
ABD2164,SEKOLAH JENIS KEBANGSAAN (TAMIL) CHETTIARS,JLN LAHAT ,IPOH,4.589650442,101.0732956,PPD KINTA UTARA,['RENDAH'],could not convert string to float: 'IPOH'
ABD2167,SEKOLAH JENIS KEBANGSAAN (TAMIL) GUNONG RAPAT,MAIN ROAD, GUNUNG RAPAT,4.572999909,101.1187101,PPD KINTA UTARA,['RENDAH'],could not convert string to float: 'GUNUNG RAPAT'
ABD2175,SEKOLAH JENIS KEBANGSAAN (TAMIL) KLEBANG,JALAN KUALA KANGSAR, IPOH,4.683972079,101.1201077,PPD KINTA UTARA,['RENDAH'],could not convert string to float: 'IPOH'
ABD2176,SEKOLAH JENIS KEBANGSAAN (TAMIL) LADANG STRATHISLA,HALA CHEPOR 16, TAMAN CHEPOR RAYA,4.692734109,101.0921963,PPD KINTA UTARA,['RENDAH'],could not convert string to float: 'TAMAN CHEPOR RAYA'
ABD3059,SEKOLAH JENIS KEBANGSAAN (TAMIL) KUALA KURAU,JKR 410 JLN RAJA BASHAH, KUALA KURAU,5.018645,100.434028,PPD KRIAN,['RENDAH'],could not convert string to float: 'KUALA KURAU'
ABD3060,SEKOLAH JENIS KEBANGSAAN (TAMIL) SIMPANG LIMA,JALAN TERUSAN, SIMPANG LIMA,5.093560835,100.4902052,PPD KRIAN,['RENDAH'],could not convert string to float: 'SIMPANG LIMA'
ABD3062,SEKOLAH JENIS KEBANGSAAN (TAMIL) SAINT MARY'S,KOMPLEKS SEKOLAH WAWASAN, PEKAN BARU,5.117974,100.494504,PPD KRIAN,['RENDAH'],could not convert string to float: 'PEKAN BARU'
ABD3068,SEKOLAH JENIS KEBANGSAAN (TAMIL) LADANG JIN SENG,LADANG JIN SENG, BATU 4, JLN SIAKAP,4.956041,100.470371,"['PPD KRIAN', 'RENDAH']",could not convert string to float: 'JLN SIAKAP'
ABD3070,SEKOLAH JENIS KEBANGSAAN (TAMIL) ARUMUGAM PILLAI,MATANG PASIR, ALOR PONGSU,5.081222,100.600524,PPD KRIAN,['RENDAH'],could not convert string to float: 'ALOR PONGSU'
ABD5103,SEKOLAH JENIS KEBANGSAAN (TAMIL) SITHAMBARAM PILLAY,1132, JALAN JAWA,4.020413,101.025829,PPD HILIR PERAK,['RENDAH'],could not convert string to float: 'JALAN JAWA'
ABD5107,SEKOLAH JENIS KEBANGSAAN (TAMIL) DATO SITHAMBARAM PILLAY,BATU 6,KAMPUNG GLOUSTER, JALAN CHANGKAT JONG,4.004546,101.087934,"['PPD HILIR PERAK', 'RENDAH']",could not convert string to float: 'JALAN CHANGKAT JONG'
ABD5109,SEKOLAH JENIS KEBANGSAAN (TAMIL) NATESA PILLAY,BATU 14, JALAN BIDOR,4.008185,101.19047,PPD HILIR PERAK,['RENDAH'],could not convert string to float: 'JALAN BIDOR'
ABD5113,SEKOLAH JENIS KEBANGSAAN (TAMIL) LADANG BATAK RABIT,LDG.BATAK RABIT,KM 1 JLN.KG.BANJAR,3.988594,101.010673,PPD HILIR PERAK,['RENDAH'],could not convert string to float: 'KM 1 JLN.KG.BANJAR'
ABD5114,SEKOLAH JENIS KEBANGSAAN (TAMIL) LADANG NOVA SCOTIA 1,BATU 5, JALAN MAHARAJA LELA,3.968458,100.981485,PPD HILIR PERAK,['RENDAH'],could not convert string to float: 'JALAN MAHARAJA LELA'
ABD6116,SEKOLAH JENIS KEBANGSAAN (TAMIL) LADANG GETAH TAIPING,BATU 14, JALAN BRUAS,4.687450449,100.7105485,PPD LARUT/MATANG/SELAMA,['RENDAH'],could not convert string to float: 'JALAN BRUAS'
ABDB002,SEKOLAH JENIS KEBANGSAAN (TAMIL) LADANG JENDARATA 1,BATU 9.5 KILOMETER, JALAN MAHARAJALELA,3.914283,100.962848,PPD BAGAN DATUK,['RENDAH'],could not convert string to float: 'JALAN MAHARAJALELA'
ABDB005,SEKOLAH JENIS KEBANGSAAN (TAMIL) LADANG TELUK BULOH,LADANG TELUK BULOH, JALAN SABAK BERNAM,3.876731,100.953069,PPD BAGAN DATUK,['RENDAH'],could not convert string to float: 'JALAN SABAK BERNAM'
ABDB006,SEKOLAH JENIS KEBANGSAAN (TAMIL) LADANG JENDARATA BAHAGIAN ALPHA BERNAM,JALAN SABAK BERNAM, LADANG ALPHA BERNAM,3.826325,100.971827,PPD BAGAN DATUK,['RENDAH'],could not convert string to float: 'LADANG ALPHA BERNAM'
ABDB007,SEKOLAH JENIS KEBANGSAAN (TAMIL) LADANG FLEMINGTON,PETI SURAT 22,LADANG FLEMINGTON,BATU 16,3.890583,100.872157,"['PPD BAGAN DATUK', 'RENDAH']",could not convert string to float: 'BATU 16'
ABDB010,SEKOLAH JENIS KEBANGSAAN (TAMIL & TELUGU) BAGAN DATOH,KM 45, JALAN BAGAN DATOH,3.981728,100.786967,PPD BAGAN DATUK,['RENDAH'],could not convert string to float: 'JALAN BAGAN DATOH'
ABDB011,SEKOLAH JENIS KEBANGSAAN (TAMIL) LADANG STRATHMASHIE,LADANG STRATHMASHIE, JLN BG DATOH,4.010494,100.822366,PPD BAGAN DATUK,['RENDAH'],could not convert string to float: 'JLN BG DATOH'
ABDB015,SEKOLAH JENIS KEBANGSAAN (TAMIL) LADANG KAMATCHY,BATU 9, JALAN HUTAN MELINTANG,3.93177,100.944355,PPD BAGAN DATUK,['RENDAH'],could not convert string to float: 'JALAN HUTAN MELINTANG'
ACT3002,SRA AR-RIDHWANIAH,TELOK MEDAN, JALAN TAIPING,4.98425142,100.5830755,PPD KRIAN,['RENDAH'],could not convert string to float: 'JALAN TAIPING'
AEA0040,SEKOLAH MENENGAH KEBANGSAAN CHENDERIANG,KM 2, JALAN TEMOH TAPAH,4.234802516,101.2065954,PPD BATANG PADANG,['MENENGAH'],could not convert string to float: 'JALAN TEMOH TAPAH'
AEA0043,SEKOLAH MENENGAH SAINS TAPAH,BATU 2, JALAN PAHANG,4.218959,101.281601,PPD BATANG PADANG,['MENENGAH'],could not convert string to float: 'JALAN PAHANG'
AEA2045,SEKOLAH MENENGAH KEBANGSAAN RAJA PERMAISURI BAINUN,JALAN INTAN, KAMPUNG DATO' AHMAD SAID,4.628071688,101.076632,PPD KINTA UTARA,['MENENGAH'],"could not convert string to float: ""KAMPUNG DATO' AHMAD SAID"""
AEA2051,SEKOLAH MENENGAH KEBANGSAAN JALAN TASEK,JALAN SULTAN AZLAN SHAH (U), TAMAN TASEK INDRA,4.629966,101.117525,PPD KINTA UTARA,['MENENGAH'],could not convert string to float: 'TAMAN TASEK INDRA'
AEA2053,SEKOLAH MENENGAH KEBANGSAAN LAHAT,PERSIARAN LAHAT BARU 6,  BANDAR LAHAT BARU,4.535411708,101.0426793,PPD KINTA UTARA,['MENENGAH'],could not convert string to float: 'BANDAR LAHAT BARU'
AEA2060,SEKOLAH MENENGAH KEBANGSAAN BUNTONG,PERSIARAN RISHAH (S) 1/1B, DESA RISHAH,4.586715,101.047674,PPD KINTA UTARA,['MENENGAH'],could not convert string to float: 'DESA RISHAH'
AEA2065,SEKOLAH MENENGAH KEBANGSAAN RAPAT SETIA,JALAN TENAGA, RAPAT SETIA,4.566311,101.124578,PPD KINTA UTARA,['MENENGAH'],could not convert string to float: 'RAPAT SETIA'
AEA2066,SEKOLAH MENENGAH KEBANGSAAN TAMBUN,JALAN TANJUNG RAMBUTAN, TAMBUN,4.623032,101.142106,PPD KINTA UTARA,['MENENGAH'],could not convert string to float: 'TAMBUN'
AEA2067,SEKOLAH MENENGAH KEBANGSAAN BANDAR BARU PUTRA,PERSIARAN PUTRA 9, BANDAR BARU PUTRA,4.664555,101.144995,PPD KINTA UTARA,['MENENGAH'],could not convert string to float: 'BANDAR BARU PUTRA'
AEA3090,SEKOLAH MENENGAH KEBANGSAAN PEKAN BARU,JALAN MERBOK, TAMAN PEKAN BARU,5.119745,100.492941,PPD KRIAN,['MENENGAH'],could not convert string to float: 'TAMAN PEKAN BARU'
AEA6048,SEKOLAH MENENGAH KEBANGSAAN DOKTOR BURHANUDDIN,NO 58, JALAN RAJA SULONG, KG BOYAN,4.84429,100.729431,"['PPD LARUT/MATANG/SELAMA', 'MENENGAH']",could not convert string to float: 'KG BOYAN'
AEA6054,SEKOLAH MENENGAH KEBANGSAAN JELAI,JALAN BESAR, JELAI,5.016407249,100.8026416,PPD LARUT/MATANG/SELAMA,['MENENGAH'],could not convert string to float: 'JELAI'
AEAA002,SEKOLAH MENENGAH KEBANGSAAN SLIM,JLN MELATI, TAMAN SEROJA,3.824957174,101.4009821,PPD BATANG PADANG,['MENENGAH'],could not convert string to float: 'TAMAN SEROJA'
AEAA004,SEKOLAH MENENGAH KEBANGSAAN PROTON CITY,JALAN PC10, PROTON CITY,3.743103,101.539077,PPD BATANG PADANG,['MENENGAH'],could not convert string to float: 'PROTON CITY'
AEAB001,SEKOLAH MENENGAH KEBANGSAAN ULU BERNAM,BAHAGIAN SATU, LADANG ULU BERNAM,3.745838,101.148827,PPD BAGAN DATUK,['MENENGAH'],could not convert string to float: 'LADANG ULU BERNAM'
AEAB004,SEKOLAH MENENGAH KEBANGSAAN SERI PERKASA,JALAN SABAK BERNAM, SEBELUM JAMBATAN SABAK BERNAM,3.807183,100.998095,PPD BAGAN DATUK,['MENENGAH'],could not convert string to float: 'SEBELUM JAMBATAN SABAK BERNAM'
AEB2045,SEKOLAH MENENGAH KEBANGSAAN METHODIST (ACS),NO 111, JALAN LAHAT,4.590886,101.07278,PPD KINTA UTARA,['MENENGAH'],could not convert string to float: 'JALAN LAHAT'
AEB2047,SEKOLAH MENENGAH KEBANGSAAN PEREMPUAN METHODIST,NO. 2, JALAN RAJA PERMAISURI BAINUN,4.587162,101.084481,PPD KINTA UTARA,['MENENGAH'],could not convert string to float: 'JALAN RAJA PERMAISURI BAINUN'
AEB2049,SEKOLAH MENENGAH KEBANGSAAN TARCISIAN CONVENT,JALAN ABDUL MANAP, TAMAN LIM,4.609428,101.06989,PPD KINTA UTARA,['MENENGAH'],could not convert string to float: 'TAMAN LIM'
AEB2054,SEKOLAH MENENGAH KEBANGSAAN POI LAM,4, JALAN SRI KLEBANG D/2, BANDAR BARU SRI KLEBANG,4.69107,101.117748,"['PPD KINTA UTARA', 'MENENGAH']",could not convert string to float: 'BANDAR BARU SRI KLEBANG'
AEB2059,KOLEJ TINGKATAN ENAM SERI PUTERA,KEPAYANG, FAIR PARK,4.606149,101.096085,PPD KINTA UTARA,['MENENGAH'],could not convert string to float: 'FAIR PARK'
AEB4073,SEKOLAH MENENGAH KEBANGSAAN TSUNG WAH,66-B,JLN DATO SAGOR,4.770887396,100.9259874,PPD KUALA KANGSAR,['MENENGAH'],could not convert string to float: 'JLN DATO SAGOR'
AEB5170,SEKOLAH MENENGAH KEBANGSAAN SAN MIN,LOT 1146,JALAN MERBOK,4.005761,101.026944,PPD HILIR PERAK,['MENENGAH'],could not convert string to float: 'JALAN MERBOK'
AEB6052,SEKOLAH MENENGAH KEBANGSAAN (P) TREACHER METHODIST,NO. 5, JLN MUZIUM,4.860178475,100.7429026,PPD LARUT/MATANG/SELAMA,['MENENGAH'],could not convert string to float: 'JLN MUZIUM'
AEB6055,SEKOLAH MENENGAH KEBANGSAAN SRI KOTA,JALAN RAJA SULONG, KPG BOYAN,4.843033246,100.7305464,PPD LARUT/MATANG/SELAMA,['MENENGAH'],could not convert string to float: 'KPG BOYAN'
AEE2073,SEKOLAH MENENGAH KEBANGSAAN TRONOH,JALAN 3, OFF JALAN TRONOH,4.425468,100.990163,PPD KINTA SELATAN,['MENENGAH'],could not convert string to float: 'OFF JALAN TRONOH'
AEE8703,SEKOLAH MENENGAH KEBANGSAAN DATO' SERI MAHARAJA LELA,JALAN BESAR, KG GAJAH,4.18043603,100.9433198,PPD PERAK TENGAH,['MENENGAH'],could not convert string to float: 'KG GAJAH'
AEE9004,SEKOLAH MENENGAH KEBANGSAAN METHODIST (ACS),18, JLN KUALA DIPANG,4.317044,101.152498,PPD KINTA SELATAN,['MENENGAH'],could not convert string to float: 'JLN KUALA DIPANG'
AEEB001,SEKOLAH MENENGAH KEBANGSAAN KHIR JOHARI,BATU 17, JALAN BAGAN DATOH,3.891203,100.850058,PPD BAGAN DATUK,['MENENGAH'],could not convert string to float: 'JALAN BAGAN DATOH'
AEEB002,SEKOLAH MENENGAH KEBANGSAAN TUN ABD RAZAK,BATU 23, SELEKOH,3.910727,100.772887,PPD BAGAN DATUK,['MENENGAH'],could not convert string to float: 'SELEKOH'
AFA2001,MAAHAD TAHFIZ AL-QURAN & AKADEMIK BAKIP (MATAQAB),LOT 339319, BANDAR MERU RAYA,4.663799,101.090032,PPD KINTA UTARA,['MENENGAH'],could not convert string to float: 'BANDAR MERU RAYA'
AFT4001,SEKOLAH MENENGAH AGAMA AD-DINIAH AL-ISLAMIAH,KAMPUNG LALANG, PADANG RENGAS,4.783185509,100.8485265,PPD KUALA KANGSAR,['MENENGAH'],could not convert string to float: 'PADANG RENGAS'
AFT6003,SABK MAAHAD AL-KHAIR LIL BANAT,JALAN SEKOLAH ARAB, KG.JANA BARU,4.888673358,100.7240183,PPD LARUT/MATANG/SELAMA,['MENENGAH'],could not convert string to float: 'KG.JANA BARU'
AFTB001,SMA AL-ULUM AL-SYAR'IYYAH,BATU 20, JALAN BAGAN DATOK,3.88959,100.8191,PPD BAGAN DATUK,['MENENGAH'],could not convert string to float: 'JALAN BAGAN DATOK'
AHA5001,KOLEJ VOKASIONAL (PERTANIAN) TELUK INTAN,BATU 4, JALAN CHANGKAT JONG,3.991226,101.053796,PPD HILIR PERAK,['MENENGAH'],could not convert string to float: 'JALAN CHANGKAT JONG'
AHA7001,KOLEJ VOKASIONAL GERIK,KM 4, JALAN KUALA RUI,5.452773,101.143501,PPD HULU PERAK,['MENENGAH'],could not convert string to float: 'JALAN KUALA RUI'
AKE6159,KOLEJ VOKASIONAL TAIPING,BATU 4,KAMUNTING,4.897609191,100.7319766,PPD LARUT/MATANG/SELAMA,['MENENGAH'],could not convert string to float: 'KAMUNTING'
BBA0004,SEKOLAH KEBANGSAAN TELOK MENEGON,BATU 3, JALAN KOTA RAJA,3.031078,101.475631,PPD KLANG,['RENDAH'],could not convert string to float: 'JALAN KOTA RAJA'
BBA0005,SEKOLAH KEBANGSAAN BUKIT NAGA,BATU 6, KG. BUKIT NAGA, SEKSYEN 32,3.003152,101.504567,"['PPD KLANG', 'RENDAH']",could not convert string to float: 'SEKSYEN 32'
BBA0006,SEKOLAH KEBANGSAAN JALAN KEBUN,BATU 7 1/2 JALAN KEBUN, SEKSYEN 30,2.973031,101.518007,PPD KLANG,['RENDAH'],could not convert string to float: 'SEKSYEN 30'
BBA0008,SEKOLAH KEBANGSAAN RANTAU PANJANG,JALAN GENTING, RANTAU PANJANG,3.067503,101.410826,PPD KLANG,['RENDAH'],could not convert string to float: 'RANTAU PANJANG'
BBA0009,SEKOLAH KEBANGSAAN SEMENTA,BATU 6, JALAN KAPAR,3.092975,101.384533,PPD KLANG,['RENDAH'],could not convert string to float: 'JALAN KAPAR'
BBA0011,SEKOLAH KEBANGSAAN BUKIT KAPAR,JALAN SETIA JAYA, KG BUKIT KAPAR,3.166437,101.424347,PPD KLANG,['RENDAH'],could not convert string to float: 'KG BUKIT KAPAR'
BBA0012,SEKOLAH KEBANGSAAN SUNGAI BINJAI,BATU 6, PEKAN MERU,3.137499,101.438484,PPD KLANG,['RENDAH'],could not convert string to float: 'PEKAN MERU'
BBA0013,SEKOLAH KEBANGSAAN PULAU INDAH,JALAN SIDANG SULAIMAN, PULAU INDAH,2.93167,101.319437,PPD KLANG,['RENDAH'],could not convert string to float: 'PULAU INDAH'
BBA0016,SEKOLAH KEBANGSAAN KG RAJA UDA,JALAN KENANGA, KG RAJA UDA,3.016801,101.40952,PPD KLANG,['RENDAH'],could not convert string to float: 'KG RAJA UDA'
BBA0017,SEKOLAH KEBANGSAAN PANDAMARAN JAYA,JALAN 12, PANDAMARAN JAYA,3.006152,101.423006,PPD KLANG,['RENDAH'],could not convert string to float: 'PANDAMARAN JAYA'
BBA0019,SEKOLAH KEBANGSAAN SUNGAI SERDANG,BT 13 1/2, JALAN KAPAR,3.149329,101.327528,PPD KLANG,['RENDAH'],could not convert string to float: 'JALAN KAPAR'
BBA0022,SEKOLAH KEBANGSAAN TELOK GONG,KG NELAYAN, TELOK GONG,2.964199,101.385375,PPD KLANG,['RENDAH'],could not convert string to float: 'TELOK GONG'
BBA0023,SEKOLAH KEBANGSAAN TAMAN KLANG JAYA,JALAN SERULING 56, OFF JALAN LANGAT,3.004153,101.450129,PPD KLANG,['RENDAH'],could not convert string to float: 'OFF JALAN LANGAT'
BBA0024,SEKOLAH KEBANGSAAN TAMAN SRI MUDA,25/20 JALAN NYAMAN, TAMAN SRI MUDA,3.032753,101.529101,PPD PETALING PERDANA,['RENDAH'],could not convert string to float: 'TAMAN SRI MUDA'
BBA0029,SEKOLAH KEBANGSAAN ABDUL SAMAT,BATU 11, JALAN KAPAR,3.137807,101.371575,PPD KLANG,['RENDAH'],could not convert string to float: 'JALAN KAPAR'
BBA0033,SEKOLAH KEBANGSAAN KAMPUNG JAWA,JALAN KOTA RAJA, KAMPUNG JAWA,3.026465,101.463111,PPD KLANG,['RENDAH'],could not convert string to float: 'KAMPUNG JAWA'
BBA0034,SEKOLAH KEBANGSAAN TAMAN SRI ANDALAS,JALAN TUN DR. ISMAIL, OFF JALAN LANGAT,3.018473,101.451806,PPD KLANG,['RENDAH'],could not convert string to float: 'OFF JALAN LANGAT'
BBA0035,SEKOLAH KEBANGSAAN TAMAN GEMBIRA,JALAN HILIR DUA, TELOK GADONG,3.036857,101.429877,PPD KLANG,['RENDAH'],could not convert string to float: 'TELOK GADONG'
BBA0037,SEKOLAH KEBANGSAAN BUKIT KEMUNING 2,LOT N0 4, JALAN ANGGERIK DORITIS 31/143,2.983893,101.54097,PPD KLANG,['RENDAH'],could not convert string to float: 'JALAN ANGGERIK DORITIS 31/143'
BBA0038,SEKOLAH KEBANGSAAN MERU (2),JALAN PAIP, PEKAN MERU,3.153299,101.460825,PPD KLANG,['RENDAH'],could not convert string to float: 'PEKAN MERU'
BBA0039,SEKOLAH KEBANGSAAN SUNGAI KAPAR INDAH,JLN SUNGAI KAPAR INDAH 6, TMN SUNGAI KAPAR INDAH,3.10025,101.384554,PPD KLANG,['RENDAH'],could not convert string to float: 'TMN SUNGAI KAPAR INDAH'
BBA0040,SEKOLAH KEBANGSAAN KOTA KEMUNING,JALAN ANGGERIK ARANDA 31/8, KOTA KEMUNING,2.996389,101.547397,PPD KLANG,['RENDAH'],could not convert string to float: 'KOTA KEMUNING'
BBA0042,SEKOLAH KEBANGSAAN PULAU INDAH (2),BANDAR ARMADA PUTRA, PULAU INDAH,2.977965,101.34488,PPD KLANG,['RENDAH'],could not convert string to float: 'PULAU INDAH'
BBA0043,SEKOLAH KEBANGSAAN BUKIT RIMAU,11 PERSIARAN SUNGAI SELANGOR, SEKSYEN 32,2.992115,101.527004,PPD KLANG,['RENDAH'],could not convert string to float: 'SEKSYEN 32'
BBA1003,SEKOLAH KEBANGSAAN BANDAR,JALAN ISTANA, KAMPUNG BANDAR,2.864041,101.438932,PPD KUALA LANGAT,['RENDAH'],could not convert string to float: 'KAMPUNG BANDAR'
BBA1007,SEKOLAH KEBANGSAAN BKT CHANGGANG,KG. BUKIT CHANGGANG,BANTING, KUALA LANGAT,2.832285,101.627348,"['PPD KUALA LANGAT', 'RENDAH']",could not convert string to float: 'KUALA LANGAT'
BBA1027,SEKOLAH KEBANGSAAN KANCHONG DARAT,JALAN SULTAN ALAM SHAH, KANCHONG DARAT,2.788408,101.48279,PPD KUALA LANGAT,['RENDAH'],could not convert string to float: 'KANCHONG DARAT'
BBA1036,SEKOLAH KEBANGSAAN RTB BUKIT CHANGGANG,RANCANGAN TANAH BELIA, BUKIT CHANGGANG,2.805429,101.657137,PPD KUALA LANGAT,['RENDAH'],could not convert string to float: 'BUKIT CHANGGANG'
BBA1039,SEKOLAH KEBANGSAAN (ASLI) BUKIT KEMANDOL,JALAN DESA KEMANDOL 1, TAMAN DESA KEMANDOL,2.93948,101.565414,PPD KUALA LANGAT,['RENDAH'],could not convert string to float: 'TAMAN DESA KEMANDOL'
BBA3001,SEKOLAH KEBANGSAAN ASSAM JAWA,KM 38.4, JALAN KLANG KUALA SELANGOR,3.291277,101.292694,PPD KUALA SELANGOR,['RENDAH'],could not convert string to float: 'JALAN KLANG KUALA SELANGOR'
BBA3002,SEKOLAH KEBANGSAAN BKT BADONG,BATU 3, KAMPUNG BUKIT BADONG,3.33367,101.414126,PPD KUALA SELANGOR,['RENDAH'],could not convert string to float: 'KAMPUNG BUKIT BADONG'
BBA3003,SEKOLAH KEBANGSAAN BKT KERAYONG,JALAN SEKOLAH, KG. BUKIT KERAYONG 1,3.210736,101.401526,PPD KUALA SELANGOR,['RENDAH'],could not convert string to float: 'KG. BUKIT KERAYONG 1'
BBA3004,SEKOLAH KEBANGSAAN DATO' MAHARAJA LELA,JALAN PARIT OMAR, KAMPUNG BUKIT CHERAKA,3.271809,101.35235,PPD KUALA SELANGOR,['RENDAH'],could not convert string to float: 'KAMPUNG BUKIT CHERAKA'
BBA3005,SEKOLAH KEBANGSAAN TAMBAK JAWA,KILOMETER 26, JERAM,3.18226,101.315073,PPD KUALA SELANGOR,['RENDAH'],could not convert string to float: 'JERAM'
BBA3009,SEKOLAH KEBANGSAAN PASANGAN,JALAN RAWANG, KG. KUANTAN,3.362244,101.308846,PPD KUALA SELANGOR,['RENDAH'],could not convert string to float: 'KG. KUANTAN'
BBA3010,SEKOLAH KEBANGSAAN RANTAU PANJANG,KM 34, JALAN RAWANG, RANTAU PANJANG,3.398677,101.440596,"['PPD KUALA SELANGOR', 'RENDAH']",could not convert string to float: 'RANTAU PANJANG'
BBA3011,SEKOLAH KEBANGSAAN IJOK,BATU 7, IJOK,3.309637,101.393168,PPD KUALA SELANGOR,['RENDAH'],could not convert string to float: 'IJOK'
BBA3013,SEKOLAH KEBANGSAAN BKT BELIMBING,JALAN RAJA MUSA , KG. BUKIT BELIMBING,3.384737,101.269313,PPD KUALA SELANGOR,['RENDAH'],could not convert string to float: 'KG. BUKIT BELIMBING'
BBA3014,SEKOLAH KEBANGSAAN KUALA SELANGOR,SIMPANG 4, KAMPONG PERMATANG,3.365691,101.250793,PPD KUALA SELANGOR,['RENDAH'],could not convert string to float: 'KAMPONG PERMATANG'
BBA3016,SEKOLAH KEBANGSAAN SUNGAI BURONG,BATU 12, JALAN BERNAM,3.461977,101.137842,PPD KUALA SELANGOR,['RENDAH'],could not convert string to float: 'JALAN BERNAM'
BBA3017,SEKOLAH KEBANGSAAN SRI TIRAM,JALAN SETANJUNG, KG. SERI TIRAM JAYA,3.447643,101.239162,PPD KUALA SELANGOR,['RENDAH'],could not convert string to float: 'KG. SERI TIRAM JAYA'
BBA3021,SEKOLAH KEBANGSAAN PARIT EMPAT,BATU 14, JALAN BERNAM,3.482411,101.119491,PPD KUALA SELANGOR,['RENDAH'],could not convert string to float: 'JALAN BERNAM'
BBA3024,SEKOLAH KEBANGSAAN JALAN RAJA MUSA,BATU 8, JALAN RAJA MUSA,3.40737,101.318686,PPD KUALA SELANGOR,['RENDAH'],could not convert string to float: 'JALAN RAJA MUSA'
BBA3025,SEKOLAH KEBANGSAAN SUNGAI TERAP,BATU 4, JALAN BERNAM,3.389634,101.222259,PPD KUALA SELANGOR,['RENDAH'],could not convert string to float: 'JALAN BERNAM'
BBA3026,SEKOLAH KEBANGSAAN PARIT SERONG,JALAN PARIT SERONG, KG. PARIT SERONG,3.41811,101.227014,PPD KUALA SELANGOR,['RENDAH'],could not convert string to float: 'KG. PARIT SERONG'
BBA3028,SEKOLAH KEBANGSAAN SAWAH SEMPADAN,BLOK D, SAWAH SEMPADAN,3.462373,101.221411,PPD KUALA SELANGOR,['RENDAH'],could not convert string to float: 'SAWAH SEMPADAN'
BBA3034,SEKOLAH KEBANGSAAN SAUJANA UTAMA IJOK,PERSIARAN SAUJANA 3, SAUJANA UTAMA,3.21034,101.477773,PPD KUALA SELANGOR,['RENDAH'],could not convert string to float: 'SAUJANA UTAMA'
BBA3035,SEKOLAH KEBANGSAAN PUNCAK ALAM 2,JALAN GUGUSAN ALAM 7/1,SEKSYEN 7,3.226211,101.424617,PPD KUALA SELANGOR,['RENDAH'],could not convert string to float: 'SEKSYEN 7'
BBA3036,SEKOLAH KEBANGSAAN SERI PRISTANA,LOT 8214 JALAN SP2/1, SERI PRISTANA,3.208731,101.471506,PPD KUALA SELANGOR,['RENDAH'],could not convert string to float: 'SERI PRISTANA'
BBA3037,SEKOLAH KEBANGSAAN PUNCAK ALAM 3,LOT 7664, JALAN ASTANA 13/2,3.246114,101.425715,PPD KUALA SELANGOR,['RENDAH'],could not convert string to float: 'JALAN ASTANA 13/2'
BBA3038,SEKOLAH KEBANGSAAN DESA AMAN,TAMAN DESA COALFIELDS, FASA 3,3.233673,101.485367,PPD KUALA SELANGOR,['RENDAH'],could not convert string to float: 'FASA 3'
BBA4003,SEKOLAH KEBANGSAAN AMPANG CAMPURAN,AMPANG CAMPURAN, JALAN IKAN JELAWAT,3.132981,101.767877,PPD HULU LANGAT,['RENDAH'],could not convert string to float: 'JALAN IKAN JELAWAT'
BBA4004,SEKOLAH KEBANGSAAN SERI SEKAMAT,BT 12 1/2, JALAN CHERAS,3.023908,101.779649,PPD HULU LANGAT,['RENDAH'],could not convert string to float: 'JALAN CHERAS'
BBA4005,SEKOLAH KEBANGSAAN BATU SEMBILAN,BATU 9 , JALAN CHERAS,3.06983,101.768654,PPD HULU LANGAT,['RENDAH'],could not convert string to float: 'JALAN CHERAS'
BBA4011,SEKOLAH KEBANGSAAN SUNGAI LUI,KM 33, KAMPUNG SUNGAI LUI,3.166498,101.883977,PPD HULU LANGAT,['RENDAH'],could not convert string to float: 'KAMPUNG SUNGAI LUI'
BBA4019,SEKOLAH KEBANGSAAN KG CHERAS BAHARU,JALAN 34B,KG.CHERAS BARU,3.111171,101.74976,PPD HULU LANGAT,['RENDAH'],could not convert string to float: 'KG.CHERAS BARU'
BBA4020,SEKOLAH KEBANGSAAN LEMBAH JAYA,JALAN 9A, KAMPUNG LEMBAH JAYA SELATAN,3.137911,101.78549,PPD HULU LANGAT,['RENDAH'],could not convert string to float: 'KAMPUNG LEMBAH JAYA SELATAN'
BBA4021,SEKOLAH KEBANGSAAN ULU SEMENYIH,KM 40, JALAN SG. LALANG,2.992503,101.870549,PPD HULU LANGAT,['RENDAH'],could not convert string to float: 'JALAN SG. LALANG'
BBA4024,SEKOLAH KEBANGSAAN AMPANG,JALAN MERBAU, KG MELAYU AMPANG,3.152714,101.760213,PPD HULU LANGAT,['RENDAH'],could not convert string to float: 'KG MELAYU AMPANG'
BBA4025,SEKOLAH KEBANGSAAN BANDAR BARU BANGI,JALAN 2/1, SEKSYEN 2,2.946143,101.770983,PPD HULU LANGAT,['RENDAH'],could not convert string to float: 'SEKSYEN 2'
BBA4027,SEKOLAH KEBANGSAAN SUNGAI KANTAN,JALAN PADANG TEMBAK, SUNGAI KANTAN,3.001743,101.791298,PPD HULU LANGAT,['RENDAH'],could not convert string to float: 'SUNGAI KANTAN'
BBA4029,SEKOLAH KEBANGSAAN TAMAN CUEPACS,BATU 9,CHERAS,3.078493,101.759093,PPD HULU LANGAT,['RENDAH'],could not convert string to float: 'CHERAS'
BBA4030,SEKOLAH KEBANGSAAN TAMAN KOSAS,JALAN KOSAS 3/9, TAMAN KOSAS,3.148163,101.773833,PPD HULU LANGAT,['RENDAH'],could not convert string to float: 'TAMAN KOSAS'
BBA4032,SEKOLAH KEBANGSAAN JALAN 3,JALAN 3/4, SEKSYEN 3,2.946089,101.779441,PPD HULU LANGAT,['RENDAH'],could not convert string to float: 'SEKSYEN 3'
BBA4033,SEKOLAH KEBANGSAAN PANDAN INDAH,JALAN PANDAN ILMU, PANDAN INDAH,3.125551,101.751969,PPD HULU LANGAT,['RENDAH'],could not convert string to float: 'PANDAN INDAH'
BBA4034,SEKOLAH KEBANGSAAN BANDAR TUN HUSSEIN ONN,JALAN SUASANA,BANDAR TUN HUSSEIN ONN,3.053283,101.766086,PPD HULU LANGAT,['RENDAH'],could not convert string to float: 'BANDAR TUN HUSSEIN ONN'
BBA4036,SEKOLAH KEBANGSAAN SAUJANA IMPIAN,PERSIARAN IMPIAN PERDANA, SAUJANA IMPIAN,3.012838,101.787166,PPD HULU LANGAT,['RENDAH'],could not convert string to float: 'SAUJANA IMPIAN'
BBA4037,SEKOLAH KEBANGSAAN KAJANG UTAMA,JALAN AMAN 1,  TAMAN KAJANG UTAMA,2.973839,101.794229,PPD HULU LANGAT,['RENDAH'],could not convert string to float: 'TAMAN KAJANG UTAMA'
BBA4040,SEKOLAH KEBANGSAAN CHERAS INDAH,JALAN MELATI 4, TAMAN MAJU JAYA, AMPANG,3.125906,101.746178,"['PPD HULU LANGAT', 'RENDAH']",could not convert string to float: 'AMPANG'
BBA4041,SEKOLAH KEBANGSAAN BUKIT RAYA,BT 10, JALAN HULU LANGAT,3.073055,101.781629,PPD HULU LANGAT,['RENDAH'],could not convert string to float: 'JALAN HULU LANGAT'
BBA4043,SEKOLAH KEBANGSAAN DESA BAIDURI,PERSIARAN BAIDURI, TAMAN DESA BAIDURI,3.048106,101.750852,PPD HULU LANGAT,['RENDAH'],could not convert string to float: 'TAMAN DESA BAIDURI'
BBA4044,SEKOLAH KEBANGSAAN TAMAN JASMIN,JALAN JASMIN 2, TAMAN JASMIN,2.982191,101.814045,PPD HULU LANGAT,['RENDAH'],could not convert string to float: 'TAMAN JASMIN'
BBA4045,SEKOLAH KEBANGSAAN JALAN EMPAT,JALAN 4/8, BANDAR BARU BANGI,2.951248,101.779538,PPD HULU LANGAT,['RENDAH'],could not convert string to float: 'BANDAR BARU BANGI'
BBA4046,SEKOLAH KEBANGSAAN KANTAN PERMAI,PERSIARAN TKP, TAMAN KANTAN PERMAI,3.018483,101.806863,PPD HULU LANGAT,['RENDAH'],could not convert string to float: 'TAMAN KANTAN PERMAI'
BBA4047,SEKOLAH KEBANGSAAN SEKSYEN 7,JALAN 7/3, SEKSYEN 7,2.970422,101.775508,PPD HULU LANGAT,['RENDAH'],could not convert string to float: 'SEKSYEN 7'
BBA4049,SEKOLAH KEBANGSAAN SAUJANA IMPIAN (2),PERSIARAN IMPIAN PERDANA, SAUJANA IMPIAN,3.021045,101.792032,PPD HULU LANGAT,['RENDAH'],could not convert string to float: 'SAUJANA IMPIAN'
BBA4050,SEKOLAH KEBANGSAAN CHERAS JAYA,JALAN CJ 15, TAMAN CHERAS JAYA, BALAKONG,3.020454,101.762851,"['PPD HULU LANGAT', 'RENDAH']",could not convert string to float: 'BALAKONG'
BBA4051,SEKOLAH KEBANGSAAN BANDAR TASIK KESUMA,JALAN KESUMA 7/1,BANDAR TASIK KESUMA,2.900133,101.869933,PPD HULU LANGAT,['RENDAH'],could not convert string to float: 'BANDAR TASIK KESUMA'
BBA4052,SEKOLAH KEBANGSAAN BANDAR RINCHING,JALAN 1/1, BANDAR RINCHING,2.926408,101.849056,PPD HULU LANGAT,['RENDAH'],could not convert string to float: 'BANDAR RINCHING'
BBA4053,SEKOLAH KEBANGSAAN BANDAR TEKNOLOGI,JALAN 3/12, SEKSYEN 3, BANDAR TEKNOLOGI KAJANG,2.969907,101.822487,"['PPD HULU LANGAT', 'RENDAH']",could not convert string to float: 'BANDAR TEKNOLOGI KAJANG'
BBA4054,SEKOLAH KEBANGSAAN DUSUN NANDING,KM 17, JALAN HULU LANGAT,3.083162,101.791043,PPD HULU LANGAT,['RENDAH'],could not convert string to float: 'JALAN HULU LANGAT'
BBA4055,SEKOLAH KEBANGSAAN BANDAR TUN HUSSEIN ONN 2,JALAN SUADAMAI, BANDAR TUN HUSSEIN ONN,3.052485,101.754269,PPD HULU LANGAT,['RENDAH'],could not convert string to float: 'BANDAR TUN HUSSEIN ONN'
BBA4056,SEKOLAH KEBANGSAAN TAMAN BUKIT TERATAI,JALAN TERATAI 1/2H , TAMAN BUKIT TERATAI,3.10913,101.764693,PPD HULU LANGAT,['RENDAH'],could not convert string to float: 'TAMAN BUKIT TERATAI'
BBA4057,SEKOLAH KEBANGSAAN TAMAN PUTERI,BATU 9, JALAN HULU LANGAT,3.078116,101.771993,PPD HULU LANGAT,['RENDAH'],could not convert string to float: 'JALAN HULU LANGAT'
BBA4060,SEKOLAH KEBANGSAAN BANDAR BUKIT MAHKOTA,JALAN BM 5/12, SEKSYEN 5, BANDAR BUKIT MAHKOTA, BANGI,2.880246,"['101.81244', 'PPD HULU LANGAT', 'RENDAH']",could not convert string to float: 'BANDAR BUKIT MAHKOTA'
BBA5008,SEKOLAH KEBANGSAAN HULU BERNAM,KAMPUNG BARU 'B', HULU BERNAM, HULU SELANGOR,3.670467,101.524743,"['PPD HULU SELANGOR', 'RENDAH']",could not convert string to float: 'HULU SELANGOR'
BBA5021,SEKOLAH KEBANGSAAN SRI KELEDANG,S.K.C BERNAM, HULU SELANGOR,3.783979,101.332122,PPD HULU SELANGOR,['RENDAH'],could not convert string to float: 'HULU SELANGOR'
BBA5024,SEKOLAH KEBANGSAAN AMPANG PECAH,LOT 1817, JALAN HAMZAH,3.54232,101.662273,PPD HULU SELANGOR,['RENDAH'],could not convert string to float: 'JALAN HAMZAH'
BBA5025,SEKOLAH KEBANGSAAN BANDAR BARU BATANG KALI,SEKSYEN 3, BANDAR UTAMA,3.459212,101.654313,PPD HULU SELANGOR,['RENDAH'],could not convert string to float: 'BANDAR UTAMA'
BBA5028,SEKOLAH KEBANGSAAN TAMAN BUNGA RAYA (1),JLN BUNGA RAYA, TMN.BUNGA RAYA, BKT. BERUNTUNG,3.438814,101.551522,"['PPD HULU SELANGOR', 'RENDAH']",could not convert string to float: 'BKT. BERUNTUNG'
BBA5030,SEKOLAH KEBANGSAAN BUKIT SENTOSA,JALAN BUKIT SENTOSA 7,BUKIT SENTOSA,3.4145,101.585415,PPD HULU SELANGOR,['RENDAH'],could not convert string to float: 'BUKIT SENTOSA'
BBA5031,SEKOLAH KEBANGSAAN ANTARA GAPI,JALAN GAPI 1A, ANTARA GAPI,3.422072,101.630251,PPD HULU SELANGOR,['RENDAH'],could not convert string to float: 'ANTARA GAPI'
BBA5032,SEKOLAH KEBANGSAAN BUKIT BERUNTUNG 2,LINGKARAN SEROJA ,SEKSYEN BB7,3.419058,101.569002,PPD HULU SELANGOR,['RENDAH'],could not convert string to float: 'SEKSYEN BB7'
BBA6003,SEKOLAH KEBANGSAAN SIMPANG LIMA,JALAN PARIT 15, KG SIMPANG 5,3.618406,101.058786,PPD SABAK BERNAM,['RENDAH'],could not convert string to float: 'KG SIMPANG 5'
BBA6009,SEKOLAH KEBANGSAAN TOK KHALIFAH,PARIT 13, JLN. SUNGAI PANJANG,3.728279,101.074181,PPD SABAK BERNAM,['RENDAH'],could not convert string to float: 'JLN. SUNGAI PANJANG'
BBA6010,SEKOLAH KEBANGSAAN BAGAN TERAP,JALAN BESAR, PEKAN BAGAN TERAP,3.746608,101.056466,PPD SABAK BERNAM,['RENDAH'],could not convert string to float: 'PEKAN BAGAN TERAP'
BBA6012,SEKOLAH KEBANGSAAN LOBOK PUSING,JLN MASJID, KG LUBOK PUSING,3.760864,101.073706,PPD SABAK BERNAM,['RENDAH'],could not convert string to float: 'KG LUBOK PUSING'
BBA6015,SEKOLAH KEBANGSAAN KG BAHARU,JALAN HAJI SAIE,KAMPUNG BAHARU,3.792256,100.949141,PPD SABAK BERNAM,['RENDAH'],could not convert string to float: 'KAMPUNG BAHARU'
BBA6017,SEKOLAH KEBANGSAAN SEKENDI,KM 7,JALAN SEKENDI,3.728059,100.937493,PPD SABAK BERNAM,['RENDAH'],could not convert string to float: 'JALAN SEKENDI'
BBA6018,SEKOLAH KEBANGSAAN SIMPANG 4 BNO,SIMPANG 4, BAGAN NAKHODA OMAR,3.773455,100.8815,PPD SABAK BERNAM,['RENDAH'],could not convert string to float: 'BAGAN NAKHODA OMAR'
BBA6019,SEKOLAH KEBANGSAAN PARIT BAHARU,JALAN BESAR, KAMPUNG PARIT BAHARU,3.815562,100.8444,PPD SABAK BERNAM,['RENDAH'],could not convert string to float: 'KAMPUNG PARIT BAHARU'
BBA6022,SEKOLAH KEBANGSAAN TEBOK JAWA,JALAN TEBOK JAWA, KG. TEBOK JAWA,3.781311,100.911909,PPD SABAK BERNAM,['RENDAH'],could not convert string to float: 'KG. TEBOK JAWA'
BBA6023,SEKOLAH KEBANGSAAN SAPINTAS,BATU 4, KG SAPINTAS,3.78102,101.02998,PPD SABAK BERNAM,['RENDAH'],could not convert string to float: 'KG SAPINTAS'
BBA7101,SEKOLAH KEBANGSAAN SELAYANG BARU (2),JALAN 42, SELAYANG BARU,3.25375033,101.6661771,PPD GOMBAK,['RENDAH'],could not convert string to float: 'SELAYANG BARU'
BBA7204,SEKOLAH KEBANGSAAN GOMBAK UTARA,KM11, JALAN GOMBAK,3.239002,101.714986,PPD GOMBAK,['RENDAH'],could not convert string to float: 'JALAN GOMBAK'
BBA7205,SEKOLAH KEBANGSAAN SG TUA BAHARU,JALAN MELATI, KG SG TUA BAHARU,3.254994,101.674141,PPD GOMBAK,['RENDAH'],could not convert string to float: 'KG SG TUA BAHARU'
BBA7208,SEKOLAH KEBANGSAAN KUANG,KM 28, JALAN KUANG,3.229848,101.535407,PPD GOMBAK,['RENDAH'],could not convert string to float: 'JALAN KUANG'
BBA7213,SEKOLAH KEBANGSAAN TAMAN EHSAN,JALAN  25 ,  DESA  JAYA,3.219831,101.630681,PPD GOMBAK,['RENDAH'],could not convert string to float: 'DESA  JAYA'
BBA7214,SEKOLAH KEBANGSAAN TAMAN MELAWATI,JALAN F-13, TAMAN MELAWATI,3.225096,101.746941,PPD GOMBAK,['RENDAH'],could not convert string to float: 'TAMAN MELAWATI'
BBA7216,SEKOLAH KEBANGSAAN TAMAN SERI GOMBAK,JALAN SG 1/1, TAMAN SERI GOMBAK,3.243399,101.698259,PPD GOMBAK,['RENDAH'],could not convert string to float: 'TAMAN SERI GOMBAK'
BBA7217,SEKOLAH KEBANGSAAN LEMBAH KERAMAT,JLN AU 5C/6, LEMBAH KERAMAT,3.20204,101.757718,PPD GOMBAK,['RENDAH'],could not convert string to float: 'LEMBAH KERAMAT'
BBA7219,SEKOLAH KEBANGSAAN SELAYANG JAYA,JALAN SJ 24, TAMAN SELAYANG JAYA,3.237641,101.648749,PPD GOMBAK,['RENDAH'],could not convert string to float: 'TAMAN SELAYANG JAYA'
BBA7222,SEKOLAH KEBANGSAAN TAMAN PERMATA,JALAN PERMATA 9,TAMAN PERMATA, HULU KELANG,3.205758,101.747488,"['PPD GOMBAK', 'RENDAH']",could not convert string to float: 'HULU KELANG'
BBA7225,SEKOLAH KEBANGSAAN SELAYANG UTAMA,JALAN SU40, TAMAN SELAYANG UTAMA,3.236675,101.641142,PPD GOMBAK,['RENDAH'],could not convert string to float: 'TAMAN SELAYANG UTAMA'
BBA7227,SEKOLAH KEBANGSAAN TAMAN SAMUDRA,JALAN SAMUDRA BARAT 4, TAMAN SAMUDRA,3.233426,101.693115,PPD GOMBAK,['RENDAH'],could not convert string to float: 'TAMAN SAMUDRA'
BBA7228,SEKOLAH KEBANGSAAN SUNGAI PUSU,KM.11, JALAN GOMBAK,3.236947,101.715548,PPD GOMBAK,['RENDAH'],could not convert string to float: 'JALAN GOMBAK'
BBA7229,SEKOLAH KEBANGSAAN TAMAN SETIA,JALAN AKIK, TAMAN SETIA,3.224443,101.719163,PPD GOMBAK,['RENDAH'],could not convert string to float: 'TAMAN SETIA'
BBA7231,SEKOLAH KEBANGSAAN BUKIT RAWANG JAYA,JALAN BUKIT RAWANG, TAMAN BUKIT RAWANG ,3.335702,101.582109,PPD GOMBAK,['RENDAH'],could not convert string to float: 'TAMAN BUKIT RAWANG'
BBA7239,SEKOLAH KEBANGSAAN DESA AMANPURI,PERSIARAN PERDANA, KEPONG,3.217621,101.614605,PPD GOMBAK,['RENDAH'],could not convert string to float: 'KEPONG'
BBA7240,SEKOLAH KEBANGSAAN TAMAN PRIMA SELAYANG,OFF JALAN MELATI 7, TAMAN SRI MELATI,3.244224,101.655771,PPD GOMBAK,['RENDAH'],could not convert string to float: 'TAMAN SRI MELATI'
BBA7241,SEKOLAH KEBANGSAAN BANDAR BARU SELAYANG (2),PERSIARAN 2, FASA 1C, BANDAR BARU SELAYANG,3.259755,101.661988,"['PPD GOMBAK', 'RENDAH']",could not convert string to float: 'BANDAR BARU SELAYANG'
BBA7243,SEKOLAH KEBANGSAAN TAMAN TUN TEJA,JALAN SEKOLAH TUN TEJA, BATU 16,3.30417,101.589715,PPD GOMBAK,['RENDAH'],could not convert string to float: 'BATU 16'
BBA8101,SEKOLAH KEBANGSAAN TAMAN DATO HARUN (2),KM12, TAMAN DATO' HARUN, JALAN KLANG LAMA,3.077245666,101.6359391,"['PPD PETALING UTAMA', 'RENDAH']",could not convert string to float: 'JALAN KLANG LAMA'
BBA8104,SEKOLAH KEBANGSAAN SS 19 SUBANG JAYA,JLN SS 19/6, SUBANG JAYA,3.066568,101.576275,PPD PETALING PERDANA,['RENDAH'],could not convert string to float: 'SUBANG JAYA'
BBA8203,SEKOLAH KEBANGSAAN PADANG JAWA,JALAN PADANG JAWA,PADANG JAWA,3.052781,101.491382,PPD PETALING PERDANA,['RENDAH'],could not convert string to float: 'PADANG JAWA'
BBA8205,SEKOLAH KEBANGSAAN SERDANG,JLN UTAMA, KOMPLEKS PERTANIAN SERDANG, U.P.M,2.999967,101.700828,"['PPD PETALING PERDANA', 'RENDAH']",could not convert string to float: 'U.P.M'
BBA8209,SEKOLAH KEBANGSAAN SRI DAMAI,JALAN 17/13, SEKSYEN17,3.12167,101.63416,PPD PETALING UTAMA,['RENDAH'],could not convert string to float: 'SEKSYEN17'
BBA8210,SEKOLAH KEBANGSAAN TAMAN DATO' HARUN (SATU),KM. 12, JALAN KLANG LAMA,3.077653,101.63597,PPD PETALING UTAMA,['RENDAH'],could not convert string to float: 'JALAN KLANG LAMA'
BBA8211,SEKOLAH KEBANGSAAN KELANA JAYA (1),JALAN SS5/2, KELANA JAYA,3.105271,101.607623,PPD PETALING UTAMA,['RENDAH'],could not convert string to float: 'KELANA JAYA'
BBA8215,SEKOLAH KEBANGSAAN DAMANSARA JAYA (1),JALAN SS 22/48, DAMANSARA JAYA,3.123255,101.616577,PPD PETALING UTAMA,['RENDAH'],could not convert string to float: 'DAMANSARA JAYA'
BBA8219,SEKOLAH KEBANGSAAN SEKSYEN 17 SHAH ALAM,JALAN JELAWAT 17/1, SEKSYEN 17,3.044182,101.503507,PPD PETALING PERDANA,['RENDAH'],could not convert string to float: 'SEKSYEN 17'
BBA8220,SEKOLAH KEBANGSAAN TAMAN MEDAN,KM. 12, JALAN KLANG LAMA,3.078336,101.629993,PPD PETALING UTAMA,['RENDAH'],could not convert string to float: 'JALAN KLANG LAMA'
BBA8222,SEKOLAH KEBANGSAAN SEKSYEN 19,JALAN PETANI,19/1,3.052503,101.526382,PPD PETALING PERDANA,['RENDAH'],could not convert string to float: '19/1'
BBA8223,SEKOLAH KEBANGSAAN HICOM,JALAN KAJANG 27/10, SEKSYEN 27,3.026392,101.569715,PPD PETALING PERDANA,['RENDAH'],could not convert string to float: 'SEKSYEN 27'
BBA8229,SEKOLAH KEBANGSAAN PUCHONG JAYA,JALAN MERAK, BANDAR PUCHONG JAYA,3.057156,101.626266,PPD PETALING PERDANA,['RENDAH'],could not convert string to float: 'BANDAR PUCHONG JAYA'
BBA8230,SEKOLAH KEBANGSAAN TAMAN ALAM MEGAH,PERSIARAN  HULU LANGAT, SEKSYEN 28,3.006114,101.564993,PPD PETALING PERDANA,['RENDAH'],could not convert string to float: 'SEKSYEN 28'
BBA8231,SEKOLAH KEBANGSAAN TAMAN SRI MUDA 2,JALAN CERMAT 25/36, TAMAN SRI MUDA,3.033976,101.537465,PPD PETALING PERDANA,['RENDAH'],could not convert string to float: 'TAMAN SRI MUDA'
BBA8233,SEKOLAH KEBANGSAAN TUDM SUBANG,JALAN BENDAHARA, PANGKALAN UDARA SUBANG,3.118788,101.540187,PPD PETALING PERDANA,['RENDAH'],could not convert string to float: 'PANGKALAN UDARA SUBANG'
BBA8235,SEKOLAH KEBANGSAAN PUCHONG PERDANA,JALAN PERDANA 4/2, TAMAN PUCHONG PERDANA,3.004802,101.60177,PPD PETALING PERDANA,['RENDAH'],could not convert string to float: 'TAMAN PUCHONG PERDANA'
BBA8236,SEKOLAH KEBANGSAAN SEKSYEN 7 KOTA DAMANSARA,SEKSYEN 7, KOTA DAMANSARA,3.168543,101.574653,PPD PETALING UTAMA,['RENDAH'],could not convert string to float: 'KOTA DAMANSARA'
BBA8237,SEKOLAH KEBANGSAAN SERI SELANGOR,JALAN USJ 4/2,  UEP SUBANG JAYA,3.055971,101.575827,PPD PETALING PERDANA,['RENDAH'],could not convert string to float: 'UEP SUBANG JAYA'
BBA8238,SEKOLAH KEBANGSAAN BANDAR ANGGERIK,JALAN NURI 6/1, SEKSYEN 6,3.088043,101.508713,PPD PETALING PERDANA,['RENDAH'],could not convert string to float: 'SEKSYEN 6'
BBA8239,SEKOLAH KEBANGSAAN BUKIT KUCHAI,JALAN 17, TAMAN BUKIT KUCHAI,3.055703,101.635437,PPD PETALING PERDANA,['RENDAH'],could not convert string to float: 'TAMAN BUKIT KUCHAI'
BBA8242,SEKOLAH KEBANGSAAN ALAM MEGAH DUA,PERSIARAN KUALA LANGAT, SEKSYEN 27,3.010083,101.570763,PPD PETALING PERDANA,['RENDAH'],could not convert string to float: 'SEKSYEN 27'
BBA8244,SEKOLAH KEBANGSAAN BANDAR UTAMA DAMANSARA,LEBUH BANDAR UTAMA, BANDAR UTAMA,3.131949,101.608122,PPD PETALING UTAMA,['RENDAH'],could not convert string to float: 'BANDAR UTAMA'
BBA8248,SEKOLAH KEBANGSAAN BANDAR UTAMA DAMANSARA 2,NO. 2 PINTASAN BANDAR UTAMA, BANDAR UTAMA DAMANSARA,3.14103,101.614246,PPD PETALING UTAMA,['RENDAH'],could not convert string to float: 'BANDAR UTAMA DAMANSARA'
BBA8252,SEKOLAH KEBANGSAAN USJ 12,JALAN USJ 12/1 ,UEP SUBANG JAYA,3.042831,101.574132,PPD PETALING PERDANA,['RENDAH'],could not convert string to float: 'UEP SUBANG JAYA'
BBA8253,SEKOLAH KEBANGSAAN BANDAR BARU SRI DAMANSARA 2,JALAN CEMPAKA SD 12/2,BDR SRI DAMANSARA,3.196095,101.607499,PPD PETALING UTAMA,['RENDAH'],could not convert string to float: 'BDR SRI DAMANSARA'
BBA8254,SEKOLAH KEBANGSAAN PUCHONG UTAMA 2,JALAN PU9/5,TAMAN PUCHONG UTAMA,2.981671,101.613049,PPD PETALING PERDANA,['RENDAH'],could not convert string to float: 'TAMAN PUCHONG UTAMA'
BBA8255,SEKOLAH KEBANGSAAN SEKSYEN 1 BANDAR KINRARA,JALAN BK 2/10, BANDAR KINRARA,3.054055,101.643605,PPD PETALING PERDANA,['RENDAH'],could not convert string to float: 'BANDAR KINRARA'
BBA8257,SEKOLAH KEBANGSAAN PUCHONG INDAH,JALAN INDAH 2/1, PUCHONG INDAH,3.010969,101.606534,PPD PETALING PERDANA,['RENDAH'],could not convert string to float: 'PUCHONG INDAH'
BBA8260,SEKOLAH KEBANGSAAN BANDAR UTAMA DAMANSARA (4),BANDAR UTAMA DAMANSARA (4), DATARAN BANDAR UTAMA,3.151993,101.611217,PPD PETALING UTAMA,['RENDAH'],could not convert string to float: 'DATARAN BANDAR UTAMA'
BBA8261,SEKOLAH KEBANGSAAN ALAM MEGAH (3),NO. 2, JALAN TELOK PANGLIMA GARANG 28/1, SEKSYEN 28,3.002773,101.567743,"['PPD PETALING PERDANA', 'RENDAH']",could not convert string to float: 'SEKSYEN 28'
BBA8264,SEKOLAH KEBANGSAAN BUKIT JELUTONG,NO. 6, JALAN SERAMBI U8/21, SEKSYEN U8,3.106663,101.531193,"['PPD PETALING PERDANA', 'RENDAH']",could not convert string to float: 'SEKSYEN U8'
BBA8265,SEKOLAH KEBANGSAAN BANDAR SRI DAMANSARA 1,PERSIARAN PERDANA, BANDAR SRI DAMANSARA,3.191947,101.605271,PPD PETALING UTAMA,['RENDAH'],could not convert string to float: 'BANDAR SRI DAMANSARA'
BBA8266,SEKOLAH KEBANGSAAN DATO' ONN JAAFAR,KOMPLEKS SEKOLAH WAWASAN, PERSIARAN KEWAJIPAN, USJ,3.036987,101.589455,"['PPD PETALING PERDANA', 'RENDAH']",could not convert string to float: 'USJ'
BBA8268,SEKOLAH KEBANGSAAN SUBANG BESTARI,JALAN NOVA U5/81, SUBANG BESTARI, BANDAR PINGGIRAN SUBANG,3.174767,101.547375,"['PPD PETALING PERDANA', 'RENDAH']",could not convert string to float: 'BANDAR PINGGIRAN SUBANG'
BBA8271,SEKOLAH KEBANGSAAN DAMANSARA DAMAI 1,NO. 2, JALAN PJU 10/1F DAMANSARA DAMAI,3.193696,101.592722,PPD PETALING UTAMA,['RENDAH'],could not convert string to float: 'JALAN PJU 10/1F DAMANSARA DAMAI'
BBA8273,SEKOLAH KEBANGSAAN SEKSYEN 27 (2),NO. 4, JALAN PAYA LEBAR 27/10,3.016785,101.570449,PPD PETALING PERDANA,['RENDAH'],could not convert string to float: 'JALAN PAYA LEBAR 27/10'
BBA8277,SEKOLAH KEBANGSAAN SEKSYEN 11 KOTA DAMANSARA,JALAN KENYALANG 11/2, KOTA DAMANSARA,3.160164,101.593681,PPD PETALING UTAMA,['RENDAH'],could not convert string to float: 'KOTA DAMANSARA'
BBA8279,SEKOLAH KEBANGSAAN PUCHONG UTAMA 3,JALAN PU 1, TAMAN PUCHONG UTAMA,3.000973,101.612973,PPD PETALING PERDANA,['RENDAH'],could not convert string to float: 'TAMAN PUCHONG UTAMA'
BBA8282,SEKOLAH KEBANGSAAN JALAN U3,JALAN SP 2/10, SUBANG PERDANA,3.153687,101.544414,PPD PETALING PERDANA,['RENDAH'],could not convert string to float: 'SUBANG PERDANA'
BBA8283,SEKOLAH KEBANGSAAN SETIA ALAM,NO.2, JALAN SETIA IMPIAN U13/3T, SETIA ALAM,3.094237,101.454463,"['PPD PETALING PERDANA', 'RENDAH']",could not convert string to float: 'SETIA ALAM'
BBA8284,SEKOLAH KEBANGSAAN TAMAN DESAMINIUM,PERSIARAN DESAMINIUM 1, LESTARI PERDANA,3.005567,101.660559,PPD PETALING PERDANA,['RENDAH'],could not convert string to float: 'LESTARI PERDANA'
BBA8285,SEKOLAH KEBANGSAAN DAMANSARA DAMAI 2,JALAN PJU 10/4C, DAMANSARA DAMAI,3.192638,101.583835,PPD PETALING UTAMA,['RENDAH'],could not convert string to float: 'DAMANSARA DAMAI'
BBA8286,SEKOLAH KEBANGSAAN SAUJANA PUCHONG,JALAN SP1/1, SEKSYEN 1, SAUJANA PUCHONG,2.988249,101.639605,"['PPD PETALING PERDANA', 'RENDAH']",could not convert string to float: 'SAUJANA PUCHONG'
BBA8287,SEKOLAH KEBANGSAAN SUBANG BESTARI DUA,NO. 1, JALAN NOVA U5/45,3.180474,101.542787,PPD PETALING PERDANA,['RENDAH'],could not convert string to float: 'JALAN NOVA U5/45'
BBA8288,SEKOLAH KEBANGSAAN PUNCAK PERDANA,NO 1, JALAN PULAU ANGSA U10/1, SUNWAY ALAM SURIA, SEKSYEN 10,3.141422,"['101.496389', 'PPD PETALING PERDANA', 'RENDAH']",could not convert string to float: 'SUNWAY ALAM SURIA'
BBA8289,SEKOLAH KEBANGSAAN PUTRA HEIGHTS 2,JALAN PUTRA BAHAGIA 8/2, SEKSYEN 8, PUTRA HEIGHTS,2.999893,101.564423,"['PPD PETALING PERDANA', 'RENDAH']",could not convert string to float: 'PUTRA HEIGHTS'
BBA9204,SEKOLAH KEBANGSAAN SALAK,JALAN BESAR SALAK, KAMPUNG SALAK TINGGI,2.796565,101.746928,PPD SEPANG,['RENDAH'],could not convert string to float: 'KAMPUNG SALAK TINGGI'
BBA9207,SEKOLAH KEBANGSAAN KAMPONG BUSUT ASLI,KG. BUSUT BARU (A), BKT CHEDING,2.905162,101.590773,PPD KUALA LANGAT,['RENDAH'],could not convert string to float: 'BKT CHEDING'
BBA9208,SEKOLAH KEBANGSAAN JENDERAM,JALAN BESAR, KAMPUNG JENDERAM HULU,2.869147,101.732144,PPD SEPANG,['RENDAH'],could not convert string to float: 'KAMPUNG JENDERAM HULU'
BBA9210,SEKOLAH KEBANGSAAN DENGKIL,PEKAN DENGKIL, JALAN AYER HITAM,2.864152,101.674119,PPD SEPANG,['RENDAH'],could not convert string to float: 'JALAN AYER HITAM'
BBA9212,SEKOLAH KEBANGSAAN DESA PUTRA,JALAN UTAMA, KAMPUNG DESA PUTRA,2.912692,101.729892,PPD SEPANG,['RENDAH'],could not convert string to float: 'KAMPUNG DESA PUTRA'
BBA9214,SEKOLAH KEBANGSAAN PULAU MERANTI,BATU 8, PULAU MERANTI,2.965492,101.625617,PPD SEPANG,['RENDAH'],could not convert string to float: 'PULAU MERANTI'
BBA9220,SEKOLAH KEBANGSAAN TAMAN SEROJA,JLN BBST,TMN SEROJA , BANDAR BARU SALAK TINGGI,2.829181,101.728153,"['PPD SEPANG', 'RENDAH']",could not convert string to float: 'BANDAR BARU SALAK TINGGI'
BBA9221,SEKOLAH KEBANGSAAN TAMAN PANTAI SEPANG PUTRA,LOT 3870 JLN RAJA UDANG 8,TAMAN PANTAI SEPANG PUTRA,2.624446,101.710908,PPD SEPANG,['RENDAH'],could not convert string to float: 'TAMAN PANTAI SEPANG PUTRA'
BBA9224,SEKOLAH KEBANGSAAN TAMAN PUTRA PERDANA,JLN PUTRA PERDANA 3B, TMN PUTRA PERDANA,2.940266,101.621234,PPD SEPANG,['RENDAH'],could not convert string to float: 'TMN PUTRA PERDANA'
BBA9225,SEKOLAH KEBANGSAAN KOTA WARISAN,PERSIARAN WARISAN PERMAI, KOTA WARISAN,2.825979,101.704832,PPD SEPANG,['RENDAH'],could not convert string to float: 'KOTA WARISAN'
BBA9226,SEKOLAH KEBANGSAAN CYBERJAYA,PERSIARAN BESTARI, ZON FLAGSHIP 2,2.919236,101.638383,PPD SEPANG,['RENDAH'],could not convert string to float: 'ZON FLAGSHIP 2'
BBA9227,SEKOLAH KEBANGSAAN KLIA,TAMAN MAWAR, BANDAR BARU SALAK TINGGI,2.831949,101.731589,PPD SEPANG,['RENDAH'],could not convert string to float: 'BANDAR BARU SALAK TINGGI'
BBA9228,SEKOLAH KEBANGSAAN TAMAN PUTRA PERDANA 2,JALAN PUTRA PERDANA 6, TAMAN PUTRA PERDANA,2.940791,101.612551,PPD SEPANG,['RENDAH'],could not convert string to float: 'TAMAN PUTRA PERDANA'
BBA9229,SEKOLAH KEBANGSAAN DESA PINGGIRAN PUTRA,PERSIARAN DESA PINGGIRAN 4A, DESA PINGGIRAN PUTRA,2.899576,101.705659,PPD SEPANG,['RENDAH'],could not convert string to float: 'DESA PINGGIRAN PUTRA'
BBB0025,SEKOLAH KEBANGSAAN (1) JALAN BATU TIGA,JALAN PEKAN BARU, TAMAN ENG ANN,3.056899,101.460828,PPD KLANG,['RENDAH'],could not convert string to float: 'TAMAN ENG ANN'
BBB0026,SEKOLAH KEBANGSAAN (2) JALAN BATU TIGA,JALAN PEKAN BARU, TAMAN ENG ANN,3.057058,101.460842,PPD KLANG,['RENDAH'],could not convert string to float: 'TAMAN ENG ANN'
BBB0027,SEKOLAH KEBANGSAAN CONVENT (1),112, JALAN TENGKU KELANA,3.037693,101.444869,PPD KLANG,['RENDAH'],could not convert string to float: 'JALAN TENGKU KELANA'
BBB0028,SEKOLAH KEBANGSAAN CONVENT (2),112, JALAN TENGKU KELANA,3.037763,101.444896,PPD KLANG,['RENDAH'],could not convert string to float: 'JALAN TENGKU KELANA'
BBB0029,SEKOLAH KEBANGSAAN LA SALLE,143, PERSIARAN RAJA MUDA MUSA,3.032388,101.438858,PPD KLANG,['RENDAH'],could not convert string to float: 'PERSIARAN RAJA MUDA MUSA'
BBB0034,SEKOLAH KEBANGSAAN TENGKU BENDAHARA AZMAN (1),LORONG SABAH, PANDAMARAN,3.008673,101.40854,PPD KLANG,['RENDAH'],could not convert string to float: 'PANDAMARAN'
BBB0035,SEKOLAH KEBANGSAAN TENGKU BENDAHARA AZMAN (2),LORONG SABAH, PANDAMARAN,3.00905,101.408174,PPD KLANG,['RENDAH'],could not convert string to float: 'PANDAMARAN'
BBB1031,SEKOLAH KEBANGSAAN METHODIST,JALAN SEKOLAH, TELOK DATOK,2.821864,101.518587,PPD KUALA LANGAT,['RENDAH'],could not convert string to float: 'TELOK DATOK'
BBB4033,SEKOLAH KEBANGSAAN SEMENYIH,KM 33, JALAN BESAR SEREMBAN,2.95047,101.844684,PPD HULU LANGAT,['RENDAH'],could not convert string to float: 'JALAN BESAR SEREMBAN'
BBB7301,SEKOLAH KEBANGSAAN (1) GOMBAK,KM 8, JALAN GOMBAK,3.215656682,101.7110829,PPD GOMBAK,['RENDAH'],could not convert string to float: 'JALAN GOMBAK'
BBB7302,SEKOLAH KEBANGSAAN (2) GOMBAK,KM 8, JALAN GOMBAK,3.21552873,101.7117949,PPD GOMBAK,['RENDAH'],could not convert string to float: 'JALAN GOMBAK'
BBB7304,SEKOLAH KEBANGSAAN (2) KUALA AMPANG,LOT 3303, JALAN NIPAH OFF JALAN AMPANG,3.164451926,101.7400296,PPD GOMBAK,['RENDAH'],could not convert string to float: 'JALAN NIPAH OFF JALAN AMPANG'
BBB7305,SEKOLAH KEBANGSAAN (1) SELAYANG BARU,JALAN 45, SELAYANG BARU,3.254341,101.6661368,PPD GOMBAK,['RENDAH'],could not convert string to float: 'SELAYANG BARU'
BBB8303,SEKOLAH KEBANGSAAN (L) BUKIT BINTANG (1),JALAN SUNGAI JERNIH 8/1, SEKSYEN 8,3.097664,101.635999,PPD PETALING UTAMA,['RENDAH'],could not convert string to float: 'SEKSYEN 8'
BBB8310,SEKOLAH KEBANGSAAN JALAN SELANGOR (SATU),JALAN PADANG 4/48, JALAN SELANGOR,3.09153,101.645067,PPD PETALING UTAMA,['RENDAH'],could not convert string to float: 'JALAN SELANGOR'
BBB8312,SEKOLAH KEBANGSAAN SATU SULTAN ALAM SHAH,JALAN BUKIT 11/2,  PETALING JAYA,3.111825,101.646986,PPD PETALING UTAMA,['RENDAH'],could not convert string to float: 'PETALING JAYA'
BBB8315,SEKOLAH KEBANGSAAN SHAH ALAM,JALAN DAWAI 16/2,  SEKSYEN 16,3.058652,101.503668,PPD PETALING PERDANA,['RENDAH'],could not convert string to float: 'SEKSYEN 16'
BBC0040,SEKOLAH JENIS KEBANGSAAN (CINA) PEREMPUAN,95A, JALAN KOTA RAJA,3.038623,101.453753,PPD KLANG,['RENDAH'],could not convert string to float: 'JALAN KOTA RAJA'
BBC0041,SEKOLAH JENIS KEBANGSAAN (CINA) CHUEN MIN,LOT 389, JALAN JAMBU BOL / KS 1, TELOK PULAI,3.038502,101.431641,"['PPD KLANG', 'RENDAH']",could not convert string to float: 'TELOK PULAI'
BBC0042,SEKOLAH JENIS KEBANGSAAN (CINA) CHUNG HUA,NO1A, PERSIARAN ANGGERIK ERIA, SEC 31, KOTA KEMUNING,2.988307,"['101.534036', 'PPD KLANG', 'RENDAH']",could not convert string to float: 'SEC 31'
BBC0043,SEKOLAH JENIS KEBANGSAAN (CINA) HIN HUA,JALAN BATU NILAM, BANDAR BUKIT TINGGI,3.010336,101.429582,PPD KLANG,['RENDAH'],could not convert string to float: 'BANDAR BUKIT TINGGI'
BBC0044,SEKOLAH JENIS KEBANGSAAN (CINA) HWA LIEN,JALAN SEKOLAH,PULAU KETAM,3.022121,101.253998,PPD KLANG,['RENDAH'],could not convert string to float: 'PULAU KETAM'
BBC0045,SEKOLAH JENIS KEBANGSAAN (CINA) KENG CHEE,BAGAN TEOCHEW, PULAU KETAM,3.019706,101.244359,PPD KLANG,['RENDAH'],could not convert string to float: 'PULAU KETAM'
BBC0046,SEKOLAH JENIS KEBANGSAAN (CINA) KHE BENG,PERSIARAN KEMUNING PRIMA, SEKSYEN 32,3.013545,101.531943,PPD KLANG,['RENDAH'],could not convert string to float: 'SEKSYEN 32'
BBC0047,SEKOLAH JENIS KEBANGSAAN (CINA) KONG HOE,54, JALAN BATU TIGA,3.047183,101.452193,PPD KLANG,['RENDAH'],could not convert string to float: 'JALAN BATU TIGA'
BBC0051,SEKOLAH JENIS KEBANGSAAN (CINA) PIN HWA (1),2, PERSIARAN SETIA MURNI,SETIA ALAM, SEKSYEN U13,3.114023,"['101.450963', 'PPD KLANG', 'RENDAH']",could not convert string to float: 'SETIA ALAM'
BBC0052,SEKOLAH JENIS KEBANGSAAN (CINA) PUI YING,BATU 4, JALAN KAPAR,3.072392,101.410973,PPD KLANG,['RENDAH'],could not convert string to float: 'JALAN KAPAR'
BBC0053,SEKOLAH JENIS KEBANGSAAN (CINA) SIN BIN,SUNGAI LIMA, PULAU KETAM,3.040391,101.277046,PPD KLANG,['RENDAH'],could not convert string to float: 'PULAU KETAM'
BBC0055,SEKOLAH JENIS KEBANGSAAN (CINA) TIONG HUA KOK BIN,PEKAN MERU, BATU 6, OFF JALAN MERU,3.135503,101.439103,"['PPD KLANG', 'RENDAH']",could not convert string to float: 'OFF JALAN MERU'
BBC0056,SEKOLAH JENIS KEBANGSAAN (CINA) TSHING NIAN,25, JALAN TENGKU BADAR,3.006473,101.396737,PPD KLANG,['RENDAH'],could not convert string to float: 'JALAN TENGKU BADAR'
BBC0057,SEKOLAH JENIS KEBANGSAAN (CINA) WU TECK,PERSIARAN DELIMA 3, BANDAR PARKLANDS,2.968495,101.451486,PPD KLANG,['RENDAH'],could not convert string to float: 'BANDAR PARKLANDS'
BBC0058,SEKOLAH JENIS KEBANGSAAN (CINA) YING WAH,BATU 12, JALAN KAPAR,3.145306,101.35067,PPD KLANG,['RENDAH'],could not convert string to float: 'JALAN KAPAR'
BBC1037,SEKOLAH JENIS KEBANGSAAN (CINA) KAH WAH,KG. PULAU, TELOK BUNUT,2.823741,101.501634,PPD KUALA LANGAT,['RENDAH'],could not convert string to float: 'TELOK BUNUT'
BBC1038,SEKOLAH JENIS KEBANGSAAN (CINA) PENG MING,TELOK PANGLIMA GARANG, KUALA LANGAT,2.906463,101.468166,PPD KUALA LANGAT,['RENDAH'],could not convert string to float: 'KUALA LANGAT'
BBC1041,SEKOLAH JENIS KEBANGSAAN (CINA) TANJONG SEPAT,JLN BESAR,TANJONG SEPAT,2.661492,101.557401,PPD KUALA LANGAT,['RENDAH'],could not convert string to float: 'TANJONG SEPAT'
BBC3036,SEKOLAH JENIS KEBANGSAAN (CINA) CHUNG WAH,JALAN SASARAN, BUKIT KUCHING,3.260899,101.311127,PPD KUALA SELANGOR,['RENDAH'],could not convert string to float: 'BUKIT KUCHING'
BBC3040,SEKOLAH JENIS KEBANGSAAN (CINA) LIAT CHOON,BATU 17, SUNGAI SEMBILANG,3.19688,101.315735,PPD KUALA SELANGOR,['RENDAH'],could not convert string to float: 'SUNGAI SEMBILANG'
BBC3047,SEKOLAH JENIS KEBANGSAAN (CINA) YUK CHIH,JALAN BESAR, BESTARI JAYA (BATANG BERJUNTAI),3.379142,101.404662,PPD KUALA SELANGOR,['RENDAH'],could not convert string to float: 'BESTARI JAYA (BATANG BERJUNTAI)'
BBC4036,SEKOLAH JENIS KEBANGSAAN (CINA) BATU 11,JALAN SEKOLAH, KG. BARU BATU SEBELAS CHERAS,3.045973,101.770584,PPD HULU LANGAT,['RENDAH'],could not convert string to float: 'KG. BARU BATU SEBELAS CHERAS'
BBC4041,SEKOLAH JENIS KEBANGSAAN (CINA) SUNGAI CHUA,JALAN SEKOLAH, KG BARU SG CHUA,2.988573,101.770544,PPD HULU LANGAT,['RENDAH'],could not convert string to float: 'KG BARU SG CHUA'
BBC4044,SEKOLAH JENIS KEBANGSAAN (CINA) YOKE MIN,JALAN STESYEN, BANGI,2.903024,101.783171,PPD HULU LANGAT,['RENDAH'],could not convert string to float: 'BANGI'
BBC4047,SEKOLAH JENIS KEBANGSAAN (CINA) ON PONG,LOT 6, JALAN BESAR,3.146465,101.761489,PPD HULU LANGAT,['RENDAH'],could not convert string to float: 'JALAN BESAR'
BBC4050,SEKOLAH JENIS KEBANGSAAN (CINA) BANDAR SUNGAI LONG,JALAN SUNGAI LONG, BANDAR SUNGAI LONG,3.051739,101.803314,PPD HULU LANGAT,['RENDAH'],could not convert string to float: 'BANDAR SUNGAI LONG'
BBC5027,SEKOLAH JENIS KEBANGSAAN (CINA) CHOONG CHEE,JALAN BESAR, HULU YAM LAMA,3.451174,101.643172,PPD HULU SELANGOR,['RENDAH'],could not convert string to float: 'HULU YAM LAMA'
BBC5035,SEKOLAH JENIS KEBANGSAAN (CINA) RASA,PLOT A, JALAN CEMPERAI 2C/1, TAMAN RASA UTAMA,3.49301,101.634067,"['PPD HULU SELANGOR', 'RENDAH']",could not convert string to float: 'TAMAN RASA UTAMA'
BBC6030,SEKOLAH JENIS KEBANGSAAN (CINA) CHEONG HUA,SIMPANG 4, BNO,3.778957,100.882619,PPD SABAK BERNAM,['RENDAH'],could not convert string to float: 'BNO'
BBC7406,SEKOLAH JENIS KEBANGSAAN (CINA) SELAYANG BARU,JALAN 45, SELAYANG BARU,3.254526,101.667343,PPD GOMBAK,['RENDAH'],could not convert string to float: 'SELAYANG BARU'
BBC7408,SEKOLAH JENIS KEBANGSAAN (CINA) KOTA EMERALD,LINGKARAN BUKIT EMERALD, TAMAN EMERALD,3.315934,101.559919,PPD GOMBAK,['RENDAH'],could not convert string to float: 'TAMAN EMERALD'
BBC8403,SEKOLAH JENIS KEBANGSAAN (CINA) KUNG MAN,BATU 11 ,SERDANG LAMA,3.015323,101.720713,PPD PETALING PERDANA,['RENDAH'],could not convert string to float: 'SERDANG LAMA'
BBC8404,SEKOLAH JENIS KEBANGSAAN (CINA) HAN MING,JALAN MASJID, BATU 14, KG BAHARU PUCHONG,2.996805,101.622497,"['PPD PETALING PERDANA', 'RENDAH']",could not convert string to float: 'KG BAHARU PUCHONG'
BBC8408,SEKOLAH JENIS KEBANGSAAN (CINA) SUNGAI WAY,JALAN SS9A/1, SUNGAI WAY,3.087843,101.620993,PPD PETALING UTAMA,['RENDAH'],could not convert string to float: 'SUNGAI WAY'
BBC8415,SEKOLAH JENIS KEBANGSAAN (CINA) PUAY CHAI 2,JALAN BU3/1, BANDAR UTAMA,3.146541,101.610986,PPD PETALING UTAMA,['RENDAH'],could not convert string to float: 'BANDAR UTAMA'
BBC8416,SEKOLAH JENIS KEBANGSAAN (CINA) TUN TAN CHENG LOCK,KOMPLEKS SEK. WAWASAN, PERSIARAN KEWAJIPAN,3.036407,101.589756,PPD PETALING PERDANA,['RENDAH'],could not convert string to float: 'PERSIARAN KEWAJIPAN'
BBC8417,SEKOLAH JENIS KEBANGSAAN (CINA) CHEE WEN,USJ 1,  JALAN  SUBANG  MEWAH, SUBANG  MEWAH,3.050303,101.60301,"['PPD PETALING PERDANA', 'RENDAH']",could not convert string to float: 'SUBANG  MEWAH'
BBC8418,SEKOLAH JENIS KEBANGSAAN (CINA) DESA JAYA 2,PERSIARAN PERDANA,BANDAR SRI DAMANSARA,3.185571,101.605483,PPD PETALING UTAMA,['RENDAH'],could not convert string to float: 'BANDAR SRI DAMANSARA'
BBC8419,SEKOLAH JENIS KEBANGSAAN (CINA) SHIN CHENG (HARCROFT),JALAN KASAWARI 11, BANDAR PUCHONG JAYA,3.040173,101.630863,PPD PETALING PERDANA,['RENDAH'],could not convert string to float: 'BANDAR PUCHONG JAYA'
BBC8421,SEKOLAH JENIS KEBANGSAAN (CINA) TUN TAN SIEW SIN,PERSIARAN PUTRA BISTARI, PUTRA HEIGHT,3.021221,101.573365,PPD PETALING PERDANA,['RENDAH'],could not convert string to float: 'PUTRA HEIGHT'
BBC8422,SEKOLAH JENIS KEBANGSAAN (CINA) KHENG CHEE,PERSIARAN INDERA, PUSAT BANDAR PUCHONG, PUCHONG,3.021995,101.628867,"['PPD PETALING PERDANA', 'RENDAH']",could not convert string to float: 'PUCHONG'
BBC8423,SEKOLAH JENIS KEBANGSAAN (CINA) BUKIT SERDANG SERI KEMBANGAN,PERSIARAN LESTARI PERDANA 5, LESTARI PERDANA,3.011283,101.672679,PPD PETALING PERDANA,['RENDAH'],could not convert string to float: 'LESTARI PERDANA'
BBC9404,SEKOLAH JENIS KEBANGSAAN (CINA) SIN MING,BATU 16, JLN PUCHONG,2.966116,101.613631,PPD SEPANG,['RENDAH'],could not convert string to float: 'JLN PUCHONG'
BBC9407,SEKOLAH JENIS KEBANGSAAN (CINA) UNION,JALAN UNION, PERSIARAN SEPANG, CYBER 11,2.926161,101.631252,"['PPD SEPANG', 'RENDAH']",could not convert string to float: 'CYBER 11'
BBD0062,SEKOLAH JENIS KEBANGSAAN (TAMIL) LADANG BUKIT RAJAH,LOT 27(OFF JALAN HAJI SIRAT BATU BELAH),JALAN SUMAZAU/KU5,BUKIT RAJA,3.091274,101.438365,"['PPD KLANG', 'RENDAH']",could not convert string to float: 'BUKIT RAJA'
BBD0072,SEKOLAH JENIS KEBANGSAAN (TAMIL) LADANG EMERALD,BATU 8, JALAN KAMPUNG JAWA,3.018031,101.534369,PPD KLANG,['RENDAH'],could not convert string to float: 'JALAN KAMPUNG JAWA'
BBD0074,SEKOLAH JENIS KEBANGSAAN (TAMIL) LADANG HIGHLANDS,PERSIARAN BATU NILAM 2, BANDAR BUKIT TINGGI 2,2.992168,101.442609,PPD KLANG,['RENDAH'],could not convert string to float: 'BANDAR BUKIT TINGGI 2'
BBD0084,SEKOLAH JENIS KEBANGSAAN (TAMIL) SIMPANG LIMA,JALAN LANGAT, TAMAN  SRI  ANDALAS,3.014797,101.445696,PPD KLANG,['RENDAH'],could not convert string to float: 'TAMAN  SRI  ANDALAS'
BBD0092,SEKOLAH JENIS KEBANGSAAN (TAMIL) LDG VALLAMBROSA,BATU 7, JALAN KAPAR, KAPAR,3.100358,101.377439,"['PPD KLANG', 'RENDAH']",could not convert string to float: 'KAPAR'
BBD0093,SEKOLAH JENIS KEBANGSAAN (TAMIL) TAMAN SENTOSA,LORONG HULUBALANG, 10D/KS 07, TAMAN SENTOSA,2.996349,101.482319,"['PPD KLANG', 'RENDAH']",could not convert string to float: 'TAMAN SENTOSA'
BBD1066,SEKOLAH JENIS KEBANGSAAN (TAMIL) PULAU CAREY SELATAN,PULAU CAREY SELATAN, KUALA LANGAT,2.856519403,101.3312145,PPD KUALA LANGAT,['RENDAH'],could not convert string to float: 'KUALA LANGAT'
BBD3051,SEKOLAH JENIS KEBANGSAAN (TAMIL) LDG BUKIT CHERAKA,LADANG BUKIT CHERAKA,  JALAN SIMPANG TIGA ,3.226229,101.368622,PPD KUALA SELANGOR,['RENDAH'],could not convert string to float: 'JALAN SIMPANG TIGA'
BBD3061,SEKOLAH JENIS KEBANGSAAN (TAMIL) LDG KUALA SELANGOR,KM. 1.6, LADANG KUALA SELANGOR,3.309092,101.302607,PPD KUALA SELANGOR,['RENDAH'],could not convert string to float: 'LADANG KUALA SELANGOR'
BBD4051,SEKOLAH JENIS KEBANGSAAN (TAMIL) BANGI,LADANG BROOME, BANGI,2.8927697,101.7943183,PPD HULU LANGAT,['RENDAH'],could not convert string to float: 'BANGI'
BBD4057,SEKOLAH JENIS KEBANGSAAN (TAMIL) LDG RINCHING,23RD MILE, JALAN SEREMBAN,2.922964,101.859197,PPD HULU LANGAT,['RENDAH'],could not convert string to float: 'JALAN SEREMBAN'
BBD4065,SEKOLAH JENIS KEBANGSAAN (TAMIL) BANDAR MAHKOTA CHERAS,LOT 39070, PERSIARAN MAHKOTA CHERAS 1,PPD HULU LANGAT,RENDAH,,,could not convert string to float: 'PPD HULU LANGAT'
BBD7456,SEKOLAH JENIS KEBANGSAAN (TAMIL) TAMAN MELAWATI,JLN MELAWATI 5, TMN MELAWATI,3.216669,101.750015,PPD GOMBAK,['RENDAH'],could not convert string to float: 'TMN MELAWATI'
BBD8451,SEKOLAH JENIS KEBANGSAAN (TAMIL) CASTLEFIELD,BATU 11 3/4, JALAN PUCHONG,3.028473,101.614173,PPD PETALING PERDANA,['RENDAH'],could not convert string to float: 'JALAN PUCHONG'
BBD8452,SEKOLAH JENIS KEBANGSAAN (TAMIL) LDG EFFINGHAM,JALAN BU 11/1,BANDAR UTAMA DAMANSARA,3.132672,101.603873,PPD PETALING UTAMA,['RENDAH'],could not convert string to float: 'BANDAR UTAMA DAMANSARA'
BBD8454,SEKOLAH JENIS KEBANGSAAN (TAMIL) PUCHONG,JALAN BUNGA TANJUNG, BT 14 ,3.001541,101.621509,PPD PETALING PERDANA,['RENDAH'],could not convert string to float: 'BT 14'
BBD8455,SEKOLAH JENIS KEBANGSAAN (TAMIL) LDG KINRARA,JLN.PUCHONG, PETALING,3.056838,101.648923,PPD PETALING PERDANA,['RENDAH'],could not convert string to float: 'PETALING'
BBD8459,SEKOLAH JENIS KEBANGSAAN (TAMIL) HICOM,JALAN SELAYANG27/27, SEKSYEN27,3.019865,101.564861,PPD PETALING PERDANA,['RENDAH'],could not convert string to float: 'SEKSYEN27'
BBD8462,SEKOLAH JENIS KEBANGSAAN (TAMIL) LDG GLENMARIE,JALAN SUBANG, BATU TIGA,3.101598,101.559736,PPD PETALING PERDANA,['RENDAH'],could not convert string to float: 'BATU TIGA'
BBD8464,SEKOLAH JENIS KEBANGSAAN (TAMIL) LADANG NORTH HUMMOCK,LADANG NORTH HUMMOCK, BATU 5, JALAN MERU,3.104316,101.445674,"['PPD KLANG', 'RENDAH']",could not convert string to float: 'JALAN MERU'
BBD8466,SEKOLAH JENIS KEBANGSAAN (TAMIL) LDG RASAK,LOT (1A), JALAN METAFASA U16/1A , BUKIT SUBANG,3.170398,101.509855,"['PPD PETALING PERDANA', 'RENDAH']",could not convert string to float: 'BUKIT SUBANG'
BBD8467,SEKOLAH JENIS KEBANGSAAN (TAMIL) SEAPORT,JALAN PJS 6/4, KAMPUNG LINDUNGAN ,3.087104,101.60503,PPD PETALING UTAMA,['RENDAH'],could not convert string to float: 'KAMPUNG LINDUNGAN'
BBD8468,SEKOLAH JENIS KEBANGSAAN (TAMIL) SG RENGGAM,18/1, JALAN PINANG, SEKSYEN 18,3.048425,101.516476,"['PPD PETALING PERDANA', 'RENDAH']",could not convert string to float: 'SEKSYEN 18'
BBD8470,SEKOLAH JENIS KEBANGSAAN (TAMIL) TUN SAMBANTHAN,KOMPLEKS SEK. WAWASAN, USJ 15, PERSIARAN KEWAJIPAN,3.035625,101.588612,"['PPD PETALING PERDANA', 'RENDAH']",could not convert string to float: 'PERSIARAN KEWAJIPAN'
BBD9452,SEKOLAH JENIS KEBANGSAAN (TAMIL) LADANG AMPAR TENANG,P/S 15, LDG AMPAR TENANG ,2.847072,101.701569,PPD SEPANG,['RENDAH'],could not convert string to float: 'LDG AMPAR TENANG'
BEA0092,SEKOLAH MENENGAH KEBANGSAAN RAJA LUMU,JALAN RAJA LUMU, PANDAMARAN,3.014899,101.415734,PPD KLANG,['MENENGAH'],could not convert string to float: 'PANDAMARAN'
BEA0096,SEKOLAH MENENGAH KEBANGSAAN SULTAN ABDUL SAMAD,JALAN LANDASAN, BUKIT KUDA,3.045627,101.458961,PPD KLANG,['MENENGAH'],could not convert string to float: 'BUKIT KUDA'
BEA0097,SEKOLAH MENENGAH KEBANGSAAN PULAU INDAH,LOT 79478, PERSIARAN PULAU LUMUT KM12, SEKSYEN 10,2.944102,101.353846,"['PPD KLANG', 'MENENGAH']",could not convert string to float: 'SEKSYEN 10'
BEA0102,SEKOLAH MENENGAH KEBANGSAAN PENDAMARAN JAYA,JALAN YOUNG, PANDAMARAN,3.006166,101.421225,PPD KLANG,['MENENGAH'],could not convert string to float: 'PANDAMARAN'
BEA0103,SEKOLAH MENENGAH KEBANGSAAN TELOK GADONG,JALAN SERAMPANG 3, OFF JALAN TELUK PULAI,3.03937,101.428614,PPD KLANG,['MENENGAH'],could not convert string to float: 'OFF JALAN TELUK PULAI'
BEA0104,SEKOLAH MENENGAH KEBANGSAAN SRI ANDALAS,JALAN SRI DAMAK 10, TAMAN SRI ANDALAS,3.019208,101.451702,PPD KLANG,['MENENGAH'],could not convert string to float: 'TAMAN SRI ANDALAS'
BEA0107,SEKOLAH MENENGAH KEBANGSAAN TAMAN KLANG UTAMA,PERSIARAN SG. KERAMAT, TAMAN KLANG UTAMA,3.082934,101.421703,PPD KLANG,['MENENGAH'],could not convert string to float: 'TAMAN KLANG UTAMA'
BEA0108,SEKOLAH MENENGAH KEBANGSAAN KOTA KEMUNING,LOT 4, JLN ANGGERIK DORITIS 31/143, KOTA KEMUNING,2.99605,101.547454,"['PPD KLANG', 'MENENGAH']",could not convert string to float: 'KOTA KEMUNING'
BEA0110,SEKOLAH MENENGAH KEBANGSAAN SUNGAI KAPAR INDAH,JALAN HARAPAN 3A, TAMAN SUNGAI KAPAR INDAH,3.098388,101.375836,PPD KLANG,['MENENGAH'],could not convert string to float: 'TAMAN SUNGAI KAPAR INDAH'
BEA0112,SEKOLAH MENENGAH KEBANGSAAN BATU UNJUR,JALAN NILAM 1, BANDAR BUKIT TINGGI,3.011553,101.433915,PPD KLANG,['MENENGAH'],could not convert string to float: 'BANDAR BUKIT TINGGI'
BEA0114,SEKOLAH MENENGAH KEBANGSAAN BUKIT KAPAR,JALAN ABDUL WAHID, BUKIT KAPAR,3.162816,101.409756,PPD KLANG,['MENENGAH'],could not convert string to float: 'BUKIT KAPAR'
BEA1071,SEKOLAH MENENGAH KEBANGSAAN BANTING,TELOK DATOK, KUALA LANGAT,2.820729,101.52874,PPD KUALA LANGAT,['MENENGAH'],could not convert string to float: 'KUALA LANGAT'
BEA1074,SEKOLAH MENENGAH SAINS BANTING,JALAN SULTAN SULEIMAN SHAH , JUGRA,2.827408,101.446504,PPD KUALA LANGAT,['MENENGAH'],could not convert string to float: 'JUGRA'
BEA3075,SEKOLAH MENENGAH KEBANGSAAN DATO HARUN,BATU 8, JALAN BERNAM,3.425602,101.170886,PPD KUALA SELANGOR,['MENENGAH'],could not convert string to float: 'JALAN BERNAM'
BEA3079,SEKOLAH MENENGAH KEBANGSAAN SG. BURONG,BATU 12, LAPIS 3, SUNGAI BURONG,3.45555,101.1323167,"['PPD KUALA SELANGOR', 'MENENGAH']",could not convert string to float: 'SUNGAI BURONG'
BEA3080,SEKOLAH MENENGAH KEBANGSAAN TIRAM JAYA,JALAN SEKEMBANG, KG. SERI TIRAM JAYA,3.434425,101.236525,PPD KUALA SELANGOR,['MENENGAH'],could not convert string to float: 'KG. SERI TIRAM JAYA'
BEA3081,SEKOLAH MENENGAH KEBANGSAAN RANTAU PANJANG,KM. 16, JALAN RAWANG, RANTAU PANJANG,3.388993,101.439243,"['PPD KUALA SELANGOR', 'MENENGAH']",could not convert string to float: 'RANTAU PANJANG'
BEA3083,SEKOLAH MENENGAH SAINS KUALA SELANGOR,JALAN PENDIDIKAN,  BANDAR MALAWATI,3.322362,101.258152,PPD KUALA SELANGOR,['MENENGAH'],could not convert string to float: 'BANDAR MALAWATI'
BEA3084,SEKOLAH MENENGAH KEBANGSAAN SAUJANA UTAMA,PERSIARAN SAUJANA 3, SAUJANA UTAMA,3.208473,101.477883,PPD KUALA SELANGOR,['MENENGAH'],could not convert string to float: 'SAUJANA UTAMA'
BEA3085,SEKOLAH MENENGAH KEBANGSAAN PUNCAK ALAM,JALAN MAHKOTA IMPIAN 2/1, SEKSYEN 2,3.210712,101.428975,PPD KUALA SELANGOR,['MENENGAH'],could not convert string to float: 'SEKSYEN 2'
BEA3086,SEKOLAH MENENGAH KEBANGSAAN KUALA SELANGOR,KM1, JALAN RAWANG,3.3327804,101.2703932,PPD KUALA SELANGOR,['MENENGAH'],could not convert string to float: 'JALAN RAWANG'
BEA4603,SEKOLAH MENENGAH KEBANGSAAN BANDAR BARU BANGI,JALAN 1/7E, BANDAR BARU BANGI,2.946607,101.769725,PPD HULU LANGAT,['MENENGAH'],could not convert string to float: 'BANDAR BARU BANGI'
BEA4604,SEKOLAH MENENGAH KEBANGSAAN SULTAN ABDUL AZIZ SHAH,KM 22, JALAN CHERAS,3.005643,101.782853,PPD HULU LANGAT,['MENENGAH'],could not convert string to float: 'JALAN CHERAS'
BEA4606,SEKOLAH MENENGAH KEBANGSAAN ABDUL JALIL,BT 14, P POS HULU LANGAT,3.118103,101.817496,PPD HULU LANGAT,['MENENGAH'],could not convert string to float: 'P POS HULU LANGAT'
BEA4609,SEKOLAH MENENGAH KEBANGSAAN TAMAN KOSAS,JALAN KOSAS 2/2, TAMAN KOSAS,3.148178,101.772171,PPD HULU LANGAT,['MENENGAH'],could not convert string to float: 'TAMAN KOSAS'
BEA4615,SEKOLAH MENENGAH KEBANGSAAN PANDAN JAYA,JALAN PANDAN 5, PANDAN JAYA,3.13656,101.737886,PPD HULU LANGAT,['MENENGAH'],could not convert string to float: 'PANDAN JAYA'
BEA4617,SEKOLAH MENENGAH KEBANGSAAN CHERAS PERDANA,LORONG CP5/39, TMN CHERAS PERDANA, BT 9 3/4,3.045273,101.765623,"['PPD HULU LANGAT', 'MENENGAH']",could not convert string to float: 'BT 9 3/4'
BEA4618,SEKOLAH MENENGAH KEBANGSAAN DATO' AHMAD RAZALI,JALAN 13A, AMPANG JAYA,3.15704,101.759312,PPD HULU LANGAT,['MENENGAH'],could not convert string to float: 'AMPANG JAYA'
BEA4620,SEKOLAH MENENGAH KEBANGSAAN CHERAS JAYA,JALAN 3/13, TAMAN CHERAS JAYA, BALAKONG,3.019716,101.761823,"['PPD HULU LANGAT', 'MENENGAH']",could not convert string to float: 'BALAKONG'
BEA4621,SEKOLAH MENENGAH KEBANGSAAN SAUJANA IMPIAN,KM22, JALAN CHERAS,3.013302,101.788618,PPD HULU LANGAT,['MENENGAH'],could not convert string to float: 'JALAN CHERAS'
BEA4623,SEKOLAH MENENGAH KEBANGSAAN BANDAR BARU SUNGAI LONG,JALAN SUNGAI LONG, BANDAR SUNGAI LONG,3.052821,101.801833,PPD HULU LANGAT,['MENENGAH'],could not convert string to float: 'BANDAR SUNGAI LONG'
BEA4625,SEKOLAH MENENGAH KEBANGSAAN KAJANG UTAMA,JALAN AMAN 1, TAMAN KAJANG UTAMA,2.973235,101.795234,PPD HULU LANGAT,['MENENGAH'],could not convert string to float: 'TAMAN KAJANG UTAMA'
BEA4626,SEKOLAH MENENGAH KEBANGSAAN TAMAN JASMIN 2,JALAN KP 3/1, KAJANG PRIMA,2.980945,101.813747,PPD HULU LANGAT,['MENENGAH'],could not convert string to float: 'KAJANG PRIMA'
BEA4627,SEKOLAH MENENGAH KEBANGSAAN DUSUN NANDING,KM 17, JALAN HULU LANGAT,3.08224,101.790503,PPD HULU LANGAT,['MENENGAH'],could not convert string to float: 'JALAN HULU LANGAT'
BEA4628,SEKOLAH MENENGAH KEBANGSAAN BANDAR TASIK KESUMA,JALAN KESUMA 7/1, BANDAR TASIK KESUMA,2.899128,101.870069,PPD HULU LANGAT,['MENENGAH'],could not convert string to float: 'BANDAR TASIK KESUMA'
BEA4629,SEKOLAH MENENGAH KEBANGSAAN BANDAR DAMAI PERDANA,JALAN  DAMAI PERDANA 2, CHERAS (HULU LANGAT),3.043592,101.736733,PPD HULU LANGAT,['MENENGAH'],could not convert string to float: 'CHERAS (HULU LANGAT)'
BEA4630,SEKOLAH MENENGAH KEBANGSAAN BANDAR TUN HUSSEIN ONN 2,PERSIARAN SUADAMAI, BANDAR TUN HUSSEIN ONN,3.054728,101.755363,PPD HULU LANGAT,['MENENGAH'],could not convert string to float: 'BANDAR TUN HUSSEIN ONN'
BEA4631,SEKOLAH MENENGAH KEBANGSAAN PANDAN MEWAH,JALAN PANDAN MEWAH 1, PANDAN MEWAH,3.125035,101.761897,PPD HULU LANGAT,['MENENGAH'],could not convert string to float: 'PANDAN MEWAH'
BEA4632,SEKOLAH MENENGAH KEBANGSAAN BANDAR RINCHING,SEKSYEN 5, BANDAR RINCHING,2.930486,101.865288,PPD HULU LANGAT,['MENENGAH'],could not convert string to float: 'BANDAR RINCHING'
BEA4633,SEKOLAH MENENGAH KEBANGSAAN BANDAR SERI PUTRA,PERSIARAN SERI PUTRA 1, BANDAR SERI PUTRA,2.887744,101.783331,PPD HULU LANGAT,['MENENGAH'],could not convert string to float: 'BANDAR SERI PUTRA'
BEA4634,SEKOLAH MENENGAH KEBANGSAAN DESA SERDANG,JALAN DESA SERDANG 10, TAMAN DESA SERDANG,3.010447438,101.727678,PPD HULU LANGAT,['MENENGAH'],could not convert string to float: 'TAMAN DESA SERDANG'
BEA5069,SEKOLAH MENENGAH KEBANGSAAN BANDAR BARU BATANG KALI,SEKSYEN 3, BANDAR UTAMA BATANG KALI,3.458035,101.653516,PPD HULU SELANGOR,['MENENGAH'],could not convert string to float: 'BANDAR UTAMA BATANG KALI'
BEA5073,SEKOLAH MENENGAH KEBANGSAAN BUKIT SENTOSA 2,JALAN ANGGERIK 4, BANDAR BARU BUKIT SENTOSA 7,3.415811,101.586566,PPD HULU SELANGOR,['MENENGAH'],could not convert string to float: 'BANDAR BARU BUKIT SENTOSA 7'
BEA6044,SEKOLAH MENENGAH KEBANGSAAN BAGAN TERAP,JALAN BESAR, PEKAN BAGAN TERAP,3.748059,101.058604,PPD SABAK BERNAM,['MENENGAH'],could not convert string to float: 'PEKAN BAGAN TERAP'
BEA6601,SEKOLAH MENENGAH KEBANGSAAN DATO MUSTAFFA,JALAN SEKOLAH, PASIR PANJANG,3.566551,101.07197,PPD SABAK BERNAM,['MENENGAH'],could not convert string to float: 'PASIR PANJANG'
BEA7603,SEKOLAH MENENGAH KEBANGSAAN LEMBAH KERAMAT,JALAN AU4, LEMBAH KERAMAT,3.198059,101.759715,PPD GOMBAK,['MENENGAH'],could not convert string to float: 'LEMBAH KERAMAT'
BEA7604,SEKOLAH MENENGAH KEBANGSAAN TAMAN EHSAN,KEPONG, SELANGOR,3.222395,101.623458,PPD GOMBAK,['MENENGAH'],could not convert string to float: 'SELANGOR'
BEA7605,SEKOLAH MENENGAH KEBANGSAAN RAWANG,KM 25.6, JALAN IPOH,3.307583,101.597837,PPD GOMBAK,['MENENGAH'],could not convert string to float: 'JALAN IPOH'
BEA7614,SEKOLAH MENENGAH KEBANGSAAN SERI KERAMAT,JALAN AU4, LEMBAH KERAMAT,3.196588,101.75987,PPD GOMBAK,['MENENGAH'],could not convert string to float: 'LEMBAH KERAMAT'
BEA7615,SEKOLAH MENENGAH KEBANGSAAN DARUL EHSAN,JALAN 29, SELAYANG BARU,3.252505,101.668405,PPD GOMBAK,['MENENGAH'],could not convert string to float: 'SELAYANG BARU'
BEA7616,SEKOLAH MENENGAH KEBANGSAAN SUNGAI PUSU,KM 11, JALAN GOMBAK,3.238336,101.717771,PPD GOMBAK,['MENENGAH'],could not convert string to float: 'JALAN GOMBAK'
BEA7619,SEKOLAH MENENGAH KEBANGSAAN BUKIT RAHMAN PUTRA,JALAN BRP 7/1, BUKIT RAHMAN PUTRA,3.230133,101.555353,PPD GOMBAK,['MENENGAH'],could not convert string to float: 'BUKIT RAHMAN PUTRA'
BEA7621,SEKOLAH MENENGAH KEBANGSAAN TAMAN DESA 2,JALAN DESA JAYA, BANDAR COUNTRY HOMES,3.331113,101.537493,PPD GOMBAK,['MENENGAH'],could not convert string to float: 'BANDAR COUNTRY HOMES'
BEA8605,SEKOLAH MENENGAH KEBANGSAAN BUKIT GADING,KM. 26, SG. PLONG,3.214173,101.529713,PPD GOMBAK,['MENENGAH'],could not convert string to float: 'SG. PLONG'
BEA8607,SEKOLAH MENENGAH KEBANGSAAN TAMAN DATO' HARUN,KM 12, JLN KLANG LAMA,3.077819,101.63488,PPD PETALING UTAMA,['MENENGAH'],could not convert string to float: 'JLN KLANG LAMA'
BEA8608,SEKOLAH MENENGAH KEBANGSAAN DAMANSARA JAYA,JALAN SS 22A/1, PETALING JAYA,3.131193,101.616083,PPD PETALING UTAMA,['MENENGAH'],could not convert string to float: 'PETALING JAYA'
BEA8609,SEKOLAH MENENGAH KEBANGSAAN BATU 8,BATU 8, JALAN PUCHONG,3.061081,101.629476,PPD PETALING PERDANA,['MENENGAH'],could not convert string to float: 'JALAN PUCHONG'
BEA8610,SEKOLAH MENENGAH KEBANGSAAN SEKSYEN 16,JALAN HALIA 16/8, SEKSYEN 16,3.054941,101.503449,PPD PETALING PERDANA,['MENENGAH'],could not convert string to float: 'SEKSYEN 16'
BEA8611,SEKOLAH MENENGAH KEBANGSAAN DAMANSARA UTAMA,JALAN SS 20/21, DAMANSARA UTAMA,3.136349,101.625503,PPD PETALING UTAMA,['MENENGAH'],could not convert string to float: 'DAMANSARA UTAMA'
BEA8612,SEKOLAH MENENGAH PENDIDIKAN KHAS VOKASIONAL SHAH ALAM,JALAN SENANGIN 17/2A, SEKSYEN 17,3.050582,101.500179,PPD PETALING PERDANA,['MENENGAH'],could not convert string to float: 'SEKSYEN 17'
BEA8614,SEKOLAH MENENGAH KEBANGSAAN SUBANG UTAMA,JALAN SS 18/1A, SUBANG JAYA,3.068614,101.581937,PPD PETALING PERDANA,['MENENGAH'],could not convert string to float: 'SUBANG JAYA'
BEA8620,SEKOLAH MENENGAH KEBANGSAAN BANDAR BARU SUNGAI BULOH,JALAN BRP 1/10A, BANDAR BARU SUNGAI BULOH,3.206759,101.561602,PPD GOMBAK,['MENENGAH'],could not convert string to float: 'BANDAR BARU SUNGAI BULOH'
BEA8621,SEKOLAH MENENGAH KEBANGSAAN SEKSYEN 19,JALAN GELORA 19/46, SEKSYEN 19,3.051169,101.533088,PPD PETALING PERDANA,['MENENGAH'],could not convert string to float: 'SEKSYEN 19'
BEA8622,SEKOLAH MENENGAH KEBANGSAAN ALAM MEGAH,JALAN SG. BATU 27/72,SEKSYEN 27,3.012403,101.568793,PPD PETALING PERDANA,['MENENGAH'],could not convert string to float: 'SEKSYEN 27'
BEA8623,SEKOLAH MENENGAH KEBANGSAAN TAMAN SRI MUDA,JALAN SABAR 25/83, TAMAN SRI MUDA,3.025836,101.539993,PPD PETALING PERDANA,['MENENGAH'],could not convert string to float: 'TAMAN SRI MUDA'
BEA8628,SEKOLAH MENENGAH KEBANGSAAN PUCHONG PERDANA,BATU 13, TAMAN PUCHONG PERDANA,3.005112,101.600236,PPD PETALING PERDANA,['MENENGAH'],could not convert string to float: 'TAMAN PUCHONG PERDANA'
BEA8635,SEKOLAH MENENGAH KEBANGSAAN USJ 12,PERSIARAN SETIA, USJ12,3.044247,101.574337,PPD PETALING PERDANA,['MENENGAH'],could not convert string to float: 'USJ12'
BEA8637,SEKOLAH MENENGAH KEBANGSAAN TTDI JAYA,JALAN SASTERA U2/1, SEKSYEN U2, SHAH ALAM,3.104725,101.554715,"['PPD PETALING PERDANA', 'MENENGAH']",could not convert string to float: 'SHAH ALAM'
BEA8638,SEKOLAH MENENGAH KEBANGSAAN SEKSYEN 10 KOTA DAMANSARA,PERSIARAN MAHOGANY,SEKSYEN 10, KOTA DAMANSARA,3.169447,101.579437,"['PPD PETALING UTAMA', 'MENENGAH']",could not convert string to float: 'KOTA DAMANSARA'
BEA8641,SEKOLAH MENENGAH KEBANGSAAN BANDAR SRI DAMANSARA 2,PERSIARAN MERANTI, SEKSYEN 1,3.191392,101.603882,PPD PETALING UTAMA,['MENENGAH'],could not convert string to float: 'SEKSYEN 1'
BEA8643,SEKOLAH MENENGAH KEBANGSAAN BANDAR UTAMA DAMANSARA 3,PERSIARAN BUKIT UTAMA, BANDAR UTAMA ,3.140064,101.606583,PPD PETALING UTAMA,['MENENGAH'],could not convert string to float: 'BANDAR UTAMA'
BEA8645,SEKOLAH MENENGAH KEBANGSAAN SEKSYEN 3 BANDAR KINRARA,JALAN BK 5B, BANDAR KINRARA,3.038506,101.641782,PPD PETALING PERDANA,['MENENGAH'],could not convert string to float: 'BANDAR KINRARA'
BEA8647,SEKOLAH MENENGAH KEBANGSAAN SEKSYEN 4 BANDAR KINRARA,JALAN BK 5A, BANDAR KINRARA,3.045547,101.646909,PPD PETALING PERDANA,['MENENGAH'],could not convert string to float: 'BANDAR KINRARA'
BEA8650,SEKOLAH MENENGAH KEBANGSAAN BUKIT JELUTONG,NO.2, JALAN SERAMBI U8/21, BUKIT JELUTONG,3.109003,101.531473,"['PPD PETALING PERDANA', 'MENENGAH']",could not convert string to float: 'BUKIT JELUTONG'
BEA8652,SEKOLAH MENENGAH KEBANGSAAN DAMANSARA DAMAI 1,NO. 2, JALAN PJU 10/1, DAMANSARA DAMAI,3.191547,101.592321,"['PPD PETALING UTAMA', 'MENENGAH']",could not convert string to float: 'DAMANSARA DAMAI'
BEA8653,SEKOLAH MENENGAH KEBANGSAAN ALAM MEGAH 2,NO.1, PERSIARAN KUALA LANGAT, SEKSYEN 28,3.004873,101.564713,"['PPD PETALING PERDANA', 'MENENGAH']",could not convert string to float: 'SEKSYEN 28'
BEA8655,SEKOLAH MENENGAH KEBANGSAAN SEKSYEN 4 KOTA DAMANSARA,JALAN CAMAR 4/1, KOTA DAMANSARA,3.151698,101.581739,PPD PETALING UTAMA,['MENENGAH'],could not convert string to float: 'KOTA DAMANSARA'
BEA8657,SEKOLAH MENENGAH KEBANGSAAN BANDAR PUCHONG JAYA (B),JALAN TEMPUA 3, BANDAR PUCHONG JAYA,3.043541,101.626219,PPD PETALING PERDANA,['MENENGAH'],could not convert string to float: 'BANDAR PUCHONG JAYA'
BEA8662,SEKOLAH MENENGAH KEBANGSAAN SUBANG BESTARI,JALAN NOVA U5/63, SEKSYEN U5,3.178134,101.543716,PPD PETALING PERDANA,['MENENGAH'],could not convert string to float: 'SEKSYEN U5'
BEA8663,SEKOLAH MENENGAH KEBANGSAAN PUCHONG PERMAI,LOT 65079, PERSIARAN PRIMA UTAMA, TMN PUCHONG PRIMA,2.995003,101.595826,"['PPD PETALING PERDANA', 'MENENGAH']",could not convert string to float: 'TMN PUCHONG PRIMA'
BEA8665,SEKOLAH MENENGAH KEBANGSAAN SETIA ALAM,NO. 6, PERSIARAN SETIA PRIMA, SEKSYEN U13,3.094273,101.458005,"['PPD PETALING PERDANA', 'MENENGAH']",could not convert string to float: 'SEKSYEN U13'
BEA8666,SEKOLAH MENENGAH KEBANGSAAN SEKSYEN 8 KOTA DAMANSARA,SEKSYEN 8, KOTA DAMANSARA,3.177869,101.579193,PPD PETALING UTAMA,['MENENGAH'],could not convert string to float: 'KOTA DAMANSARA'
BEA8668,SEKOLAH MENENGAH KEBANGSAAN SHAH ALAM,PERSIARAN ANJUNG SERI, SEKSYEN U8/80, BUKIT JELUTONG TIMUR,3.111717,101.540084,"['PPD PETALING PERDANA', 'MENENGAH']",could not convert string to float: 'BUKIT JELUTONG TIMUR'
BEA8669,KOLEJ TINGKATAN ENAM PETALING JAYA,JALAN PJS 5/26, PETALING JAYA,3.07585,101.623715,PPD PETALING UTAMA,['MENENGAH'],could not convert string to float: 'PETALING JAYA'
BEA8670,SEKOLAH MENENGAH KEBANGSAAN BANDAR PUNCAK JALIL,JALAN PUNCAK JALIL 7, TAMAN PUNCAK JALIL, BANDAR PUTRA PERMAI,3.027138,101.678387,"['PPD PETALING PERDANA', 'MENENGAH']",could not convert string to float: 'BANDAR PUTRA PERMAI'
BEA9604,SEKOLAH MENENGAH KEBANGSAAN BANDAR BARU SALAK TINGGI,TAMAN DAHLIA, BANDAR BARU SALAK TINGGI,2.827617,101.720006,PPD SEPANG,['MENENGAH'],could not convert string to float: 'BANDAR BARU SALAK TINGGI'
BEA9609,SEKOLAH MENENGAH KEBANGSAAN CYBERJAYA,PERSIARAN FAUNA 2, ZON FLAGSHIP 2,2.919294,101.639467,PPD SEPANG,['MENENGAH'],could not convert string to float: 'ZON FLAGSHIP 2'
BEA9611,SEKOLAH MENENGAH KEBANGSAAN PUTRA PERDANA,JALAN PP 3A, TAMAN PUTRA PERDANA,2.944004,101.622071,PPD SEPANG,['MENENGAH'],could not convert string to float: 'TAMAN PUTRA PERDANA'
BEA9612,SEKOLAH MENENGAH KEBANGSAAN DATO' ABU BAKAR BAGINDA,JALAN MAKTAB, SUNGAI MERAB,2.951074,101.750092,PPD SEPANG,['MENENGAH'],could not convert string to float: 'SUNGAI MERAB'
BEB0100,SEKOLAH MENENGAH KEBANGSAAN CHUNG HWA,1, JALAN NAGASARI 36/10, SEKSYEN 36,3.024236,101.487304,"['PPD KLANG', 'MENENGAH']",could not convert string to float: 'SEKSYEN 36'
BEB0101,SEKOLAH MENENGAH KEBANGSAAN CONVENT,112, JALAN TENGKU KELANA,3.038405,101.44483,PPD KLANG,['MENENGAH'],could not convert string to float: 'JALAN TENGKU KELANA'
BEB0102,SEKOLAH MENENGAH KEBANGSAAN TINGGI KLANG,LOT 161 & 48, JALAN MERU,3.054353,101.449266,PPD KLANG,['MENENGAH'],could not convert string to float: 'JALAN MERU'
BEB0110,SEKOLAH MENENGAH KEBANGSAAN MERU,BATU 7, PEKAN MERU,3.139622,101.439746,PPD KLANG,['MENENGAH'],could not convert string to float: 'PEKAN MERU'
BEB0111,SEKOLAH MENENGAH KEBANGSAAN PULAU KETAM,PULAU KETAM, PELABUHAN KLANG,3.022638,101.253705,PPD KLANG,['MENENGAH'],could not convert string to float: 'PELABUHAN KLANG'
BEB7651,SEKOLAH MENENGAH KEBANGSAAN KEPONG,JALAN FRIM,KEPONG,3.225578,101.635392,PPD GOMBAK,['MENENGAH'],could not convert string to float: 'KEPONG'
BEB7652,SEKOLAH MENENGAH KEBANGSAAN HULU KELANG,KM 7, JALAN HULU KELANG,3.163362,101.747692,PPD GOMBAK,['MENENGAH'],could not convert string to float: 'JALAN HULU KELANG'
BEB7653,SEKOLAH MENENGAH KEBANGSAAN SELAYANG BHARU,JALAN 29, SELAYANG BHARU,3.251901,101.667203,PPD GOMBAK,['MENENGAH'],could not convert string to float: 'SELAYANG BHARU'
BEB8658,SEKOLAH MENENGAH KEBANGSAAN (P) TMN PETALING,JALAN 5/52, TAMAN PETALING,3.088812,101.658382,PPD PETALING UTAMA,['MENENGAH'],could not convert string to float: 'TAMAN PETALING'
BEB9701,SEKOLAH MENENGAH KEBANGSAAN DENGKIL,PEJABAT POS DENGKIL, DENGKIL,2.865842,101.672592,PPD SEPANG,['MENENGAH'],could not convert string to float: 'DENGKIL'
BFT0001,SAMT SULTAN HISAMUDDIN,JALAN KOTA RAJA, KG JAWA,3.027939,101.468754,PPD KLANG,['MENENGAH'],could not convert string to float: 'KG JAWA'
BFT0002,SAM HISAMUDDIN,JALAN TEPI SUNGAI, SUNGAI BERTIH,3.047058,101.43776,PPD KLANG,['MENENGAH'],could not convert string to float: 'SUNGAI BERTIH'
BFT1001,SAM UNWANUS SAADAH,KM. 39, KANCHONG DARAT,2.780161,101.47099,PPD KUALA LANGAT,['MENENGAH'],could not convert string to float: 'KANCHONG DARAT'
BFT3002,SAM TANJONG KARANG,BATU 9 1/2, JALAN BERNAM,3.428442,101.160077,PPD KUALA SELANGOR,['MENENGAH'],could not convert string to float: 'JALAN BERNAM'
BFT4001,SAM HULU LANGAT,BATU 10, JALAN CHERAS,3.063728,101.773643,PPD HULU LANGAT,['MENENGAH'],could not convert string to float: 'JALAN CHERAS'
BFT6002,SAM BAGAN TERAP,JALAN LUBUK PUSING, BAGAN TERAP,3.748038,101.059183,PPD SABAK BERNAM,['MENENGAH'],could not convert string to float: 'BAGAN TERAP'
BFT7001,SAM RAWANG,BATU 16, JALAN IPOH,3.301114,101.589715,PPD GOMBAK,['MENENGAH'],could not convert string to float: 'JALAN IPOH'
BFT8002,SAM BESTARI,JALAN USJ 5/3A, SUBANG JAYA,3.055346,101.581144,PPD PETALING PERDANA,['MENENGAH'],could not convert string to float: 'SUBANG JAYA'
BFT8003,SAMT TENGKU AMPUAN JEMAAH,JALAN CAHAYA 11/7 ,SEKSYEN 11,3.077759,101.525983,PPD PETALING PERDANA,['MENENGAH'],could not convert string to float: 'SEKSYEN 11'
BHA7001,KOLEJ VOKASIONAL GOMBAK ,JALAN SG PUSU, GOMBAK,3.246306,101.729716,PPD GOMBAK,['MENENGAH'],could not convert string to float: 'GOMBAK'
BHA9001,KOLEJ VOKASIONAL SEPANG,KOLEJ VOKASIONAL SEPANG, JALAN DENGKIL,2.900968,101.726551,PPD SEPANG,['MENENGAH'],could not convert string to float: 'JALAN DENGKIL'
BKE0001,KOLEJ VOKASIONAL KLANG,KM. 3, PERSIARAN TENGKU AMPUAN RAHIMAH,3.013376,101.43582,PPD KLANG,['MENENGAH'],could not convert string to float: 'PERSIARAN TENGKU AMPUAN RAHIMAH'
BRA0001,KOLEJ ISLAM SULTAN ALAM SHAH,PETI SURAT 64, JLN KOTA RAJA, KAMPUNG JAWA,3.034815,101.452316,"['PPD KLANG', 'MENENGAH']",could not convert string to float: 'KAMPUNG JAWA'
BRA6002,SEKOLAH MENENGAH KEBANGSAAN AGAMA TUN RAHAH,JALAN SG. NIPAH BAROH, SIMPANG LIMA,3.615836,101.051382,PPD SABAK BERNAM,['MENENGAH'],could not convert string to float: 'SIMPANG LIMA'
BRA7002,SEKOLAH BERASRAMA PENUH INTEGRASI GOMBAK,BATU 8, JALAN SUNGAI PUSU, GOMBAK,3.243614,101.723049,"['PPD GOMBAK', 'MENENGAH']",could not convert string to float: 'GOMBAK'
CBA0006,SEKOLAH KEBANGSAAN SUNGAI DUA,KG SUNGAI DUA, KARAK,3.452214,101.988548,PPD BENTONG,['RENDAH'],could not convert string to float: 'KARAK'
CBA0018,SEKOLAH KEBANGSAAN LENTANG,KM 52, LEBUHRAYA KL-KARAK,3.389933885,101.8898084,PPD BENTONG,['RENDAH'],could not convert string to float: 'LEBUHRAYA KL-KARAK'
CBA2002,SEKOLAH KEBANGSAAN KG BAHARU,KAMPUNG BAHARU, JALAN BENTA,3.919702778,102.284175,PPD JERANTUT,['RENDAH'],could not convert string to float: 'JALAN BENTA'
CBA2006,SEKOLAH KEBANGSAAN TANAH ROM,KM16, JALAN JERANTUT-MARAN, JERANTUT FERI,3.924964223,102.4265805,"['PPD JERANTUT', 'RENDAH']",could not convert string to float: 'JERANTUT FERI'
CBA2008,SEKOLAH KEBANGSAAN BUKIT DINDING,KG BUKIT DINDING, KM 18 JALAN JERANTUT / TEMERLOH,3.835358348,102.3786889,PPD JERANTUT,['RENDAH'],could not convert string to float: 'KM 18 JALAN JERANTUT / TEMERLOH'
CBA2012,SEKOLAH KEBANGSAAN BUKIT NIKMAT,KG BUKIT NIKMAT, JALAN PULAU TAWAR,3.83451541,102.4272471,PPD JERANTUT,['RENDAH'],could not convert string to float: 'JALAN PULAU TAWAR'
CBA2023,SEKOLAH KEBANGSAAN KG PAGI,KAMPUNG PAGI, ULU TEMBELING,4.448345294,102.4836336,PPD JERANTUT,['RENDAH'],could not convert string to float: 'ULU TEMBELING'
CBA2024,SEKOLAH KEBANGSAAN KUALA SAT,KG. KUALA SAT, ULU TEMBELING,4.520898417,102.5890461,PPD JERANTUT,['RENDAH'],could not convert string to float: 'ULU TEMBELING'
CBA2044,SEKOLAH KEBANGSAAN (FELDA) SG RETANG,JALAN JELAWAT, FELDA SUNGAI RETANG,4.133985458,102.3912322,PPD JERANTUT,['RENDAH'],could not convert string to float: 'FELDA SUNGAI RETANG'
CBA2050,SEKOLAH KEBANGSAAN TEMIN,KM 4, KG. TEMIN,3.912536,102.385641,PPD JERANTUT,['RENDAH'],could not convert string to float: 'KG. TEMIN'
CBA2053,SEKOLAH KEBANGSAAN INDERAPURA,KM1, JALAN JERANTUT - BENTA,3.918718,102.35162,PPD JERANTUT,['RENDAH'],could not convert string to float: 'JALAN JERANTUT - BENTA'
CBA3007,SEKOLAH KEBANGSAAN PENJOM,BATU 6, PENJOM,4.124142,102.009949,PPD LIPIS,['RENDAH'],could not convert string to float: 'PENJOM'
CBA3017,SEKOLAH KEBANGSAAN TANJUNG GAHAI,PETI SURAT  15,  SUNGAI KOYAN,4.26507,101.846,PPD LIPIS,['RENDAH'],could not convert string to float: 'SUNGAI KOYAN'
CBA3024,SEKOLAH KEBANGSAAN KECHOR TUI,KAMPUNG KECHOR TUI, PADANG TENGKU,4.29309,101.977,PPD LIPIS,['RENDAH'],could not convert string to float: 'PADANG TENGKU'
CBA3052,SEKOLAH KEBANGSAAN (FELDA) SG KOYAN,JALAN KETUALANG,FELDA SUNGAI KOYAN 1,4.217632693,101.8032551,PPD LIPIS,['RENDAH'],could not convert string to float: 'FELDA SUNGAI KOYAN 1'
CBA3055,SEKOLAH KEBANGSAAN BATU 13,BATU 13, BENTA,4.04752,101.987,PPD LIPIS,['RENDAH'],could not convert string to float: 'BENTA'
CBA3056,SEKOLAH KEBANGSAAN KUALA KOYAN (JHEOA),PETI SURAT 30, PEJABAT POS SUNGAI KOYAN,4.259896,101.858693,PPD LIPIS,['RENDAH'],could not convert string to float: 'PEJABAT POS SUNGAI KOYAN'
CBA4023,SEKOLAH KEBANGSAAN (FELDA) LEPAR HILIR 2,FELDA LEPAR HILIR 2, JALAN GAMBANG,3.67587,103.029,PPD KUANTAN,['RENDAH'],could not convert string to float: 'JALAN GAMBANG'
CBA4079,SEKOLAH KEBANGSAAN TANAH PUTIH BARU,KM 5, JALAN GAMBANG,3.791261625,103.3014214,PPD KUANTAN,['RENDAH'],could not convert string to float: 'JALAN GAMBANG'
CBA4084,SEKOLAH KEBANGSAAN CENDERAWASIH,LRG BKT SETONGKOL 13, TMN CENDERAWASIH,3.79675,103.298,PPD KUANTAN,['RENDAH'],could not convert string to float: 'TMN CENDERAWASIH'
CBA4091,SEKOLAH KEBANGSAAN PANDAN,JALAN TAS 3, TAMAN TAS, JALAN GAMBANG,3.782898154,103.2391355,"['PPD KUANTAN', 'RENDAH']",could not convert string to float: 'JALAN GAMBANG'
CBA4099,SEKOLAH KEBANGSAAN MAT KILAU,KM 11, JALAN PEKAN,3.74842,103.26,PPD KUANTAN,['RENDAH'],could not convert string to float: 'JALAN PEKAN'
CBA4100,SEKOLAH KEBANGSAAN RTP BUKIT GOH,PERKAMPUNGAN PAK NGAH AZIZ, BUKIT GOH,3.878363147,103.2618758,PPD KUANTAN,['RENDAH'],could not convert string to float: 'BUKIT GOH'
CBA4106,SEKOLAH KEBANGSAAN BUNUT RENDANG,KM12, JALAN KUANTAN-PEKAN, INDERAPURA,3.753797862,103.2680459,"['PPD KUANTAN', 'RENDAH']",could not convert string to float: 'INDERAPURA'
CBA4107,SEKOLAH KEBANGSAAN PELINDUNG,JALAN KG. PELINDUNG 5, BESERAH,3.84053,103.37,PPD KUANTAN,['RENDAH'],could not convert string to float: 'BESERAH'
CBA4110,SEKOLAH KEBANGSAAN PADANG GARUDA,KAMPUNG LUBOK PUYU, PERMATANG BADAK KUANTAN,3.783689,103.261707,PPD KUANTAN,['RENDAH'],could not convert string to float: 'PERMATANG BADAK KUANTAN'
CBA4112,SEKOLAH KEBANGSAAN PAYA BUNGOR,KM 57, JALAN KUANTAN MARAN,3.69049,102.931,PPD KUANTAN,['RENDAH'],could not convert string to float: 'JALAN KUANTAN MARAN'
CBA4114,SEKOLAH KEBANGSAAN CHENGAL LEMPONG,BALOK ,PPD KUANTAN,RENDAH,,,,could not convert string to float: 'RENDAH'
CBA5012,SEKOLAH KEBANGSAAN NENASI,JALAN PEKAN NENASI,NENASI,3.150686413,103.4382531,PPD PEKAN,['RENDAH'],could not convert string to float: 'NENASI'
CBA5033,SEKOLAH KEBANGSAAN PELAK,KAMPUNG PELAK,WAKIL POS PALOH HINAI,3.479356349,103.066226,PPD PEKAN,['RENDAH'],could not convert string to float: 'WAKIL POS PALOH HINAI'
CBA5079,SEKOLAH KEBANGSAAN KOTA PERDANA,PETI SURAT 35, KOTA PERDANA,3.172612927,103.147152,PPD PEKAN,['RENDAH'],could not convert string to float: 'KOTA PERDANA'
CBA5086,SEKOLAH KEBANGSAAN TASIK CINI PEKAN (JHEOA),KAMPUNG GUMUM , TASIK CHINI,3.437532,102.9323,PPD PEKAN,['RENDAH'],could not convert string to float: 'TASIK CHINI'
CBA5089,SEKOLAH KEBANGSAAN PULAU SERAI,KG PULAU SERAI,PEKAN,3.564430757,103.384557,PPD PEKAN,['RENDAH'],could not convert string to float: 'PEKAN'
CBA6008,SEKOLAH KEBANGSAAN MUHAMMAD JABAR,KM 16, JALAN LIPIS, DONG,3.90103,101.89654,"['PPD RAUB', 'RENDAH']",could not convert string to float: 'DONG'
CBA6009,SEKOLAH KEBANGSAAN TEMAU,KAMPUNG TEMAU, DONG,3.92407,101.90235,PPD RAUB,['RENDAH'],could not convert string to float: 'DONG'
CBA6010,SEKOLAH KEBANGSAAN KUALA DONG,JALAN LIPIS, KUALA DONG,3.95525,101.89826,PPD RAUB,['RENDAH'],could not convert string to float: 'KUALA DONG'
CBA6013,SEKOLAH KEBANGSAAN SEGA,KM 27, JALAN LIPIS,3.99048,101.90774,PPD RAUB,['RENDAH'],could not convert string to float: 'JALAN LIPIS'
CBA6019,SEKOLAH KEBANGSAAN TERSANG,KAMPUNG TERSANG, BATU MALIM,3.99577,101.79977,PPD RAUB,['RENDAH'],could not convert string to float: 'BATU MALIM'
CBA6025,SEKOLAH KEBANGSAAN BUKIT FRASER,JALAN JERIAU, BUKIT FRASER,3.71864,101.73351,PPD RAUB,['RENDAH'],could not convert string to float: 'BUKIT FRASER'
CBA6026,SEKOLAH KEBANGSAAN SATAK,KAMPUNG SATAK, KELA,4.02494,101.72236,PPD RAUB,['RENDAH'],could not convert string to float: 'KELA'
CBA7010,SEKOLAH KEBANGSAAN RANTAU PANJANG,BATU 12, JALAN KARAK,3.49461,102.209,PPD TEMERLOH,['RENDAH'],could not convert string to float: 'JALAN KARAK'
CBA7014,SEKOLAH KEBANGSAAN PAYA ARA,KERDAU, JALAN JERANTUT,3.552629033,102.3917964,PPD TEMERLOH,['RENDAH'],could not convert string to float: 'JALAN JERANTUT'
CBA7031,SEKOLAH KEBANGSAAN BANDAR MENTAKAB,KM 2, JALAN TEMERLOH,3.478713392,102.3539827,PPD TEMERLOH,['RENDAH'],could not convert string to float: 'JALAN TEMERLOH'
CBA7033,SEKOLAH KEBANGSAAN TANJUNG LALANG,KM 3, JALAN TEMERLOH-MENTAKAB,3.2758,102.2328,PPD TEMERLOH,['RENDAH'],could not convert string to float: 'JALAN TEMERLOH-MENTAKAB'
CBA7059,SEKOLAH KEBANGSAAN DESA BAKTI,KM 11, JALAN KARAK,3.49891,102.267,PPD TEMERLOH,['RENDAH'],could not convert string to float: 'JALAN KARAK'
CBA7152,SEKOLAH KEBANGSAAN SERI TUALANG,KM 125,  JALAN PINTASAN TEMERLOH / MENTAKAB,3.422590201,102.3982607,PPD TEMERLOH,['RENDAH'],could not convert string to float: 'JALAN PINTASAN TEMERLOH / MENTAKAB'
CBA8005,SEKOLAH KEBANGSAAN SARANG TIONG,JALAN RAJAWALI, KG. SARANG TIONG,2.675315806,103.5924901,PPD ROMPIN,['RENDAH'],could not convert string to float: 'KG. SARANG TIONG'
CBA8008,SEKOLAH KEBANGSAAN BUKIT IBAM,JALAN INTAN, BUKIT IBAM,3.16025,102.978,PPD ROMPIN,['RENDAH'],could not convert string to float: 'BUKIT IBAM'
CBA8009,SEKOLAH KEBANGSAAN TEKEK,KG TEKEK, PULAU TIOMAN, ROMPIN,2.817340106,104.158112,"['PPD ROMPIN', 'RENDAH']",could not convert string to float: 'ROMPIN'
CBA8011,SEKOLAH KEBANGSAAN (FELDA) SELENDANG 01,JALAN CHENDERAWASIH, FELDA SELENDANG 01,2.647036082,103.4347598,PPD ROMPIN,['RENDAH'],could not convert string to float: 'FELDA SELENDANG 01'
CBA8012,SEKOLAH KEBANGSAAN KEDAIK,PETI SURAT 74, SK KEDAIK,2.885574,103.228972,PPD ROMPIN,['RENDAH'],could not convert string to float: 'SK KEDAIK'
CBA8021,SEKOLAH KEBANGSAAN LKTP SELANCAR 1,FELDA SELANCAR 1,BANDAR 19,PERWIRA JAYA,ROMPIN,2.68998007,"['102.9558155', 'PPD ROMPIN', 'RENDAH']",could not convert string to float: 'PERWIRA JAYA'
CBA8027,SEKOLAH KEBANGSAAN MELATI,BANDAR 13 MELATI, PETI SURAT 30,2.979802259,102.7826986,PPD ROMPIN,['RENDAH'],could not convert string to float: 'PETI SURAT 30'
CBA8032,SEKOLAH KEBANGSAAN JUARA,KAMPUNG JUARA,PULAU TIOMAN,PAHANG,2.79363,104.202,"['PPD ROMPIN', 'RENDAH']",could not convert string to float: 'PAHANG'
CBA8037,SEKOLAH KEBANGSAAN KERATONG 10,JALAN UTAMA, FELDA KERATONG 10,2.97246,102.985,PPD ROMPIN,['RENDAH'],could not convert string to float: 'FELDA KERATONG 10'
CBA8038,SEKOLAH KEBANGSAAN JANGLAU,KM 16,JALAN ENDAU-ROMPIN,2.71445,103.566,PPD ROMPIN,['RENDAH'],could not convert string to float: 'JALAN ENDAU-ROMPIN'
CBA9004,SEKOLAH KEBANGSAAN (FELDA) BT TAJAU,JALAN MELOR, FELDA BUKIT TAJAU,3.58451,102.73,PPD MARAN,['RENDAH'],could not convert string to float: 'FELDA BUKIT TAJAU'
CBA9043,SEKOLAH KEBANGSAAN (FELDA) JENGKA 15,FELDA SEMARAK, JENGKA 15,3.71046,102.548,PPD MARAN,['RENDAH'],could not convert string to float: 'JENGKA 15'
CBA9044,SEKOLAH KEBANGSAAN BUKIT SEGUMPAL,JALAN PAYA KERBAU, BUKIT SEGUMPAL ,3.48858,102.558,PPD MARAN,['RENDAH'],could not convert string to float: 'BUKIT SEGUMPAL'
CBA9047,SEKOLAH KEBANGSAAN (FELDA) JENGKA 21,JALAN TERATAI 1, JENGKA 21,3.729465204,102.4718035,PPD MARAN,['RENDAH'],could not convert string to float: 'JENGKA 21'
CBA9105,SEKOLAH KEBANGSAAN (FELDA) JENGKA 3,FELDA DAHLIA, JENGKA 3,3.68009,102.607,PPD MARAN,['RENDAH'],could not convert string to float: 'JENGKA 3'
CBA9124,SEKOLAH KEBANGSAAN (LKTP) JENGKA 12,JALAN KENARI, FELDA MELUR,3.78186,102.487,PPD MARAN,['RENDAH'],could not convert string to float: 'FELDA MELUR'
CBA9142,SEKOLAH KEBANGSAAN SENTOSA,JALAN MARAN-TEMERLOH, KAMPUNG SENTOSA,3.56313161,102.721548,PPD MARAN,['RENDAH'],could not convert string to float: 'KAMPUNG SENTOSA'
CBA9143,SEKOLAH KEBANGSAAN (FELDA) JENGKA 20,FELDA TANJUNG, JENGKA 20,3.65286,102.518,PPD MARAN,['RENDAH'],could not convert string to float: 'JENGKA 20'
CBA9145,SEKOLAH KEBANGSAAN JENGKA BATU 13,KAMPUNG JENGKA BATU 13, JALAN MARAN,3.52208,102.59,PPD MARAN,['RENDAH'],could not convert string to float: 'JALAN MARAN'
CBAA039,SEKOLAH KEBANGSAAN KUALA TRIANG,JALAN BUKIT CHE MAN, KAMPUNG KUALA TRIANG,3.326699878,102.5075177,PPD BERA,['RENDAH'],could not convert string to float: 'KAMPUNG KUALA TRIANG'
CBAA153,SEKOLAH KEBANGSAAN BATU BOR,CHENOR, TEMERLOH,3.41828,102.567,PPD TEMERLOH,['RENDAH'],could not convert string to float: 'TEMERLOH'
CBB4029,SEKOLAH KEBANGSAAN ASSUNTA CONVENT,JALAN TG. MUHAMMAD, ALOR AKAR,3.82113,103.35946,PPD KUANTAN,['RENDAH'],could not convert string to float: 'ALOR AKAR'
CBB4030,SEKOLAH KEBANGSAAN PENGKALAN TENTERA,KEM BATU 10, JALAN GAMBANG,3.76315,103.20178,PPD KUANTAN,['RENDAH'],could not convert string to float: 'JALAN GAMBANG'
CBC0025,SEKOLAH JENIS KEBANGSAAN (CINA) KHAI MUN CHAMANG,JALANTEH ENG SUAN, KAMPUNG CHAMANG,3.528317676,101.902852,PPD BENTONG,['RENDAH'],could not convert string to float: 'KAMPUNG CHAMANG'
CBC0035,SEKOLAH JENIS KEBANGSAAN (CINA) BUKIT TINGGI,KM32, LEBUHRAYA KARAK KL,3.351424064,101.8170269,PPD BENTONG,['RENDAH'],could not convert string to float: 'LEBUHRAYA KARAK KL'
CBC1007,SEKOLAH JENIS KEBANGSAAN (CINA) KG RAJA,JALAN BESAR KAMPUNG RAJA, CAMERON HIGHLANDS,4.566630556,101.4071083,PPD CAMERON HIGHLANDS,['RENDAH'],could not convert string to float: 'CAMERON HIGHLANDS'
CBC1010,SEKOLAH JENIS KEBANGSAAN (CINA) TRINGKAP,JALAN BESAR TRINGKAP,CAMERON HIGHLANDS,4.515719444,101.4263028,PPD CAMERON HIGHLANDS,['RENDAH'],could not convert string to float: 'CAMERON HIGHLANDS'
CBC3041,SEKOLAH JENIS KEBANGSAAN (CINA) CHUNG HWA,JALAN DATUK MAHMUD, SUNGAI KERPAN,4.187051,102.045517,PPD LIPIS,['RENDAH'],could not convert string to float: 'SUNGAI KERPAN'
CBC4051,SEKOLAH JENIS KEBANGSAAN (CINA) TAMAN TAS,BATU 6, JALAN GAMBANG,3.76709,103.25403,PPD KUANTAN,['RENDAH'],could not convert string to float: 'JALAN GAMBANG'
CBC4053,SEKOLAH JENIS KEBANGSAAN (CINA) CHUNG CHING 2,KG TIRAM,PPD KUANTAN,RENDAH,,,,could not convert string to float: 'RENDAH'
CBC7077,SEKOLAH JENIS KEBANGSAAN (CINA) LANCHANG,PEKAN LANCHANG, JALAN KARAK,3.496013408,102.1916665,PPD TEMERLOH,['RENDAH'],could not convert string to float: 'JALAN KARAK'
CBC7078,SEKOLAH JENIS KEBANGSAAN (CINA) YEOW CHENG LUAN,KAW. PERINDUSTRIAN, MENTAKAB,3.441942967,102.3482834,PPD TEMERLOH,['RENDAH'],could not convert string to float: 'MENTAKAB'
CBCA080,SEKOLAH JENIS KEBANGSAAN (CINA) TRIANG (2),LOT PT 17961, JALAN TMN LITAR JAYA,3.2578,102.422,PPD BERA,['RENDAH'],could not convert string to float: 'JALAN TMN LITAR JAYA'
CBD1012,SEKOLAH JENIS KEBANGSAAN (TAMIL) TANAH RATA,TANAH RATA, CAMERON HIGHLANDS,4.470024443,101.3829684,PPD CAMERON HIGHLANDS,['RENDAH'],could not convert string to float: 'CAMERON HIGHLANDS'
CBD3047,SEKOLAH JENIS KEBANGSAAN (TAMIL) KUALA LIPIS,JALAN DATO' MAHMUD, SG.KERPAN,4.186835,102.04633,PPD LIPIS,['RENDAH'],could not convert string to float: 'SG.KERPAN'
CBD7091,SEKOLAH JENIS KEBANGSAAN (TAMIL) LDG MENTAKAB,LADANG MENTAKAB, JALAN KARAK,3.5130008,102.3362177,PPD TEMERLOH,['RENDAH'],could not convert string to float: 'JALAN KARAK'
CBD7094,SEKOLAH JENIS KEBANGSAAN (TAMIL) LDG SEMANTAN,LADANG SEMANTAN, BATU 3, JALAN KARAK,3.47174,102.382,"['PPD TEMERLOH', 'RENDAH']",could not convert string to float: 'JALAN KARAK'
CBK0026,SEKOLAH JENIS KEBANGSAAN (CINA) SG PENJURING,BATU 8,JALAN TRAS,3.58,101.89,PPD BENTONG,['RENDAH'],could not convert string to float: 'JALAN TRAS'
CCT7001,SRA ISLAM AT TAKWA,KM 4, TANJONG LALANG,JALAN MENTAKAB,3.27594,102.23328,"['PPD TEMERLOH', 'RENDAH']",could not convert string to float: 'JALAN MENTAKAB'
CEA0057,SEKOLAH MENENGAH KEBANGSAAN BUKIT TINGGI,JALAN LAMA BENTONG-KUALA LUMPUR, BUKIT TINGGI,3.356646242,101.8417701,PPD BENTONG,['MENENGAH'],could not convert string to float: 'BUKIT TINGGI'
CEA0058,SEKOLAH MENENGAH KEBANGSAAN KUALA REPAS,KM 5, JALAN TRAS,3.55306732,101.8909466,PPD BENTONG,['MENENGAH'],could not convert string to float: 'JALAN TRAS'
CEA4073,SEKOLAH MENENGAH KEBANGSAAN SERI PANCHING,KM 5, JALAN PANCHING,3.79433,103.17257,PPD KUANTAN,['MENENGAH'],could not convert string to float: 'JALAN PANCHING'
CEA4078,SEKOLAH MENENGAH KEBANGSAAN PANDAN,KM 12, JALAN GAMBANG,3.78274,103.23807,PPD KUANTAN,['MENENGAH'],could not convert string to float: 'JALAN GAMBANG'
CEA4082,SEKOLAH MENENGAH KEBANGSAAN GUDANG RASAU,KM9,JALAN GAMBANG,3.76706,103.25573,PPD KUANTAN,['MENENGAH'],could not convert string to float: 'JALAN GAMBANG'
CEA4083,SEKOLAH MENENGAH KEBANGSAAN PELABUHAN,TAMAN BALOK MAKMUR, GEBENG,3.95841,103.38269,PPD KUANTAN,['MENENGAH'],could not convert string to float: 'GEBENG'
CEA4085,SEKOLAH MENENGAH KEBANGSAAN SERI DAMAI,KG. SERI DAMAI, KM 12 JLN GAMBANG,3.75839,103.2266,PPD KUANTAN,['MENENGAH'],could not convert string to float: 'KM 12 JLN GAMBANG'
CEA4094,SEKOLAH MENENGAH KEBANGSAAN PELINDUNG,JALAN KG. PELINDUNG 5, BESERAH,3.84196,103.36885,PPD KUANTAN,['MENENGAH'],could not convert string to float: 'BESERAH'
CEA4100,SEKOLAH MENENGAH KEBANGSAAN CHENGAL LEMPONG,LORONG BALOK PERMAI 15, KG BALOK BARU,3.931599,103.362404,PPD KUANTAN,['MENENGAH'],could not convert string to float: 'KG BALOK BARU'
CEA6021,SEKOLAH MENENGAH SAINS TENGKU ABDULLAH,KM 6, JALAN LIPIS,3.82815,101.89513,PPD RAUB,['MENENGAH'],could not convert string to float: 'JALAN LIPIS'
CEA6023,SEKOLAH MENENGAH KEBANGSAAN DONG,KM 16, JALAN LIPIS, KAMPUNG  DONG,3.90387,101.89697,"['PPD RAUB', 'MENENGAH']",could not convert string to float: 'KAMPUNG  DONG'
CEA7060,SEKOLAH MENENGAH KEBANGSAAN KERDAU,KM 18, JALAN TEMERLOH JERANTUT,3.57646,102.384,PPD TEMERLOH,['MENENGAH'],could not convert string to float: 'JALAN TEMERLOH JERANTUT'
CEA7064,SEKOLAH MENENGAH KEBANGSAAN KUALA KRAU,KUALA KRAU,JALAN JERANTUT,3.705913975,102.3682081,PPD TEMERLOH,['MENENGAH'],could not convert string to float: 'JALAN JERANTUT'
CEA8020,SEKOLAH MENENGAH KEBANGSAAN PERWIRA JAYA,WAKIL POS SELANCAR 02, FELDA SELANCAR 02,2.623828217,103.0185371,PPD ROMPIN,['MENENGAH'],could not convert string to float: 'FELDA SELANCAR 02'
CEA8022,SEKOLAH MENENGAH KEBANGSAAN TEKEK,KG. TEKEK, PULAU TIOMAN,2.817299052,104.1579888,PPD ROMPIN,['MENENGAH'],could not convert string to float: 'PULAU TIOMAN'
CEA8028,SEKOLAH MENENGAH KEBANGSAAN SUNGAI PUTERI,KM 6, JALAN SABAK,2.81703,103.445,PPD ROMPIN,['MENENGAH'],could not convert string to float: 'JALAN SABAK'
CEA8030,SEKOLAH MENENGAH KEBANGSAAN PONTIAN JAYA,KG.PARIT,PONTIAN,2.748689487,103.5307548,PPD ROMPIN,['MENENGAH'],could not convert string to float: 'PONTIAN'
CEA8031,SEKOLAH MENENGAH KEBANGSAAN ROMPIN PERMAI,JALAN PANTAI HIBURAN, KUALA ROMPIN,2.795195344,103.5017583,PPD ROMPIN,['MENENGAH'],could not convert string to float: 'KUALA ROMPIN'
CEA9165,SEKOLAH MENENGAH KEBANGSAAN (LKTP) JENGKA 16,FELDA SENA JENGKA 16, JALAN UTAMA,3.69641,102.534,PPD MARAN,['MENENGAH'],could not convert string to float: 'JALAN UTAMA'
CEA9168,SEKOLAH MENENGAH KEBANGSAAN DESA JAYA,JALAN HOSPITAL, BANDAR TUN ABDUL RAZAK JENGKA,3.775792558,102.5550219,PPD MARAN,['MENENGAH'],could not convert string to float: 'BANDAR TUN ABDUL RAZAK JENGKA'
CEB0020,SEKOLAH MENENGAH KEBANGSAAN KATHOLIK,D/A SMK KATHOLIK, JALAN KETARI,3.519048245,101.9138778,PPD BENTONG,['MENENGAH'],could not convert string to float: 'JALAN KETARI'
CEB0021,SEKOLAH MENENGAH KEBANGSAAN KHAI MUN,PETI SURAT 18 , CHAMANG BARU,3.531907102,101.8988238,PPD BENTONG,['MENENGAH'],could not convert string to float: 'CHAMANG BARU'
CEB1003,SEKOLAH MENENGAH KEBANGSAAN SULTAN AHMAD SHAH,PERSIARAN DAYANG ENDAH, TANAH RATA,4.469568197,101.3834234,PPD CAMERON HIGHLANDS,['MENENGAH'],could not convert string to float: 'TANAH RATA'
CEB3038,SEKOLAH MENENGAH KEBANGSAAN SETIA WANGSA,KM4, JALAN LIPIS/BENTA,4.16604,102.037,PPD LIPIS,['MENENGAH'],could not convert string to float: 'JALAN LIPIS/BENTA'
CEB4040,SEKOLAH MENENGAH KEBANGSAAN SERI MAHKOTA,KM 16, JLN  GAMBANG,3.75678,103.19953,PPD KUANTAN,['MENENGAH'],could not convert string to float: 'JLN  GAMBANG'
CEE0018,SEKOLAH MENENGAH KEBANGSAAN SULAIMAN,KM 4, JALAN KUALA LUMPUR,3.49973155,101.9106897,PPD BENTONG,['MENENGAH'],could not convert string to float: 'JALAN KUALA LUMPUR'
CEE4039,SEKOLAH MENENGAH KEBANGSAAN SUNGAI LEMBING,KM 0.1, SG LEMBING,3.91407,103.03372,PPD KUANTAN,['MENENGAH'],could not convert string to float: 'SG LEMBING'
CFT2002,SEKOLAH AGAMA MAAHAD TAHFIZ WA TA'LIMIL AL-QURAN,KM 7 JALAN BENTA, KAMPUNG SUNGAI BADAK,3.929793008,102.3000717,PPD JERANTUT,['MENENGAH'],could not convert string to float: 'KAMPUNG SUNGAI BADAK'
CFT4002,MAAHAD TAHFIZ DARUL ULUM AL-BASRIYAH,LOT 116, KAMPUNG PELINDUNG, BESERAH,3.84928,103.36594,"['PPD KUANTAN', 'MENENGAH']",could not convert string to float: 'BESERAH'
CFT7001,MADRASAH TARBIAH ISLAMIAH,KAMPONG CHATIN, MENTAKAB,3.478109,102.3615171,PPD TEMERLOH,['MENENGAH'],could not convert string to float: 'MENTAKAB'
CHA0002,KOLEJ VOKASIONAL TENGKU AMPUAN AFZAN,KM 6, JALAN KUALA LUMPUR,3.48519,101.915,PPD BENTONG,['MENENGAH'],could not convert string to float: 'JALAN KUALA LUMPUR'
CHA3002,KOLEJ VOKASIONAL SULTAN HAJI AHMAD SHAH AL-MUSTAIN BILLAH,KM 13, JALAN LIPIS-RAUB,4.09409,102.006,PPD LIPIS,['MENENGAH'],could not convert string to float: 'JALAN LIPIS-RAUB'
CHA4002,SEKOLAH MENENGAH PENDIDIKAN KHAS VOKASIONAL KUANTAN,LOT 1909-1408, MUKIM KUALA KUANTAN,3.856141,103.255541,PPD KUANTAN,['MENENGAH'],could not convert string to float: 'MUKIM KUALA KUANTAN'
CHA8002,KOLEJ VOKASIONAL MUADZAM SHAH,JALAN ISTANA, PINGGIR PELANGI,3.06383,103.098,PPD ROMPIN,['MENENGAH'],could not convert string to float: 'PINGGIR PELANGI'
CRA2001,SEKOLAH MENENGAH KEBANGSAAN AGAMA TENGKU AMPUAN HAJJAH AFZAN PAHANG,KM 4, JALAN JERANTUT-TEMERLOH,3.923609,102.384799,PPD JERANTUT,['MENENGAH'],could not convert string to float: 'JALAN JERANTUT-TEMERLOH'
CRA3001,SEKOLAH MENENGAH KEBANGSAAN AGAMA KUALA LIPIS,LOT 10212, MUKIM PENJOM,4.061088833,101.9869418,PPD LIPIS,['MENENGAH'],could not convert string to float: 'MUKIM PENJOM'
DBA0004,SEKOLAH KEBANGSAAN BAKONG,KG. BAKONG, JLN. KUBANG TELAGA,6.09188,102.084,PPD BACHOK,['RENDAH'],could not convert string to float: 'JLN. KUBANG TELAGA'
DBA0011,SEKOLAH KEBANGSAAN GUNONG,KG BUKIT CHENDA, GUNONG,5.9935,102.353,PPD BACHOK,['RENDAH'],could not convert string to float: 'GUNONG'
DBA0015,SEKOLAH KEBANGSAAN KETING,KAMPUNG KETING, JLN. KUBANG TELAGA, GUNONG,5.95887,102.347,"['PPD BACHOK', 'RENDAH']",could not convert string to float: 'GUNONG'
DBA0020,SEKOLAH KEBANGSAAN PAK BADOL,KG PAK BADOL, JALAN PASIR PUTEH,5.94263,102.304,PPD BACHOK,['RENDAH'],could not convert string to float: 'JALAN PASIR PUTEH'
DBA0021,SEKOLAH KEBANGSAAN PA' PURA,KG PA'PURA,  BERIS KUBOR BESAR,6.06245,102.372,PPD BACHOK,['RENDAH'],could not convert string to float: 'BERIS KUBOR BESAR'
DBA0024,SEKOLAH KEBANGSAAN PENGKALAN CHENGAL,JALAN PENGKALAN KASIM,PENGKALAN BARU,6.08121,102.374,PPD BACHOK,['RENDAH'],could not convert string to float: 'PENGKALAN BARU'
DBA0031,SEKOLAH KEBANGSAAN BERIS LALANG,KAMPUNG BERIS LALANG, JELAWAT,5.94417,102.417,PPD BACHOK,['RENDAH'],could not convert string to float: 'JELAWAT'
DBA1042,SEKOLAH KEBANGSAAN BANGGOL SAMAN,KG BANGGOL SAMAN, JLN BATU TINGGI KETEREH,5.92344,102.271,PPD KOTA BHARU,['RENDAH'],could not convert string to float: 'JLN BATU TINGGI KETEREH'
DBA1043,SEKOLAH KEBANGSAAN BANGGU,JALAN BACHOK,KG.JEJULOK,6.0762,102.328,PPD KOTA BHARU,['RENDAH'],could not convert string to float: 'KG.JEJULOK'
DBA1046,SEKOLAH KEBANGSAAN BULOH POH,KM2 JALAN KUALA KRAI OFF JALAN MELOR, KETEREH,5.96242,102.277,PPD KOTA BHARU,['RENDAH'],could not convert string to float: 'KETEREH'
DBA1052,SEKOLAH KEBANGSAAN GONDANG,KAMPUNG GONDANG, KETEREH,5.94175,102.207,PPD KOTA BHARU,['RENDAH'],could not convert string to float: 'KETEREH'
DBA1054,SEKOLAH KEBANGSAAN KADOK,KAMPUNG KADOK, JALAN KUALA KRAI,5.99707,102.246,PPD KOTA BHARU,['RENDAH'],could not convert string to float: 'JALAN KUALA KRAI'
DBA1055,SEKOLAH KEBANGSAAN KAMPONG CHENGAL,BATU 11, JALAN KAMPONG BUT OFF JALAN KUALA KRAI,5.97822,102.264,PPD KOTA BHARU,['RENDAH'],could not convert string to float: 'JALAN KAMPONG BUT OFF JALAN KUALA KRAI'
DBA1056,SEKOLAH KEBANGSAAN KAMPONG KELING,KAMPONG KELING,JALAN LIMBAT MULONG,6.043,102.262,PPD KOTA BHARU,['RENDAH'],could not convert string to float: 'JALAN LIMBAT MULONG'
DBA1059,SEKOLAH KEBANGSAAN KOTA JEMBAL,JALAN RAJA BAHAR, KOTA JEMBAL,6.11351,102.307,PPD KOTA BHARU,['RENDAH'],could not convert string to float: 'KOTA JEMBAL'
DBA1060,SEKOLAH KEBANGSAAN KEDAI PIAH,SIMPANG TIGA KAMPUNG KEDAI PIAH, KETEREH,5.97538,102.211,PPD KOTA BHARU,['RENDAH'],could not convert string to float: 'KETEREH'
DBA1062,SEKOLAH KEBANGSAAN KETEREH,KM 19, JALAN   KUALA KRAI,5.9533,102.248,PPD KOTA BHARU,['RENDAH'],could not convert string to float: 'JALAN   KUALA KRAI'
DBA1065,SEKOLAH KEBANGSAAN KUBANG KERIAN (1),JLN. JALAN  ISTANA MAHKOTA, KUBANG KERIAN,6.09256,102.273,PPD KOTA BHARU,['RENDAH'],could not convert string to float: 'KUBANG KERIAN'
DBA1066,SEKOLAH KEBANGSAAN KUBANG KIAT,JALAN MASJID PATEK, KAMPUNG KUBANG KIAT,5.98005,102.235,PPD KOTA BHARU,['RENDAH'],could not convert string to float: 'KAMPUNG KUBANG KIAT'
DBA1067,SEKOLAH KEBANGSAAN KOK LANAS,DEPAN BALAI POLIS KOK LANAS, JALAN KUALA KRAI,5.91131,102.247,PPD KOTA BHARU,['RENDAH'],could not convert string to float: 'JALAN KUALA KRAI'
DBA1070,SEKOLAH KEBANGSAAN LUNDANG,LORONG SK. LUNDANG JLN SULTAN YAHYA PETRA, LUNDANG,6.09909,102.261,PPD KOTA BHARU,['RENDAH'],could not convert string to float: 'LUNDANG'
DBA1071,SEKOLAH KEBANGSAAN MELOR,PADANG RAJA, MELOR,5.97046,102.296,PPD KOTA BHARU,['RENDAH'],could not convert string to float: 'MELOR'
DBA1077,SEKOLAH KEBANGSAAN RAJA ABDULLAH,PADANG HALBAN, MELOR,5.9954,102.272,PPD KOTA BHARU,['RENDAH'],could not convert string to float: 'MELOR'
DBA1078,SEKOLAH KEBANGSAAN PADANG KALA,JALAN PASIR PUTEH, KG. PADANG KALA, MELOR,5.99395,102.291,"['PPD KOTA BHARU', 'RENDAH']",could not convert string to float: 'MELOR'
DBA1081,SEKOLAH KEBANGSAAN PANGKAL KALONG,KG. PANGKAL KALONG, KETEREH,5.91876,102.217,PPD KOTA BHARU,['RENDAH'],could not convert string to float: 'KETEREH'
DBA1082,SEKOLAH KEBANGSAAN PANJI,CABANG TIGA PANJI, JALAN RAJA PEREMPUAN ZAINAB 2,6.12909,102.301,PPD KOTA BHARU,['RENDAH'],could not convert string to float: 'JALAN RAJA PEREMPUAN ZAINAB 2'
DBA1085,SEKOLAH KEBANGSAAN PAUH LIMA,KM 18, KAMPUNG PAUH LIMA, JALAN BACHOK,6.01071,102.334,"['PPD KOTA BHARU', 'RENDAH']",could not convert string to float: 'JALAN BACHOK'
DBA1092,SEKOLAH KEBANGSAAN PEROL,HDP MASJID PEROL, JLN PERINGAT MULONG,6.01896,102.262,PPD KOTA BHARU,['RENDAH'],could not convert string to float: 'JLN PERINGAT MULONG'
DBA1093,SEKOLAH KEBANGSAAN PULAU GAJAH,KG PULAU GAJAH, PENGKALAN CHEPA,6.15716,102.328,PPD KOTA BHARU,['RENDAH'],could not convert string to float: 'PENGKALAN CHEPA'
DBA1096,SEKOLAH KEBANGSAAN SABAK,JALAN SABAK OFF JALAN PULAU GAJAH,PENGKALAN CHEPA,6.1745,102.326,PPD KOTA BHARU,['RENDAH'],could not convert string to float: 'PENGKALAN CHEPA'
DBA1098,SEKOLAH KEBANGSAAN SEBERANG PASIR MAS,JALAN KG,SK SEBERANG PASIR MAS SALOR,6.03652,102.151,PPD KOTA BHARU,['RENDAH'],could not convert string to float: 'SK SEBERANG PASIR MAS SALOR'
DBA1101,SEKOLAH KEBANGSAAN SERING,JALAN PASIR KASAR,SERING,6.13299,102.322,PPD KOTA BHARU,['RENDAH'],could not convert string to float: 'SERING'
DBA1104,SEKOLAH KEBANGSAAN TIONG,BATU 4, JALAN KUALA KRAI,6.06968,102.248,PPD KOTA BHARU,['RENDAH'],could not convert string to float: 'JALAN KUALA KRAI'
DBA1432,SEKOLAH KEBANGSAAN CHICHA MENYABONG,JALAN WAKAF ZIN,SIMPANG TIGA TELAGA BATA,6.11838,102.323,PPD KOTA BHARU,['RENDAH'],could not convert string to float: 'SIMPANG TIGA TELAGA BATA'
DBA1436,SEKOLAH KEBANGSAAN KUBANG KERIAN (2),KM 9.5 KG CHICHA, JLN PASIR PUTEH, KUBANG KERIAN,6.07791,102.282,"['PPD KOTA BHARU', 'RENDAH']",could not convert string to float: 'KUBANG KERIAN'
DBA1439,SEKOLAH KEBANGSAAN DATO' HASHIM (2),JALAN MAKTAB, PENGKALAN CHEPA,6.15575,102.297,PPD KOTA BHARU,['RENDAH'],could not convert string to float: 'PENGKALAN CHEPA'
DBA1445,SEKOLAH KEBANGSAAN TANJONG MAS,TAMAN UDA MURNI, JALAN PENGKALAN CHEPA,6.14711,102.259,PPD KOTA BHARU,['RENDAH'],could not convert string to float: 'JALAN PENGKALAN CHEPA'
DBA1446,SEKOLAH KEBANGSAAN DEMIT (2),SEKSYEN 45,OFF JLN RAJA PEREMPUAN ZAINAB 2,6.12193,102.294,PPD KOTA BHARU,['RENDAH'],could not convert string to float: 'OFF JLN RAJA PEREMPUAN ZAINAB 2'
DBA2167,SEKOLAH KEBANGSAAN JAMBU LAWAR,BATU 30, JALAN KUALA KRAI,5.71523,102.214,PPD MACHANG,['RENDAH'],could not convert string to float: 'JALAN KUALA KRAI'
DBA2168,SEKOLAH KEBANGSAAN KAMPONG PEK,JALAN KUALA KRAI, KAMPONG PEK,5.68922,102.214,PPD MACHANG,['RENDAH'],could not convert string to float: 'KAMPONG PEK'
DBA2171,SEKOLAH KEBANGSAAN LABOK,KG LABOK, JALAN JOH,5.82676,102.222,PPD MACHANG,['RENDAH'],could not convert string to float: 'JALAN JOH'
DBA2173,SEKOLAH KEBANGSAAN MATA AYER,KG. MATA AYER, JALAN PANGKAL GONG - KEMUBU,5.8781,102.187,PPD MACHANG,['RENDAH'],could not convert string to float: 'JALAN PANGKAL GONG - KEMUBU'
DBA3203,SEKOLAH KEBANGSAAN CHETOK,KG. CHEKOK, CHETOK,5.92617,102.19,PPD PASIR MAS,['RENDAH'],could not convert string to float: 'CHETOK'
DBA3211,SEKOLAH KEBANGSAAN KEDAI TANJONG,JLN. RANTAU PANJANG LAMA, KG.POHON TANJONG,6.07058,102.078,PPD PASIR MAS,['RENDAH'],could not convert string to float: 'KG.POHON TANJONG'
DBA3215,SEKOLAH KEBANGSAAN KEPAS,KAMPUNG KEPAS, TO'UBAN,5.94668,102.167,PPD PASIR MAS,['RENDAH'],"could not convert string to float: ""TO'UBAN"""
DBA3222,SEKOLAH KEBANGSAAN MEKASAR,BATU 2, JALAN PASIR PEKAN,6.05031,102.17,PPD PASIR MAS,['RENDAH'],could not convert string to float: 'JALAN PASIR PEKAN'
DBA3438,SEKOLAH KEBANGSAAN GUAL TINGGI,KG. GUAL TINGGI, RANTAU PANJANG,6.00323,101.998,PPD PASIR MAS,['RENDAH'],could not convert string to float: 'RANTAU PANJANG'
DBA4251,SEKOLAH KEBANGSAAN BANGGOL PA' ESAH,KAMPUNG BANGGOL PA' ESAH, SELISING,5.86147,102.314,PPD PASIR PUTIH,['RENDAH'],could not convert string to float: 'SELISING'
DBA4254,SEKOLAH KEBANGSAAN BUKIT JAWA,SELISING, PASIR PUTEH,5.8954,102.33,PPD PASIR PUTIH,['RENDAH'],could not convert string to float: 'PASIR PUTEH'
DBA4256,SEKOLAH KEBANGSAAN BUKIT TANAH,KG. BUKIT TANAH, KULIM,5.84309,102.445,PPD PASIR PUTIH,['RENDAH'],could not convert string to float: 'KULIM'
DBA4259,SEKOLAH KEBANGSAAN DANAN,KAMPUNG DANAN, SELISING,5.92268,102.314,PPD PASIR PUTIH,['RENDAH'],could not convert string to float: 'SELISING'
DBA4263,SEKOLAH KEBANGSAAN GONG MANAK,KG SEMERAK, CHERANG RUKU,5.8297,102.494,PPD PASIR PUTIH,['RENDAH'],could not convert string to float: 'CHERANG RUKU'
DBA4266,SEKOLAH KEBANGSAAN KAMPONG BERANGAN,JALAN KAMPONG BERANGAN, SELISING, PASIR PUTEH,5.87617,102.317,"['PPD PASIR PUTIH', 'RENDAH']",could not convert string to float: 'PASIR PUTEH'
DBA4278,SEKOLAH KEBANGSAAN SUNGAI PETAI,KAMPUNG SUNGAI PETAI, JALAN SEMERAK,5.81627,102.458,PPD PASIR PUTIH,['RENDAH'],could not convert string to float: 'JALAN SEMERAK'
DBA4279,SEKOLAH KEBANGSAAN TASEK PAUH,KG. TASEK PAUH, SELISING,5.90002,102.36,PPD PASIR PUTIH,['RENDAH'],could not convert string to float: 'SELISING'
DBA4280,SEKOLAH KEBANGSAAN TELOSAN,KG TELOSAN,JLN PASIR PUTEH-MACHANG,5.77064,102.344,PPD PASIR PUTIH,['RENDAH'],could not convert string to float: 'JLN PASIR PUTEH-MACHANG'
DBA4282,SEKOLAH KEBANGSAAN TUALANG TINGGI,SELISING, PASIR PUTEH,5.92865,102.338,PPD PASIR PUTIH,['RENDAH'],could not convert string to float: 'PASIR PUTEH'
DBA4283,SEKOLAH KEBANGSAAN WAKAF RAJA,KM. 12, JLN. P.PUTEH-JERTEH,5.76701,102.432,PPD PASIR PUTIH,['RENDAH'],could not convert string to float: 'JLN. P.PUTEH-JERTEH'
DBA5291,SEKOLAH KEBANGSAAN ALOR PASIR,KM 15, JALAN LUBUK JONG,5.89431,102.101,PPD TANAH MERAH,['RENDAH'],could not convert string to float: 'JALAN LUBUK JONG'
DBA5293,SEKOLAH KEBANGSAAN BATANG MERBAU,KG. BATANG MERBAU, BATU 8 JALAN JEDOK,5.81678,102.043,PPD TANAH MERAH,['RENDAH'],could not convert string to float: 'BATU 8 JALAN JEDOK'
DBA5298,SEKOLAH KEBANGSAAN BENDANG NYIOR,BDG. NYIOR, 5 KM OFF SIMPANG KM 8, JALAN JEDOK,5.84431,102.072,"['PPD TANAH MERAH', 'RENDAH']",could not convert string to float: 'JALAN JEDOK'
DBA5300,SEKOLAH KEBANGSAAN BUKIT GADING,KM 6, JALAN LUBOK JONG,5.85788,102.124,PPD TANAH MERAH,['RENDAH'],could not convert string to float: 'JALAN LUBOK JONG'
DBA5305,SEKOLAH KEBANGSAAN IPOH,KM 18, JALAN GUAL IPOH, KG. GUAL IPOH,5.74768,102.056,"['PPD TANAH MERAH', 'RENDAH']",could not convert string to float: 'KG. GUAL IPOH'
DBA5308,SEKOLAH KEBANGSAAN KAMPONG PANJANG,PETI SURAT 61, TANAH MERAH,5.70344,102.098,PPD TANAH MERAH,['RENDAH'],could not convert string to float: 'TANAH MERAH'
DBA5309,SEKOLAH KEBANGSAAN SRI KELEWEK,KM 5, JLN BECHAH LAUT,5.81283,102.108,PPD TANAH MERAH,['RENDAH'],could not convert string to float: 'JLN BECHAH LAUT'
DBA5311,SEKOLAH KEBANGSAAN KULIM,KM 15, JALAN GUAL IPOH,5.76103,102.096,PPD TANAH MERAH,['RENDAH'],could not convert string to float: 'JALAN GUAL IPOH'
DBA5312,SEKOLAH KEBANGSAAN LALANG PEPUYU,KM 7 JLN PANGLIMA BAYU, RANTAU PANJANG,5.87399,101.949,PPD TANAH MERAH,['RENDAH'],could not convert string to float: 'RANTAU PANJANG'
DBA5313,SEKOLAH KEBANGSAAN LAWANG,3KM OFF SIMPANG KM 25 JLN JEDOK, KG. LAWANG,5.79036,101.973,PPD TANAH MERAH,['RENDAH'],could not convert string to float: 'KG. LAWANG'
DBA5320,SEKOLAH KEBANGSAAN ULU KUSIAL,KAMPUNG BLOK ULU KUSIAL, GUAL IPOH,5.73491,102.025,PPD TANAH MERAH,['RENDAH'],could not convert string to float: 'GUAL IPOH'
DBA6346,SEKOLAH KEBANGSAAN PULAU BELURU,KG.PULAU BELURU, PALEKBANG,6.19542,102.219,PPD TUMPAT,['RENDAH'],could not convert string to float: 'PALEKBANG'
DBA7361,SEKOLAH KEBANGSAAN LADANG TAKU,PETI SURAT NO.5, KUALA KRAI,5.55833,102.166,PPD KUALA KRAI,['RENDAH'],could not convert string to float: 'KUALA KRAI'
DBA7381,SEKOLAH KEBANGSAAN KUALA GERIS,KAMPUNG KUALA GERIS,DABONG,5.38862,102.062,PPD KUALA KRAI,['RENDAH'],could not convert string to float: 'DABONG'
DBA7428,SEKOLAH KEBANGSAAN CHUCHOH PUTERI,PETI SURAT 11, PEJABAT POS KUALA KRAI,5.38055,102.319,PPD KUALA KRAI,['RENDAH'],could not convert string to float: 'PEJABAT POS KUALA KRAI'
DBA8006,SEKOLAH KEBANGSAAN RENOK BARU,DESA SRI INTAN, RENOK BARU, KM 14 L/RAYA GUA MUSANG,4.93941,102.045,"['PPD GUA MUSANG', 'RENDAH']",could not convert string to float: 'KM 14 L/RAYA GUA MUSANG'
DBA8007,SEKOLAH KEBANGSAAN STAR,PETI SURAT 19, PEJABAT POS GUA MUSANG,5.08591,101.97,PPD GUA MUSANG,['RENDAH'],could not convert string to float: 'PEJABAT POS GUA MUSANG'
DBA8008,SEKOLAH KEBANGSAAN SUNGAI TERAH,PETI SURAT 13, PEJABAT POS GUA MUSANG,4.95209,101.961,PPD GUA MUSANG,['RENDAH'],could not convert string to float: 'PEJABAT POS GUA MUSANG'
DBA8010,SEKOLAH KEBANGSAAN JEREK,WAKIL POS BERTAM, BERTAM,5.17109,102.007,PPD GUA MUSANG,['RENDAH'],could not convert string to float: 'BERTAM'
DBA8019,SEKOLAH KEBANGSAAN KUALA SUNGAI,KAMPUNG LULUT, KUALA SUNGAI,5.15398,102.092,PPD GUA MUSANG,['RENDAH'],could not convert string to float: 'KUALA SUNGAI'
DBA8028,SEKOLAH KEBANGSAAN SRI PERMAI (JHEOA),D/A PEJABAT PENDIDIKAN DAERAH GUA MUSANG, TINGKAT 1, BGN. PERSEKUTUAN,5.21262,101.762,"['PPD GUA MUSANG', 'RENDAH']",could not convert string to float: 'BGN. PERSEKUTUAN'
DBA8033,SEKOLAH KEBANGSAAN BIHAI,D/A PEJABAT PENDIDIKAN DAERAH GUA MUSANG, TINGKAT 1 BANGUNAN PERSEKUTUAN,5.008097,101.631538,PPD GUA MUSANG,['RENDAH'],could not convert string to float: 'TINGKAT 1 BANGUNAN PERSEKUTUAN'
DBA9001,SEKOLAH KEBANGSAAN AYER LANAS,BLOK PASIR PUTEH, SEBELAH KLINIK AYER LANAS,5.77809,101.886,PPD JELI,['RENDAH'],could not convert string to float: 'SEBELAH KLINIK AYER LANAS'
DBA9005,SEKOLAH KEBANGSAAN JELI (1),JALAN BESAR, BANDAR JELI,5.69442,101.844,PPD JELI,['RENDAH'],could not convert string to float: 'BANDAR JELI'
DBA9014,SEKOLAH KEBANGSAAN SUNGAI RUAL,POS SUNGAI RUAL, D/A JHEOA,5.65357,101.794,PPD JELI,['RENDAH'],could not convert string to float: 'D/A JHEOA'
DBAA001,SEKOLAH KEBANGSAAN KUALA BETIS,P.O BOX NO.5,SK.KUALA BETIS, GUA MUSANG,4.90225,101.787,"['PPD GUA MUSANG', 'RENDAH']",could not convert string to float: 'GUA MUSANG'
DBAA002,SEKOLAH KEBANGSAAN BALAR,D/A PEJABAT PENDIDIKAN DAERAH GUA MUSANG, TINGKAT 1, WISMA PERSEKUTUAN,4.94,101.53,"['PPD GUA MUSANG', 'RENDAH']",could not convert string to float: 'WISMA PERSEKUTUAN'
DBAA003,SEKOLAH KEBANGSAAN HENDROP,D/A PEJABAT PENDIDIKAN DAERAH GUA MUSANG, TINGKAT 1, WISMA PERSEKUTUAN,4.71881,101.553,"['PPD GUA MUSANG', 'RENDAH']",could not convert string to float: 'WISMA PERSEKUTUAN'
DBB1111,SEKOLAH KEBANGSAAN SRI MELOR,KM22, JLN PASIR PUTEH,5.96941,102.296,PPD KOTA BHARU,['RENDAH'],could not convert string to float: 'JLN PASIR PUTEH'
DBB1115,SEKOLAH KEBANGSAAN SULTAN ISMAIL (1),BATU 2,JALAN KUALA KRAI,6.10574,102.239,PPD KOTA BHARU,['RENDAH'],could not convert string to float: 'JALAN KUALA KRAI'
DBB1116,SEKOLAH KEBANGSAAN SULTAN ISMAIL (2),JALAN LONG YUNUS, OFF JALAN BAYAM,6.11717,102.256,PPD KOTA BHARU,['RENDAH'],could not convert string to float: 'OFF JALAN BAYAM'
DBB1412,SEKOLAH KEBANGSAAN SULTAN ISMAIL (3),BATU DUA, JALAN KUALA KRAI,6.1038,102.241,PPD KOTA BHARU,['RENDAH'],could not convert string to float: 'JALAN KUALA KRAI'
DBC8001,SEKOLAH JENIS KEBANGSAAN (CINA) GUA MUSANG,S.J.K.(C) GUA MUSANG, JLN PULAI, GUA MUSANG,4.88183,101.962,"['PPD GUA MUSANG', 'RENDAH']",could not convert string to float: 'GUA MUSANG'
DBD7404,SEKOLAH JENIS KEBANGSAAN (TAMIL) LADANG PASIR GAJAH,PETI SURAT POS  NO.3, PEJABAT POS KUALA KRAI,5.61991,102.211,PPD KUALA KRAI,['RENDAH'],could not convert string to float: 'PEJABAT POS KUALA KRAI'
DCT1001,SEKOLAH RENDAH AGAMA TENGKU AMALIN A'ISHAH PUTRI,LOT 1941,KG CHEMPAKA, PANJI,6.137721,102.26991,"['PPD KOTA BHARU', 'RENDAH']",could not convert string to float: 'PANJI'
DEA0037,SEKOLAH MENENGAH KEBANGSAAN PAK BADOL,KG. PAK BADOL,MELOR,5.94235,102.305,PPD BACHOK,['MENENGAH'],could not convert string to float: 'MELOR'
DEA0038,SEKOLAH MENENGAH KEBANGSAAN SRI GUNUNG,BUKIT CHENDA,GUNONG,5.99238,102.352,PPD BACHOK,['MENENGAH'],could not convert string to float: 'GUNONG'
DEA0039,SEKOLAH MENENGAH KEBANGSAAN KANDIS,KG KANDIS, TELONG,5.95803,102.438,PPD BACHOK,['MENENGAH'],could not convert string to float: 'TELONG'
DEA0041,SEKOLAH MENENGAH KEBANGSAAN KUBANG TELAGA,KG KUBANG TELAGA, JALAN GUNUNG, JELOR,5.93191,102.357,"['PPD BACHOK', 'MENENGAH']",could not convert string to float: 'JELOR'
DEA1122,SEKOLAH MENENGAH KEBANGSAAN KEDAI BULOH,JALAN KUALA BESAR,KEDAI BULOH,6.17698,102.251,PPD KOTA BHARU,['MENENGAH'],could not convert string to float: 'KEDAI BULOH'
DEA1134,SEKOLAH MENENGAH KEBANGSAAN PUTERA,KOMPLEKS SEKOLAH-SEKOLAH, WAKAF MEK ZAINAB,6.13452,102.247,PPD KOTA BHARU,['MENENGAH'],could not convert string to float: 'WAKAF MEK ZAINAB'
DEA1135,SEKOLAH MENENGAH KEBANGSAAN PUTERI,KOMPLEKS SEKOLAH-SEKOLAH, WAKAF MEK ZAINAB,6.13329,102.25,PPD KOTA BHARU,['MENENGAH'],could not convert string to float: 'WAKAF MEK ZAINAB'
DEA1142,SEKOLAH MENENGAH KEBANGSAAN KOK LANAS,KM 27, KETEREH,5.9222,102.24,PPD KOTA BHARU,['MENENGAH'],could not convert string to float: 'KETEREH'
DEA1143,SEKOLAH MENENGAH KEBANGSAAN TANJUNG MAS,TAMAN UDA MURNI, JLN PKLN CHEPA,6.14536,102.259,PPD KOTA BHARU,['MENENGAH'],could not convert string to float: 'JLN PKLN CHEPA'
DEA1146,SEKOLAH MENENGAH KEBANGSAAN PENGKALAN CHEPA 2,JALAN MAKTAB PERGURUAN KOTA BHARU, PENGKALAN CHEPA,6.15544,102.298,PPD KOTA BHARU,['MENENGAH'],could not convert string to float: 'PENGKALAN CHEPA'
DEA1153,SEKOLAH MENENGAH KEBANGSAAN KUBANG KERIAN 3,KAMPUNG DEMIT, JALAN HUSM ,6.111764,102.284172,PPD KOTA BHARU,['MENENGAH'],could not convert string to float: 'JALAN HUSM'
DEA2187,SEKOLAH MENENGAH KEBANGSAAN PANGKAL MELERET,JALAN LAMA TANAH MERAH, CHEKOK TOK CHUBA,5.77899,102.158,PPD MACHANG,['MENENGAH'],could not convert string to float: 'CHEKOK TOK CHUBA'
DEA2188,SEKOLAH MENENGAH KEBANGSAAN SERI INTAN,BATU 32 , KAMPUNG PEK, JALAN KUALA KRAI,5.69081,102.214,"['PPD MACHANG', 'MENENGAH']",could not convert string to float: 'JALAN KUALA KRAI'
DEA3240,SEKOLAH MENENGAH KEBANGSAAN KANGKONG,KG.KANGKONG, JLN.PASIR MAS - TANAH MERAH,5.99475,102.184,PPD PASIR MAS,['MENENGAH'],could not convert string to float: 'JLN.PASIR MAS - TANAH MERAH'
DEA3241,SEKOLAH MENENGAH KEBANGSAAN TENGKU PANGLIMA RAJA,KM2, JALAN PASIR MAS - TANAH MERAH,6.02352,102.147,PPD PASIR MAS,['MENENGAH'],could not convert string to float: 'JALAN PASIR MAS - TANAH MERAH'
DEA4286,SEKOLAH MENENGAH KEBANGSAAN BUKIT JAWA,SELISING, PASIR PUTEH,5.89433,102.326,PPD PASIR PUTIH,['MENENGAH'],could not convert string to float: 'PASIR PUTEH'
DEA4288,SEKOLAH MENENGAH KEBANGSAAN (AGAMA) DATO' ISMAIL,JALAN PANGKALAN TUDM,GONG KEDAK,5.81219,102.474,PPD PASIR PUTIH,['MENENGAH'],could not convert string to float: 'GONG KEDAK'
DEA5325,SEKOLAH MENENGAH KEBANGSAAN IPOH,KM 20, JALAN GUAL IPOH, KG. GUAL IPOH,5.74703,102.052,"['PPD TANAH MERAH', 'MENENGAH']",could not convert string to float: 'KG. GUAL IPOH'
DEA5416,SEKOLAH MENENGAH KEBANGSAAN TAN SRI MOHAMED YAACOB,KM 21, JALAN JEDOK, KG. BATU GAJAH,5.81522,101.98,"['PPD TANAH MERAH', 'MENENGAH']",could not convert string to float: 'KG. BATU GAJAH'
DEA5418,SEKOLAH MENENGAH KEBANGSAAN LADANG KERILLA,LADANG KERILLA, 10 KM OFF SMPG KM 15, JALAN IPOH,5.69252,102.103,"['PPD TANAH MERAH', 'MENENGAH']",could not convert string to float: 'JALAN IPOH'
DEA5419,SEKOLAH MENENGAH KEBANGSAAN ALOR PASIR,KM 12, JALAN LUBOK JONG, KG BUKIT MAS,5.88194,102.124,"['PPD TANAH MERAH', 'MENENGAH']",could not convert string to float: 'KG BUKIT MAS'
DEA5422,SEKOLAH MENENGAH KEBANGSAAN BUKIT BUNGA,KM 37, JALAN TANAH MERAH-JELI,5.83078,101.897,PPD TANAH MERAH,['MENENGAH'],could not convert string to float: 'JALAN TANAH MERAH-JELI'
DEA6359,SEKOLAH MENENGAH KEBANGSAAN KAMPONG LAUT,KG. LAUT, PALEKBANG,6.15659,102.228,PPD TUMPAT,['MENENGAH'],could not convert string to float: 'PALEKBANG'
DEA7419,SEKOLAH MENENGAH KEBANGSAAN PAHI,KM9, LEBUHRAYA KUALA KRAI-GUA MUSANG,5.47983,102.224,PPD KUALA KRAI,['MENENGAH'],could not convert string to float: 'LEBUHRAYA KUALA KRAI-GUA MUSANG'
DEA8008,SEKOLAH MENENGAH KEBANGSAAN SRI WANGI,TANAH PUTIH, JALAN MERAPOH,4.791912,101.974152,PPD GUA MUSANG,['MENENGAH'],could not convert string to float: 'JALAN MERAPOH'
DEA9005,SEKOLAH MENENGAH KEBANGSAAN JELI 2,KG. SETING, JALAN JELI DABONG,5.575817,101.8811486,PPD JELI,['MENENGAH'],could not convert string to float: 'JALAN JELI DABONG'
DEB1137,MAKTAB SULTAN ISMAIL,JALAN TELIPOT, BELAKANG SMK SULTAN ISMAIL,6.10657,102.251,PPD KOTA BHARU,['MENENGAH'],could not convert string to float: 'BELAKANG SMK SULTAN ISMAIL'
DEE0039,SEKOLAH MENENGAH KEBANGSAAN BACHOK,KG.KEMUDI,BACHOK,6.0514,102.395,PPD BACHOK,['MENENGAH'],could not convert string to float: 'BACHOK'
DEE1127,SEKOLAH MENENGAH KEBANGSAAN KOTA,JALAN SALOR, SEBELAH RTM KELANTAN, WAKAF CHE YEH,6.0843,102.234,"['PPD KOTA BHARU', 'MENENGAH']",could not convert string to float: 'WAKAF CHE YEH'
DEE6362,SEKOLAH MENENGAH KEBANGSAAN TUMPAT,KOMPLEKS SEKOLAH-SEKOLAH KELABORAN, JLN. KELABORAN,6.1895,102.16,PPD TUMPAT,['MENENGAH'],could not convert string to float: 'JLN. KELABORAN'
DFT0001,SMU(A) DARUL ULUM ALMUHAMMADIAH (SABK),KOLAM, PAK BADOL,5.94,102.3,PPD BACHOK,['MENENGAH'],could not convert string to float: 'PAK BADOL'
DFT0002,SEKOLAH MENENGAH UGAMA (ARAB) DARUL IMAN,BERIS LALANG, JELAWAT,5.94157,102.416,PPD BACHOK,['MENENGAH'],could not convert string to float: 'JELAWAT'
DFT1001,SEKOLAH MENENGAH AGAMA TENGKU AMALIN A'ISHAH PUTRI,LOT 1941,KG CHEMPAKA,PANJI,6.137836,102.268682,"['PPD KOTA BHARU', 'MENENGAH']",could not convert string to float: 'PANJI'
DFT3001,SMU(A)AL-FALAH SIRAM,KG SIRAM, ALOR PASIR,6.06956,102.073,PPD PASIR MAS,['MENENGAH'],could not convert string to float: 'ALOR PASIR'
DFT3002,SEKOLAH MENENGAH UGAMA (ARAB) AL-ULUM,PADANG EMBUN, TENDONG,6.083191,102.206641,PPD PASIR MAS,['MENENGAH'],could not convert string to float: 'TENDONG'
DFT3003,SEKOLAH MENENGAH UGAMA (ARAB) AL-BALAGHUL MUBIN,KAMPUNG RONG CHENOK, CHETOK,5.92438,102.137,PPD PASIR MAS,['MENENGAH'],could not convert string to float: 'CHETOK'
DFT4002,SMU (A) TARBIAH ISLAMIAH,KAMPUNG LEPAH, SELISING,5.88807,102.32,PPD PASIR PUTIH,['MENENGAH'],could not convert string to float: 'SELISING'
DFT5002,SMU (ARAB) DARUL ULUM,KM 27, JALAN JEDOK,5.82811,101.946,PPD TANAH MERAH,['MENENGAH'],could not convert string to float: 'JALAN JEDOK'
DFT5003,SMU (ARAB) TARBIAH ISLAMIAH,KG. KUALA KAJANG, LALANG PEPUYU,5.89939,101.938,PPD TANAH MERAH,['MENENGAH'],could not convert string to float: 'LALANG PEPUYU'
DFT5004,SMU (ARAB) ARABIAH,KG. TERNANG, GUAL IPOH,5.76694,102.051,PPD TANAH MERAH,['MENENGAH'],could not convert string to float: 'GUAL IPOH'
DFT6001,SEKOLAH MENENGAH UGAMA (ARAB) MARDZIAH,JALAN LAMBOR, KG KUBANG BATANG, WAKAF BHARU,6.13,102.18,"['PPD TUMPAT', 'MENENGAH']",could not convert string to float: 'WAKAF BHARU'
DHA7002,KOLEJ VOKASIONAL KUALA KRAI ,KM2, LEBUH RAYA KUALA KRAI / GUA MUSANG,5.52825,102.209,PPD KUALA KRAI,['MENENGAH'],could not convert string to float: 'LEBUH RAYA KUALA KRAI / GUA MUSANG'
DRA0001,SEKOLAH MENENGAH KEBANGSAAN (AGAMA) TOK BACHOK,KG TANGOK, JALAN BACHOK - JELAWAT,6.01108,102.396,PPD BACHOK,['MENENGAH'],could not convert string to float: 'JALAN BACHOK - JELAWAT'
DRA1009,SEKOLAH MENENGAH KEBANGSAAN AGAMA MELOR,PADANG RAJA, MELOR,5.96423,102.287,PPD KOTA BHARU,['MENENGAH'],could not convert string to float: 'MELOR'
DRA6001,SEKOLAH MENENGAH KEBANGSAAN (AGAMA) FALAHIAH,PASIR PEKAN,  WAKAF BHARU,6.11746,102.217,PPD TUMPAT,['MENENGAH'],could not convert string to float: 'WAKAF BHARU'
JBA0001,SEKOLAH KEBANGSAAN LUBOK,KG. LUBOK,  SEMERAH,1.873848,102.795417,PPD BATU PAHAT,['RENDAH'],could not convert string to float: 'SEMERAH'
JBA0002,SEKOLAH KEBANGSAAN SERI MAAMOR,KAMPUNG PARIT GUNTUNG, SEMERAH,1.905388,102.818107,PPD BATU PAHAT,['RENDAH'],could not convert string to float: 'SEMERAH'
JBA0003,SEKOLAH KEBANGSAAN SERI PENGKALAN,PT. KUDA, SEMERAH,1.864302,102.814848,PPD BATU PAHAT,['RENDAH'],could not convert string to float: 'SEMERAH'
JBA0005,SEKOLAH KEBANGSAAN BAGAN,KM 09, KAMPUNG BAGAN,1.845974,102.860764,PPD BATU PAHAT,['RENDAH'],could not convert string to float: 'KAMPUNG BAGAN'
JBA0007,SEKOLAH KEBANGSAAN GAMBUT,BATU 7 1/4 KAMPUNG PARIT SIMIN, SEMERAH,1.855698,102.829083,PPD BATU PAHAT,['RENDAH'],could not convert string to float: 'SEMERAH'
JBA0008,SEKOLAH KEBANGSAAN SG KAJANG,JKR203BP, PARIT HJ. ABD. SALAM, SIMPANG 5,1.837925,102.877125,"['PPD BATU PAHAT', 'RENDAH']",could not convert string to float: 'SIMPANG 5'
JBA0009,SEKOLAH KEBANGSAAN PESERAI,KM 4, JLN. PESERAI,1.84949,102.906676,PPD BATU PAHAT,['RENDAH'],could not convert string to float: 'JLN. PESERAI'
JBA0010,SEKOLAH KEBANGSAAN SERI CHANTEK,PARIT SENTANG BATU, PARIT SULONG,1.984761,102.860578,PPD BATU PAHAT,['RENDAH'],could not convert string to float: 'PARIT SULONG'
JBA0012,SEKOLAH KEBANGSAAN SERI LAKSANA,PARIT MAIMON, MUKIM 4,1.938984,102.852181,PPD BATU PAHAT,['RENDAH'],could not convert string to float: 'MUKIM 4'
JBA0013,SEKOLAH KEBANGSAAN KAMPUNG JAWA,PARIT JAWA, PARIT SULONG,1.958076,102.874065,PPD BATU PAHAT,['RENDAH'],could not convert string to float: 'PARIT SULONG'
JBA0014,SEKOLAH KEBANGSAAN SERI PDG SARI,KG. PADANG SARI , MUKIM IV,1.903356,102.885476,PPD BATU PAHAT,['RENDAH'],could not convert string to float: 'MUKIM IV'
JBA0017,SEKOLAH KEBANGSAAN SERI TANJONG,KG SELULUN, TONGKANG PECHAH,1.910728,102.909724,PPD BATU PAHAT,['RENDAH'],could not convert string to float: 'TONGKANG PECHAH'
JBA0018,SEKOLAH KEBANGSAAN SERI JASA SEPAKAT,KAMPUNG BATU PUTEH, SIMPANG LIMA,1.889273,102.841368,PPD BATU PAHAT,['RENDAH'],could not convert string to float: 'SIMPANG LIMA'
JBA0019,SEKOLAH KEBANGSAAN PENGHULU SALLEH,MAMPAN, SIMPANG LIMA,1.873977,102.880949,PPD BATU PAHAT,['RENDAH'],could not convert string to float: 'SIMPANG LIMA'
JBA0020,SEKOLAH KEBANGSAAN SERI SEPARAP,SD 15, KG. SEPARAP,1.908872,102.867399,PPD BATU PAHAT,['RENDAH'],could not convert string to float: 'KG. SEPARAP'
JBA0021,SEKOLAH KEBANGSAAN PARIT JU,KAMPONG PARIT JU, MUKIM 4, SIMPANG KIRI PARIT SULONG,1.921251,102.899027,"['PPD BATU PAHAT', 'RENDAH']",could not convert string to float: 'SIMPANG KIRI PARIT SULONG'
JBA0026,SEKOLAH KEBANGSAAN BUKIT SOGA,KM. 3, JALAN KLUANG,1.863573,102.955216,PPD BATU PAHAT,['RENDAH'],could not convert string to float: 'JALAN KLUANG'
JBA0031,SEKOLAH KEBANGSAAN PARIT BILAL,KM 4, BUKIT PASIR,1.879528,102.946422,PPD BATU PAHAT,['RENDAH'],could not convert string to float: 'BUKIT PASIR'
JBA0032,SEKOLAH KEBANGSAAN SERI TELOK,PARIT BANYUMAS, PARIT YAANI,1.949351,103.028233,PPD BATU PAHAT,['RENDAH'],could not convert string to float: 'PARIT YAANI'
JBA0035,SEKOLAH KEBANGSAAN BINDU,KG. BINDU, MUKIM VI, LINAU,1.902015,102.965406,"['PPD BATU PAHAT', 'RENDAH']",could not convert string to float: 'LINAU'
JBA0036,SEKOLAH KEBANGSAAN BUKIT RAHMAT,KG. PT. BELEMAM, MK VI, TKG. PECAH,1.916211,102.921826,"['PPD BATU PAHAT', 'RENDAH']",could not convert string to float: 'TKG. PECAH'
JBA0038,SEKOLAH KEBANGSAAN TG SEMBERONG,Jalan Olak Batu, Tanjong Sembrong,1.876399,103.063142,PPD BATU PAHAT,['RENDAH'],could not convert string to float: 'Tanjong Sembrong'
JBA0044,SEKOLAH KEBANGSAAN PINTAS PUDING,KM. 21 JLN. KLUANG, BATU PAHAT,1.857073,103.100002,PPD BATU PAHAT,['RENDAH'],could not convert string to float: 'BATU PAHAT'
JBA0045,SEKOLAH KEBANGSAAN PINTAS RAYA,KM 17,  JALAN KLUANG,1.847717,103.071694,PPD BATU PAHAT,['RENDAH'],could not convert string to float: 'JALAN KLUANG'
JBA0046,SEKOLAH KEBANGSAAN SERI SABAK UNI,KM 24, JALAN KLUANG,1.871825,103.128135,PPD BATU PAHAT,['RENDAH'],could not convert string to float: 'JALAN KLUANG'
JBA0049,SEKOLAH KEBANGSAAN JELOTONG,KG. PARIT JELUTONG, PARIT RAJA,1.845827,103.085964,PPD BATU PAHAT,['RENDAH'],could not convert string to float: 'PARIT RAJA'
JBA0051,SEKOLAH KEBANGSAAN PARIT BINGAN,PARIT BINGAN, PARIT RAJA,1.847458,103.151815,PPD BATU PAHAT,['RENDAH'],could not convert string to float: 'PARIT RAJA'
JBA0052,SEKOLAH KEBANGSAAN SERI PANDAN,KG PARIT SERI PANDAN, PARIT RAJA,1.809755,103.065021,PPD BATU PAHAT,['RENDAH'],could not convert string to float: 'PARIT RAJA'
JBA0053,SEKOLAH KEBANGSAAN SERI PULEH,KG. PARIT LAPIS SEMPADAN, PARIT RAJA,1.820213,103.119549,PPD BATU PAHAT,['RENDAH'],could not convert string to float: 'PARIT RAJA'
JBA0057,SEKOLAH KEBANGSAAN SERI MOLEK,JLN DATO MUSTAFA, KG. PT. TARIMAN, SENGGARANG,1.787508,103.029114,"['PPD BATU PAHAT', 'RENDAH']",could not convert string to float: 'SENGGARANG'
JBA0059,SEKOLAH KEBANGSAAN SENGGARANG,JALAN ISMAIL, BATU PAHAT,1.749363,103.048525,PPD BATU PAHAT,['RENDAH'],could not convert string to float: 'BATU PAHAT'
JBA0060,SEKOLAH KEBANGSAAN KG BAHRU,KAMPONG BAHRU, SENGGARANG,1.723126,103.079045,PPD BATU PAHAT,['RENDAH'],could not convert string to float: 'SENGGARANG'
JBA0065,SEKOLAH KEBANGSAAN SUNGAI TONGKANG,KG. SUNGAI TONGKANG, RENGIT,1.691499,103.121509,PPD BATU PAHAT,['RENDAH'],could not convert string to float: 'RENGIT'
JBA0068,SEKOLAH KEBANGSAAN SERI LADANG,KG. SERI LADANG, RENGIT,1.725293,103.149769,PPD BATU PAHAT,['RENDAH'],could not convert string to float: 'RENGIT'
JBA0070,SEKOLAH KEBANGSAAN SERI MERLONG,KG. SERI MERLONG,RENGIT,1.73244,103.189616,PPD BATU PAHAT,['RENDAH'],could not convert string to float: 'RENGIT'
JBA0074,SEKOLAH KEBANGSAAN SERI MEDAN,JALAN BESAR, SERI  MEDAN ,1.98052,102.958887,PPD BATU PAHAT,['RENDAH'],could not convert string to float: 'SERI  MEDAN'
JBA0075,SEKOLAH KEBANGSAAN SERI PASIR,SERI PASIR, SERI MEDAN,2.000723,102.973238,PPD BATU PAHAT,['RENDAH'],could not convert string to float: 'SERI MEDAN'
JBA0077,SEKOLAH KEBANGSAAN SERI DAYONG,PETI SURAT 9, PEJABAT POS SERI MEDAN,2.023506,102.984233,PPD BATU PAHAT,['RENDAH'],could not convert string to float: 'PEJABAT POS SERI MEDAN'
JBA0078,SEKOLAH KEBANGSAAN SERI TIGA SERANGKAI,PARIT GANTONG, PARIT SULONG,2.002918,102.865886,PPD BATU PAHAT,['RENDAH'],could not convert string to float: 'PARIT SULONG'
JBA0079,SEKOLAH KEBANGSAAN SERI SEJATI,KAMPUNG PARIT BASRI, SERI MEDAN,2.016678,102.958482,PPD BATU PAHAT,['RENDAH'],could not convert string to float: 'SERI MEDAN'
JBA0080,SEKOLAH KEBANGSAAN SERI PEMATANG RENGAS,PARIT KARJAN, SERI MEDAN,2.007438,102.93503,PPD BATU PAHAT,['RENDAH'],could not convert string to float: 'SERI MEDAN'
JBA0081,SEKOLAH KEBANGSAAN AIR HITAM,JKR 348, AYER HITAM,1.91974,103.179572,PPD BATU PAHAT,['RENDAH'],could not convert string to float: 'AYER HITAM'
JBA0085,SEKOLAH KEBANGSAAN SERI BANDAN,BATU 3, JALAN YONG PENG,1.935442,103.123721,PPD BATU PAHAT,['RENDAH'],could not convert string to float: 'JALAN YONG PENG'
JBA0090,SEKOLAH KEBANGSAAN SEPAKAT JAYA,BATU 9 1/2, JALAN LABIS,2.154821,103.039291,PPD BATU PAHAT,['RENDAH'],could not convert string to float: 'JALAN LABIS'
JBA0097,SEKOLAH KEBANGSAAN SETIA BUDI,KAMPUNG PARIT GANTONG, SERI MERLONG,1.767755,103.18733,PPD BATU PAHAT,['RENDAH'],could not convert string to float: 'SERI MERLONG'
JBA0098,SEKOLAH KEBANGSAAN TAMAN SERI KOTA,JALAN PERDANA, TAMAN KOTA YONG PENG,2.016236,103.073217,PPD BATU PAHAT,['RENDAH'],could not convert string to float: 'TAMAN KOTA YONG PENG'
JBA0099,SEKOLAH KEBANGSAAN BANANG JAYA,KM 8, JALAN TANJUNG LABOH,1.798143,102.961815,PPD BATU PAHAT,['RENDAH'],could not convert string to float: 'JALAN TANJUNG LABOH'
JBA1003,SEKOLAH KEBANGSAAN PENGKALAN RINTING,BATU 5 , TAMPOI,1.493536936,103.7042052,PPD JOHOR BAHRU,['RENDAH'],could not convert string to float: 'TAMPOI'
JBA1010,SEKOLAH KEBANGSAAN MOHD KHIR JOHARI,JALAN SEKOLAH, KAMPUNG MELAYU MAJIDI,1.513281924,103.7528497,PPD JOHOR BAHRU,['RENDAH'],could not convert string to float: 'KAMPUNG MELAYU MAJIDI'
JBA1013,SEKOLAH KEBANGSAAN SENIBONG,JALAN PERMAS 16,  PERMAS JAYA,1.490292564,103.8224047,PPD PASIR GUDANG,['RENDAH'],could not convert string to float: 'PERMAS JAYA'
JBA1014,SEKOLAH KEBANGSAAN KOPOK,JALAN HIJRAH UTAMA, KAMPUNG KOPOK BARU,1.512407829,103.9254123,PPD PASIR GUDANG,['RENDAH'],could not convert string to float: 'KAMPUNG KOPOK BARU'
JBA1015,SEKOLAH KEBANGSAAN CAHAYA BARU,JALAN PERAK, KAMPUNG CAHAYA BARU,1.524478894,103.934328,PPD PASIR GUDANG,['RENDAH'],could not convert string to float: 'KAMPUNG CAHAYA BARU'
JBA1026,SEKOLAH KEBANGSAAN TEBRAU BAKAR BATU,JALAN SEKOLAH, KG BAKAR BATU,1.497843096,103.7833142,PPD JOHOR BAHRU,['RENDAH'],could not convert string to float: 'KG BAKAR BATU'
JBA1027,SEKOLAH KEBANGSAAN (FELDA ) ULU TEBRAU,JKR 3196 FELDA ULU TEBRAU, ULU TIRAM,1.632053642,103.754164,PPD PASIR GUDANG,['RENDAH'],could not convert string to float: 'ULU TIRAM'
JBA1030,SEKOLAH KEBANGSAAN SEKUDAI BT 10,JALAN KEPAR, SKUDAI,1.539134609,103.6601955,PPD JOHOR BAHRU,['RENDAH'],could not convert string to float: 'SKUDAI'
JBA1031,SEKOLAH KEBANGSAAN SUNGAI MELAYU,JALAN SEKOLAH, KAMPUNG SUNGAI MELAYU,1.452866639,103.6962068,PPD JOHOR BAHRU,['RENDAH'],could not convert string to float: 'KAMPUNG SUNGAI MELAYU'
JBA1032,SEKOLAH KEBANGSAAN SIKIJANG,KAMPUNG TEBING RUNTOH, ISKANDAR PUTERI,1.43090094,103.6646962,PPD JOHOR BAHRU,['RENDAH'],could not convert string to float: 'ISKANDAR PUTERI'
JBA1037,SEKOLAH KEBANGSAAN SERI KENANGA,JKR 5203, JALAN KACUNG, TAMPOI,1.510091206,103.7031484,"['PPD JOHOR BAHRU', 'RENDAH']",could not convert string to float: 'TAMPOI'
JBA1038,SEKOLAH KEBANGSAAN PASIR GUDANG (2),JALAN 10/1, PERJIRANAN 10,1.456508,103.906469,PPD PASIR GUDANG,['RENDAH'],could not convert string to float: 'PERJIRANAN 10'
JBA1047,SEKOLAH KEBANGSAAN MORNI POK,JALAN PAYA MENGKUANG, KAMPONG POK,1.35992929,103.5878724,PPD JOHOR BAHRU,['RENDAH'],could not convert string to float: 'KAMPONG POK'
JBA1049,SEKOLAH KEBANGSAAN KEMPAS,JLN. LURAH 15, KG KEMPAS BARU,1.527358565,103.7165862,PPD JOHOR BAHRU,['RENDAH'],could not convert string to float: 'KG KEMPAS BARU'
JBA1054,SEKOLAH KEBANGSAAN SRI TEBRAU,JALAN SUTERA, TAMAN SENTOSA,1.493059665,103.7747741,PPD JOHOR BAHRU,['RENDAH'],could not convert string to float: 'TAMAN SENTOSA'
JBA1055,SEKOLAH KEBANGSAAN KOMPLEKS UDA,JLN SEKOI, BANDAR BARU UDA,1.492914875,103.7138987,PPD JOHOR BAHRU,['RENDAH'],could not convert string to float: 'BANDAR BARU UDA'
JBA1056,SEKOLAH KEBANGSAAN SRI AMAR,JALAN BAWANG, TAMAN SRI AMAR,1.516821202,103.7597054,PPD JOHOR BAHRU,['RENDAH'],could not convert string to float: 'TAMAN SRI AMAR'
JBA1059,SEKOLAH KEBANGSAAN TAMAN PELANGI,JKR 5183, JLN KUNING, TAMAN PELANGI,1.481417437,103.7756592,"['PPD JOHOR BAHRU', 'RENDAH']",could not convert string to float: 'TAMAN PELANGI'
JBA1060,SEKOLAH KEBANGSAAN TAMAN TUN AMINAH,JLN PAHLAWAN 4, TAMAN UNGKU TUN AMINAH,1.522146196,103.6674643,PPD JOHOR BAHRU,['RENDAH'],could not convert string to float: 'TAMAN UNGKU TUN AMINAH'
JBA1061,SEKOLAH KEBANGSAAN SERI MELATI,TAMAN MELATI,  TAMPOI,1.507361664,103.6988997,PPD JOHOR BAHRU,['RENDAH'],could not convert string to float: 'TAMPOI'
JBA1062,SEKOLAH KEBANGSAAN PENDIDIKAN KHAS JOHOR BAHRU,JKR 5739, JLN PAHLAWAN 17, TAMAN UNGKU TUN AMINAH,1.51985,103.663268,"['PPD JOHOR BAHRU', 'RENDAH']",could not convert string to float: 'TAMAN UNGKU TUN AMINAH'
JBA1063,SEKOLAH KEBANGSAAN PERMAS JAYA 1,JALAN PERMAS 1/9, TAMAN PERMAS JAYA,1.515073,103.8199,PPD PASIR GUDANG,['RENDAH'],could not convert string to float: 'TAMAN PERMAS JAYA'
JBA1064,SEKOLAH KEBANGSAAN TAMAN PERLING,JLN PERSISIRAN PERLING 1,  TAMPOI,1.494303787,103.6836487,PPD JOHOR BAHRU,['RENDAH'],could not convert string to float: 'TAMPOI'
JBA1065,SEKOLAH KEBANGSAAN BANDAR UDA 2,JLN PADI MAHSURI, BANDAR BARU UDA,1.49401957,103.7202877,PPD JOHOR BAHRU,['RENDAH'],could not convert string to float: 'BANDAR BARU UDA'
JBA1066,SEKOLAH KEBANGSAAN TAMAN RINTING 1,JALAN ANGSANA 10, TAMAN RINTING,1.485155,103.873731,PPD PASIR GUDANG,['RENDAH'],could not convert string to float: 'TAMAN RINTING'
JBA1067,SEKOLAH KEBANGSAAN TAMAN JOHOR JAYA 1,JALAN BAKAWALI 13, TAMAN JOHOR JAYA,1.545438,103.796467,PPD PASIR GUDANG,['RENDAH'],could not convert string to float: 'TAMAN JOHOR JAYA'
JBA1068,SEKOLAH KEBANGSAAN TAMAN SURIA,5512, JLN SURIA UTAMA, TAMAN SURIA,1.501848944,103.762157,"['PPD JOHOR BAHRU', 'RENDAH']",could not convert string to float: 'TAMAN SURIA'
JBA1069,SEKOLAH KEBANGSAAN SERI PERLING 2,JALAN CAMAR 9, TAMAN PERLING,1.494459303,103.6759722,PPD JOHOR BAHRU,['RENDAH'],could not convert string to float: 'TAMAN PERLING'
JBA1071,SEKOLAH KEBANGSAAN TAMAN UNIVERSITI 2,JLN PERUBATAN 12, TMN UNIVERSITI,1.531659295,103.6124843,PPD JOHOR BAHRU,['RENDAH'],could not convert string to float: 'TMN UNIVERSITI'
JBA1074,SEKOLAH KEBANGSAAN TAMAN TUN AMINAH 2,JLN HULUBALANG 10, TMN UNGKU TUN AMINAH,1.507570804,103.6538923,PPD JOHOR BAHRU,['RENDAH'],could not convert string to float: 'TMN UNGKU TUN AMINAH'
JBA1076,SEKOLAH KEBANGSAAN TAMAN DAMAI JAYA,JALAN MAKMUR, TAMAN DAMAI JAYA,1.503640043,103.64775,PPD JOHOR BAHRU,['RENDAH'],could not convert string to float: 'TAMAN DAMAI JAYA'
JBA1078,SEKOLAH KEBANGSAAN TAMAN UNIVERSITI 1,JALAN PENYIARAN, TAMAN UNIVERSITI,1.535305793,103.6175001,PPD JOHOR BAHRU,['RENDAH'],could not convert string to float: 'TAMAN UNIVERSITI'
JBA1079,SEKOLAH KEBANGSAAN DESA CEMERLANG,TMN. DESA CEMERLANG,  ULU TIRAM,1.558900628,103.8178718,PPD PASIR GUDANG,['RENDAH'],could not convert string to float: 'ULU TIRAM'
JBA1080,SEKOLAH KEBANGSAAN TAMAN RINTING 2,JLN KERUING 10, TMN RINTING,1.492459054,103.864333,PPD PASIR GUDANG,['RENDAH'],could not convert string to float: 'TMN RINTING'
JBA1082,SEKOLAH KEBANGSAAN TAMAN CEMPAKA,JALAN PERSIARAN DAHLIA, TAMAN DAHLIA,1.513517876,103.699742,PPD JOHOR BAHRU,['RENDAH'],could not convert string to float: 'TAMAN DAHLIA'
JBA1083,SEKOLAH KEBANGSAAN PASIR GUDANG 4,JALAN MAWAR 45, TAMAN MAWAR,1.469397081,103.8922575,PPD PASIR GUDANG,['RENDAH'],could not convert string to float: 'TAMAN MAWAR'
JBA1085,SEKOLAH KEBANGSAAN SERI KOTA PUTERI,JLN BAYAN, BANDAR BARU KOTA PUTERI,1.498524145,103.8523382,PPD PASIR GUDANG,['RENDAH'],could not convert string to float: 'BANDAR BARU KOTA PUTERI'
JBA1088,SEKOLAH KEBANGSAAN TAMAN MOLEK,PERSIARAN MOLEK UTAMA, TAMAN MOLEK,1.522266853,103.7831748,PPD PASIR GUDANG,['RENDAH'],could not convert string to float: 'TAMAN MOLEK'
JBA1089,SEKOLAH KEBANGSAAN TMN JOHOR JAYA 3,JALAN TERATAI 50, TAMAN JOHOR JAYA,1.535064481,103.8121212,PPD PASIR GUDANG,['RENDAH'],could not convert string to float: 'TAMAN JOHOR JAYA'
JBA1090,SEKOLAH KEBANGSAAN TAMAN PUTERI WANGSA,JALAN BADIK 30, TAMAN PUTERI WANGSA,1.581454898,103.8088864,PPD PASIR GUDANG,['RENDAH'],could not convert string to float: 'TAMAN PUTERI WANGSA'
JBA1091,SEKOLAH KEBANGSAAN TAMAN MEGAH RIA,JALAN API - API 1, TAMAN MEGAH RIA,1.491499149,103.8583785,PPD PASIR GUDANG,['RENDAH'],could not convert string to float: 'TAMAN MEGAH RIA'
JBA1092,SEKOLAH KEBANGSAAN TAMAN PERMAS JAYA 3,JALAN PERMAS 7, BANDAR BARU PERMAS JAYA,1.500650408,103.821069,PPD PASIR GUDANG,['RENDAH'],could not convert string to float: 'BANDAR BARU PERMAS JAYA'
JBA1093,SEKOLAH KEBANGSAAN TAMAN MUTIARA RINI,JALAN UTAMA 24, TAMAN MUTIARA RINI,1.525063408,103.6406261,PPD JOHOR BAHRU,['RENDAH'],could not convert string to float: 'TAMAN MUTIARA RINI'
JBA1095,SEKOLAH KEBANGSAAN TAMAN ANGGERIK,JLN BUKIT KEMPAS UTAMA, TAMAN ANGGERIK,1.536662503,103.6951286,PPD JOHOR BAHRU,['RENDAH'],could not convert string to float: 'TAMAN ANGGERIK'
JBA1096,SEKOLAH KEBANGSAAN TAMAN UNIVERSITI 4,JALAN KEBUDAYAAN,TAMAN UNIVERSITI,1.535391593,103.6271238,PPD JOHOR BAHRU,['RENDAH'],could not convert string to float: 'TAMAN UNIVERSITI'
JBA1097,SEKOLAH KEBANGSAAN TAMAN DAYA 3,JALAN SAGU36,TAMAN DAYA,1.559136575,103.7631118,PPD PASIR GUDANG,['RENDAH'],could not convert string to float: 'TAMAN DAYA'
JBA1099,SEKOLAH KEBANGSAAN TAMAN JOHOR JAYA 5,JALAN ANGGERIK 21, TAMAN JOHOR JAYA,1.544271861,103.8079476,PPD PASIR GUDANG,['RENDAH'],could not convert string to float: 'TAMAN JOHOR JAYA'
JBA1100,SEKOLAH KEBANGSAAN TAMAN UNIVERSITI 3,JALAN KEMULIAAN, TAMAN UNIVERSITI,1.527015364,103.6200321,PPD JOHOR BAHRU,['RENDAH'],could not convert string to float: 'TAMAN UNIVERSITI'
JBA1101,SEKOLAH KEBANGSAAN PERMAS JAYA 5,JALAN PERMAS 13/1, BANDAR BARU PERMAS JAYA,1.491654665,103.8191378,PPD PASIR GUDANG,['RENDAH'],could not convert string to float: 'BANDAR BARU PERMAS JAYA'
JBA1102,SEKOLAH KEBANGSAAN TAMAN BUKIT MEWAH,JALAN MEWAH RIA 3/1, TMN. BUKIT MEWAH,1.519475657,103.6874789,PPD JOHOR BAHRU,['RENDAH'],could not convert string to float: 'TMN. BUKIT MEWAH'
JBA1103,SEKOLAH KEBANGSAAN BANDAR SERI ALAM,JALAN RIMBUN,BANDAR SERI ALAM, MASAI,1.506176538,103.8835108,"['PPD PASIR GUDANG', 'RENDAH']",could not convert string to float: 'MASAI'
JBA1104,SEKOLAH KEBANGSAAN TAMAN DAYA 2,JLN NIPAH, TAMAN DAYA,1.544778614,103.7560254,PPD PASIR GUDANG,['RENDAH'],could not convert string to float: 'TAMAN DAYA'
JBA1105,SEKOLAH KEBANGSAAN TAMAN PASIR PUTIH,JLN. SELASIH, TMN. PASIR PUTIH,1.47516997,103.9372998,PPD PASIR GUDANG,['RENDAH'],could not convert string to float: 'TMN. PASIR PUTIH'
JBA1108,SEKOLAH KEBANGSAAN SERI KOTA PUTERI 4,JLN. PENAGA, BANDAR BARU KOTA PUTERI,1.495378987,103.8416845,PPD PASIR GUDANG,['RENDAH'],could not convert string to float: 'BANDAR BARU KOTA PUTERI'
JBA1109,SEKOLAH KEBANGSAAN TAMAN SUTERA,JALAN PERSISIRAN SUTERA, TAMAN SUTERA ,1.477722585,103.6934227,PPD JOHOR BAHRU,['RENDAH'],could not convert string to float: 'TAMAN SUTERA'
JBA1112,SEKOLAH KEBANGSAAN TAMAN DESA SKUDAI,JALAN SEJAHTERA 16, TAMAN DESA SKUDAI,1.539745932,103.6347467,PPD JOHOR BAHRU,['RENDAH'],could not convert string to float: 'TAMAN DESA SKUDAI'
JBA1114,SEKOLAH KEBANGSAAN TAMAN RINTING 3,JALAN KETAPANG, TAMAN RINTING, MASAI,1.483358706,103.8597813,"['PPD PASIR GUDANG', 'RENDAH']",could not convert string to float: 'MASAI'
JBA1116,SEKOLAH KEBANGSAAN BUKIT MUTIARA,JLN. BUKIT MUTIARA 2, TAMAN BUKIT MUTIARA,1.540855965,103.7413752,PPD JOHOR BAHRU,['RENDAH'],could not convert string to float: 'TAMAN BUKIT MUTIARA'
JBA1117,SEKOLAH KEBANGSAAN KOTA MASAI,JALAN JAMBU 17, TAMAN KOTA MASAI,1.486528013,103.9508665,PPD PASIR GUDANG,['RENDAH'],could not convert string to float: 'TAMAN KOTA MASAI'
JBA1118,SEKOLAH KEBANGSAAN TAMAN SKUDAI BARU 2,JALAN HANG KASTURI 21, TAMAN SKUDAI BARU,1.496507812,103.6318016,PPD JOHOR BAHRU,['RENDAH'],could not convert string to float: 'TAMAN SKUDAI BARU'
JBA1119,SEKOLAH KEBANGSAAN TASEK UTARA,JALAN TARUKA, OFF JALAN DATIN HALIMAH,1.496706228,103.7289888,PPD JOHOR BAHRU,['RENDAH'],could not convert string to float: 'OFF JALAN DATIN HALIMAH'
JBA1120,SEKOLAH KEBANGSAAN TAMAN PERLING 3,JALAN RAWA, TAMAN PERLING,1.472435022,103.6733115,PPD JOHOR BAHRU,['RENDAH'],could not convert string to float: 'TAMAN PERLING'
JBA1121,SEKOLAH KEBANGSAAN TAMAN BUKIT TIRAM,JALAN BANANG 2, TAMAN BUKIT TIRAM,1.609864563,103.8073361,PPD PASIR GUDANG,['RENDAH'],could not convert string to float: 'TAMAN BUKIT TIRAM'
JBA1122,SEKOLAH KEBANGSAAN TAMAN MOUNT AUSTIN,JALAN MUTIARA EMAS 2/1, TAMAN MOUNT AUSTIN,1.558577,103.786446,PPD PASIR GUDANG,['RENDAH'],could not convert string to float: 'TAMAN MOUNT AUSTIN'
JBA1123,SEKOLAH KEBANGSAAN TAMAN TAMPOI UTAMA,JLN TITIWANGSA 22, TAMAN TAMPOI INDAH,1.516043634,103.6801726,PPD JOHOR BAHRU,['RENDAH'],could not convert string to float: 'TAMAN TAMPOI INDAH'
JBA1124,SEKOLAH KEBANGSAAN TAMAN PELANGI INDAH,JALAN CANTIK 1, TAMAN PELANGI INDAH,1.578229,103.803643,PPD PASIR GUDANG,['RENDAH'],could not convert string to float: 'TAMAN PELANGI INDAH'
JBA1125,SEKOLAH KEBANGSAAN TG PUTERI RESORT,JALAN LAMPAM, TAMAN TANJUNG PUTERI RESORT,1.454459358,103.9328849,PPD PASIR GUDANG,['RENDAH'],could not convert string to float: 'TAMAN TANJUNG PUTERI RESORT'
JBA1126,SEKOLAH KEBANGSAAN TAMAN MUTIARA RINI 2,JALAN PERSIARAN BAKTI 1, TAMAN MUTIARA RINI,1.519159268,103.629629,PPD JOHOR BAHRU,['RENDAH'],could not convert string to float: 'TAMAN MUTIARA RINI'
JBA1127,SEKOLAH KEBANGSAAN NUSANTARA,JALAN ULU CHOH, GELANG PATAH,1.468252154,103.580727,PPD JOHOR BAHRU,['RENDAH'],could not convert string to float: 'GELANG PATAH'
JBA1128,SEKOLAH KEBANGSAAN KOTA MASAI 2,JALAN TEMBIKAI UTAMA, TAMAN KOTA MASAI,1.478333926,103.9558795,PPD PASIR GUDANG,['RENDAH'],could not convert string to float: 'TAMAN KOTA MASAI'
JBA1129,SEKOLAH KEBANGSAAN TAMAN NUSA DAMAI,JALAN DAMAI UTAMA, TAMAN NUSA DAMAI,1.501714879,103.8993251,PPD PASIR GUDANG,['RENDAH'],could not convert string to float: 'TAMAN NUSA DAMAI'
JBA1131,SEKOLAH KEBANGSAAN TAMAN CAHAYA MASAI,PERSIARAN CAHAYA MASAI, TAMAN CAHAYA MASAI,1.506374953,103.9268929,PPD PASIR GUDANG,['RENDAH'],could not convert string to float: 'TAMAN CAHAYA MASAI'
JBA1132,SEKOLAH KEBANGSAAN TAMAN BUKIT DAHLIA,JALAN PERSIARAN DAHLIA 1, TAMAN BUKIT DAHLIA,1.484801251,103.9004141,PPD PASIR GUDANG,['RENDAH'],could not convert string to float: 'TAMAN BUKIT DAHLIA'
JBA1135,SEKOLAH KEBANGSAAN TAMAN SRI PULAI,JKR 5534, JALAN BATAI 3, TAMAN SRI PULAI,1.568434,103.617134,"['PPD KULAI', 'RENDAH']",could not convert string to float: 'TAMAN SRI PULAI'
JBA1137,SEKOLAH KEBANGSAAN SRI PULAI PERDANA,PERSISIRAN PULAI PERDANA 1, TAMAN SRI PULAI PERDANA,1.5606434,103.6130697,PPD KULAI,['RENDAH'],could not convert string to float: 'TAMAN SRI PULAI PERDANA'
JBA2002,SEKOLAH KEBANGSAAN (FELDA) ULU PENGGELI,JALAN KASAWARI, FELDA ULU PENGGELI,1.915544954,103.5193366,PPD KLUANG,['RENDAH'],could not convert string to float: 'FELDA ULU PENGGELI'
JBA2015,SEKOLAH KEBANGSAAN SERI KENCANA,KG. MOHD AMIN, ULU BENUT,1.863570564,103.2987356,PPD KLUANG,['RENDAH'],could not convert string to float: 'ULU BENUT'
JBA2018,SEKOLAH KEBANGSAAN (L) BANDAR KLUANG,JKR 610, JALAN SEKOLAH,2.028265035,103.3133376,PPD KLUANG,['RENDAH'],could not convert string to float: 'JALAN SEKOLAH'
JBA2020,SEKOLAH KEBANGSAAN KAHANG,KM 45, JLN MERSING, KAHANG,2.265800718,103.6046362,"['PPD KLUANG', 'RENDAH']",could not convert string to float: 'KAHANG'
JBA2021,SEKOLAH KEBANGSAAN BANDAR RENGAM,JKR 1645, JALAN BESAR,1.88510254,103.3977199,PPD KLUANG,['RENDAH'],could not convert string to float: 'JALAN BESAR'
JBA2023,SEKOLAH KEBANGSAAN SERI LALANG,BATU 6, SERI LALANG,1.978561916,103.2485408,PPD KLUANG,['RENDAH'],could not convert string to float: 'SERI LALANG'
JBA2024,SEKOLAH KEBANGSAAN SERI KG TENGAH,KM 5, JLN MERSING, KG. TENGAH,2.059096179,103.3425227,"['PPD KLUANG', 'RENDAH']",could not convert string to float: 'KG. TENGAH'
JBA2025,SEKOLAH KEBANGSAAN SERI KG RENGAM,1311, KG. TENGAH RENGGAM,1.843137462,103.4104335,PPD KLUANG,['RENDAH'],could not convert string to float: 'KG. TENGAH RENGGAM'
JBA2026,SEKOLAH KEBANGSAAN PEKAN LAYANG-LAYANG,LOT 1327, JALAN SEKOLAH,1.815252,103.472763,PPD KLUANG,['RENDAH'],could not convert string to float: 'JALAN SEKOLAH'
JBA2027,SEKOLAH KEBANGSAAN KAMPONG CHAMEK,JALAN SEKOLAH, KG. MELAYU CHAMEK,2.1526206,103.2283384,PPD KLUANG,['RENDAH'],could not convert string to float: 'KG. MELAYU CHAMEK'
JBA2028,SEKOLAH KEBANGSAAN LADANG PAMOL,LADANG PAMOL, BATU 8, JALAN MERSING,2.112017,103.392109,"['PPD KLUANG', 'RENDAH']",could not convert string to float: 'JALAN MERSING'
JBA2032,SEKOLAH KEBANGSAAN SULTAN SIR IBRAHIM,KEM BATU 3, JALAN MERSING,2.044438,103.351542,PPD KLUANG,['RENDAH'],could not convert string to float: 'JALAN MERSING'
JBA2036,SEKOLAH KEBANGSAAN (FELDA) KAHANG TIMUR,JALAN MERBUK, FELDA KAHANG TIMUR,2.088012902,103.4905994,PPD KLUANG,['RENDAH'],could not convert string to float: 'FELDA KAHANG TIMUR'
JBA2037,SEKOLAH KEBANGSAAN SUNGAI LINAU,KG PARIT 4, SUNGAI LINAU,1.820151952,103.2619706,PPD KLUANG,['RENDAH'],could not convert string to float: 'SUNGAI LINAU'
JBA2038,SEKOLAH KEBANGSAAN KG DATO IBRAHIM MAJID,KM. 8, JLN. BENUT,1.772866404,103.3056396,PPD KLUANG,['RENDAH'],could not convert string to float: 'JLN. BENUT'
JBA2041,SEKOLAH KEBANGSAAN LKTP BELITONG,JALAN CEMARA, FELDA BUKIT TONGKAT,1.94756,103.47601,PPD KLUANG,['RENDAH'],could not convert string to float: 'FELDA BUKIT TONGKAT'
JBA2042,SEKOLAH KEBANGSAAN (FELDA) LAYANG-LAYANG,JLN ENGGANG, FELDA LAYANG-LAYANG,1.791254,103.397942,PPD KLUANG,['RENDAH'],could not convert string to float: 'FELDA LAYANG-LAYANG'
JBA2044,SEKOLAH KEBANGSAAN SERI INTAN,JALAN INTAN, TAMAN INTAN,2.012173,103.304204,PPD KLUANG,['RENDAH'],could not convert string to float: 'TAMAN INTAN'
JBA2045,SEKOLAH KEBANGSAAN DATO' ONN JAAFAR,KM.72, JLN JOHOR, SIMPANG RENGGAM,1.814345,103.320392,"['PPD KLUANG', 'RENDAH']",could not convert string to float: 'SIMPANG RENGGAM'
JBA2046,SEKOLAH KEBANGSAAN SERI SEDOHOK,P.SURAT 23, BATU 20 JALAN MERSING,2.220701,103.489668,PPD KLUANG,['RENDAH'],could not convert string to float: 'BATU 20 JALAN MERSING'
JBA2048,SEKOLAH KEBANGSAAN DATO' SYED ZAIN ALSHAHAB,KM 5, JALAN MERSING,2.052231,103.343501,PPD KLUANG,['RENDAH'],could not convert string to float: 'JALAN MERSING'
JBA2050,SEKOLAH KEBANGSAAN ABDUL RAHMAN YASSIN,JALAN ARA, KG. DATO' ABDUL RAHMAN YASSIN,2.020366838,103.3393751,PPD KLUANG,['RENDAH'],"could not convert string to float: ""KG. DATO' ABDUL RAHMAN YASSIN"""
JBA2052,SEKOLAH KEBANGSAAN LADANG MUTIARA,PETI SURAT 24, LADANG MUTIARA KAHANG,2.284827,103.476286,PPD KLUANG,['RENDAH'],could not convert string to float: 'LADANG MUTIARA KAHANG'
JBA2054,SEKOLAH KEBANGSAAN BUKIT TONGKAT,JALAN MAWAR, FELDA ULU BELITONG,1.943424111,103.4626991,PPD KLUANG,['RENDAH'],could not convert string to float: 'FELDA ULU BELITONG'
JBA2055,SEKOLAH KEBANGSAAN SERI TAMAN KLUANG BARAT,JALAN TEKNOLOGI, TAMAN KLUANG BARAT,2.008225279,103.2855338,PPD KLUANG,['RENDAH'],could not convert string to float: 'TAMAN KLUANG BARAT'
JBA3001,SEKOLAH KEBANGSAAN BANDAR,NO. 114, JLN OMAR,1.725103,103.897173,PPD KOTA TINGGI,['RENDAH'],could not convert string to float: 'JLN OMAR'
JBA3002,SEKOLAH KEBANGSAAN (FELDA) BUKIT WAHA,JALAN BERINGIN 2, FELDA BUKIT WAHA,1.750329,104.073389,PPD KOTA TINGGI,['RENDAH'],could not convert string to float: 'FELDA BUKIT WAHA'
JBA3003,SEKOLAH KEBANGSAAN BUKIT LINTANG,J175, KAMPUNG BUKIT LINTANG,1.796097,103.888508,PPD KOTA TINGGI,['RENDAH'],could not convert string to float: 'KAMPUNG BUKIT LINTANG'
JBA3004,SEKOLAH KEBANGSAAN SEDILI BESAR,JLN. HJ. MD. LAZIM, SEDILI BESAR,1.925715538,104.1214442,PPD KOTA TINGGI,['RENDAH'],could not convert string to float: 'SEDILI BESAR'
JBA3005,SEKOLAH KEBANGSAAN MAWAI,PETI SURAT 75, KAMPONG MAWAI,1.856595,103.986994,PPD KOTA TINGGI,['RENDAH'],could not convert string to float: 'KAMPONG MAWAI'
JBA3006,SEKOLAH KEBANGSAAN JOHOR KAMPONG,JALAN PADANG, KAMPUNG JOHOR LAMA,1.586655,104.014583,PPD KOTA TINGGI,['RENDAH'],could not convert string to float: 'KAMPUNG JOHOR LAMA'
JBA3007,SEKOLAH KEBANGSAAN PANCHOR,JALAN TENGKU DARA PUTEH, KAMPONG PANCHOR,1.623193,103.975807,PPD KOTA TINGGI,['RENDAH'],could not convert string to float: 'KAMPONG PANCHOR'
JBA3008,SEKOLAH KEBANGSAAN SEDILI KECIL,JALAN HAJI MOHD LAZIM, KG. SEDILI KECIL,1.841588,104.14126,PPD KOTA TINGGI,['RENDAH'],could not convert string to float: 'KG. SEDILI KECIL'
JBA3009,SEKOLAH KEBANGSAAN SEMPANG,WAKIL POS, TANJUNG SEDILI,1.941506,104.07193,PPD KOTA TINGGI,['RENDAH'],could not convert string to float: 'TANJUNG SEDILI'
JBA3010,SEKOLAH KEBANGSAAN TELOK HUTAN LESONG,KAMPUNG TELOK HUTAN LESUNG, TANJUNG SEDILI,1.93511,104.061903,PPD KOTA TINGGI,['RENDAH'],could not convert string to float: 'TANJUNG SEDILI'
JBA3012,SEKOLAH KEBANGSAAN SERI SETIA JAYA,JALAN DATO' USMAN AWANG, TANJUNG SEDILI,1.927148,104.107234,PPD KOTA TINGGI,['RENDAH'],could not convert string to float: 'TANJUNG SEDILI'
JBA3013,SEKOLAH KEBANGSAAN NAM HENG,KB 502, LADANG BASIR ISMAIL,1.637075,103.919086,PPD KOTA TINGGI,['RENDAH'],could not convert string to float: 'LADANG BASIR ISMAIL'
JBA3015,SEKOLAH KEBANGSAAN TELOK SENGAT,JKR 788, TELOK SENGAT,1.564192,104.030569,PPD KOTA TINGGI,['RENDAH'],could not convert string to float: 'TELOK SENGAT'
JBA3022,SEKOLAH KEBANGSAAN TANJUNG SURAT,PETI SURAT 18, BANDAR PENAWAR,1.465688,104.041196,PPD KOTA TINGGI,['RENDAH'],could not convert string to float: 'BANDAR PENAWAR'
JBA3024,SEKOLAH KEBANGSAAN SUNGAI PAPAN,PETI SURAT 4, BANDAR PENAWAR,1.512662,104.104425,PPD KOTA TINGGI,['RENDAH'],could not convert string to float: 'BANDAR PENAWAR'
JBA3025,SEKOLAH KEBANGSAAN TUN DR SYED NASIR,JALAN BUNGA MELATI, FELDA PASAK,1.705888,103.956902,PPD KOTA TINGGI,['RENDAH'],could not convert string to float: 'FELDA PASAK'
JBA3026,SEKOLAH KEBANGSAAN BANDAR PENAWAR,PETI SURAT 23, BANDAR PENAWAR,1.554351,104.22455,PPD KOTA TINGGI,['RENDAH'],could not convert string to float: 'BANDAR PENAWAR'
JBA3030,SEKOLAH KEBANGSAAN (FELDA) AIR TAWAR 1,FELDA AIR TAWAR 1, PETI SURAT 41,1.623962,104.045669,PPD KOTA TINGGI,['RENDAH'],could not convert string to float: 'PETI SURAT 41'
JBA3034,SEKOLAH KEBANGSAAN (FELDA) AIR TAWAR 5,JALAN HANG KASTURI, KAMPUNG FELDA AIR TAWAR 5, PET,1.605534,104.084998,"['PPD KOTA TINGGI', 'RENDAH']",could not convert string to float: 'PET'
JBA3036,SEKOLAH KEBANGSAAN BUKIT MAHKOTA,JALAN RAJAWALI, FELDA BUKIT APING TIMUR,1.835825,104.024934,PPD KOTA TINGGI,['RENDAH'],could not convert string to float: 'FELDA BUKIT APING TIMUR'
JBA3041,SEKOLAH KEBANGSAAN BANDAR MAS,JALAN BAIDURI, BANDAR MAS,1.613673,104.142604,PPD KOTA TINGGI,['RENDAH'],could not convert string to float: 'BANDAR MAS'
JBA3046,SEKOLAH KEBANGSAAN LKTP KLEDANG,Jalan Sekolah, Felda Kledang,1.476687,104.176904,PPD KOTA TINGGI,['RENDAH'],could not convert string to float: 'Felda Kledang'
JBA3049,SEKOLAH KEBANGSAAN (FELDA) LOK HENG,JALAN MUTIARA 1, FELDA LOK HENG BARAT,1.694808,104.110167,PPD KOTA TINGGI,['RENDAH'],could not convert string to float: 'FELDA LOK HENG BARAT'
JBA3054,SEKOLAH KEBANGSAAN TUNJUK LAUT,PETI SURAT 116, KOMPLEK PASIR PANJANG, LADANG PASIR PANJANG,2.005946,103.957035,"['PPD KOTA TINGGI', 'RENDAH']",could not convert string to float: 'LADANG PASIR PANJANG'
JBA3055,SEKOLAH KEBANGSAAN LKTP TENGGAROH SELATAN,JKR 92A, JALAN LANGKAWI,1.985008,104.084438,PPD KOTA TINGGI,['RENDAH'],could not convert string to float: 'JALAN LANGKAWI'
JBA3057,SEKOLAH KEBANGSAAN DATUK USMAN AWANG,JALAN BUNGA RAYA, KOTA KECIL,1.744703,103.905087,PPD KOTA TINGGI,['RENDAH'],could not convert string to float: 'KOTA KECIL'
JBA3060,SEKOLAH KEBANGSAAN PETRI JAYA,BANDAR PETRI JAYA, PETI SURAT 31,1.826967,103.766032,PPD KOTA TINGGI,['RENDAH'],could not convert string to float: 'PETI SURAT 31'
JBA3061,SEKOLAH KEBANGSAAN TAMAN KOTA JAYA,JALAN KUINI, TAMAN KOTA JAYA,1.734358,103.888763,PPD KOTA TINGGI,['RENDAH'],could not convert string to float: 'TAMAN KOTA JAYA'
JBA3063,SEKOLAH KEBANGSAAN BANDAR PENAWAR 2,JLN DATO' JAAFAR 20, BANDAR PENAWAR,1.555703,104.244054,PPD KOTA TINGGI,['RENDAH'],could not convert string to float: 'BANDAR PENAWAR'
JBA3064,SEKOLAH KEBANGSAAN SERI SAUJANA,KM 30 JLN JOHOR BAHRU - K.TINGGI, TMN SRI SAUJANA,1.666515,103.859727,PPD KOTA TINGGI,['RENDAH'],could not convert string to float: 'TMN SRI SAUJANA'
JBA3065,SEKOLAH KEBANGSAAN FELDA PENGELI TIMUR,JALAN BAYAN,FELDA PENGELI TIMUR,1.846032746,103.6439359,PPD KULAI,['RENDAH'],could not convert string to float: 'FELDA PENGELI TIMUR'
JBA3066,SEKOLAH KEBANGSAAN FELDA SUNGAI SIBOL,JALAN MAWAR, FELDA SUNGAI SIBOL,1.848099,103.636754,PPD KULAI,['RENDAH'],could not convert string to float: 'FELDA SUNGAI SIBOL'
JBA3068,SEKOLAH KEBANGSAAN BANDAR TENGGARA 2,JKR 5564 TMN. SAYONG PINANG, BANDAR TENGGARA,1.854859,103.627825,PPD KULAI,['RENDAH'],could not convert string to float: 'BANDAR TENGGARA'
JBA3071,SEKOLAH KEBANGSAAN LKTP BUKIT BESAR,JALAN PENDITA, FELDA BUKIT BESAR,1.767167,103.70763,PPD KULAI,['RENDAH'],could not convert string to float: 'FELDA BUKIT BESAR'
JBA3072,SEKOLAH KEBANGSAAN LKTP BUKIT RAMUN,JKR 727, LKTP  BUKIT RAMUN,1.754776,103.725061,PPD KULAI,['RENDAH'],could not convert string to float: 'LKTP  BUKIT RAMUN'
JBA3073,SEKOLAH KEBANGSAAN BANDAR TENGGARA 1,JLN. KOTA RAJA, BANDAR TENGGARA,1.874622,103.618626,PPD KULAI,['RENDAH'],could not convert string to float: 'BANDAR TENGGARA'
JBA4001,SEKOLAH KEBANGSAAN BANDAR MERSING,288, JALAN AMINAH,2.43155,103.843571,PPD MERSING,['RENDAH'],could not convert string to float: 'JALAN AMINAH'
JBA4002,SEKOLAH KEBANGSAAN LKTP NITAR 1,JALAN KENARI, FELDA NITAR 1,2.386685,103.710378,PPD MERSING,['RENDAH'],could not convert string to float: 'FELDA NITAR 1'
JBA4004,SEKOLAH KEBANGSAAN SERI PANTAI,JKR 300, JALAN PEJABAT, KAMPUNG SRI PANTAI,2.391029654,103.8580674,"['PPD MERSING', 'RENDAH']",could not convert string to float: 'KAMPUNG SRI PANTAI'
JBA4005,SEKOLAH KEBANGSAAN SAWAH DATO',KM 5, JALAN ENDAU,2.466148,103.81945,PPD MERSING,['RENDAH'],could not convert string to float: 'JALAN ENDAU'
JBA4006,SEKOLAH KEBANGSAAN TENGLU,JKR 573, KM 8, JALAN ENDAU,2.486325,103.804794,"['PPD MERSING', 'RENDAH']",could not convert string to float: 'JALAN ENDAU'
JBA4007,SEKOLAH KEBANGSAAN AIR PAPAN,JKR 749,KG. AIR PAPAN LAUT,2.515979,103.832284,PPD MERSING,['RENDAH'],could not convert string to float: 'KG. AIR PAPAN LAUT'
JBA4008,SEKOLAH KEBANGSAAN TERIANG,JKR 655P, JLN. PENYABONG, KG. TERIANG BESAR,2.62866,103.71997,"['PPD MERSING', 'RENDAH']",could not convert string to float: 'KG. TERIANG BESAR'
JBA4009,SEKOLAH KEBANGSAAN LEMBAGA ENDAU,KM 10, JALAN MERSING,2.61796,103.6694,PPD MERSING,['RENDAH'],could not convert string to float: 'JALAN MERSING'
JBA4011,SEKOLAH KEBANGSAAN TANJUNG RESANG,JKR 561, KG. TANJUNG RESANG,2.575954,103.805204,PPD MERSING,['RENDAH'],could not convert string to float: 'KG. TANJUNG RESANG'
JBA4012,SEKOLAH KEBANGSAAN BANDAR ENDAU,JKR 564P,  JALAN MASJID,2.65021,103.62302,PPD MERSING,['RENDAH'],could not convert string to float: 'JALAN MASJID'
JBA4013,SEKOLAH KEBANGSAAN (FELDA) TENGGAROH 4,JKR 921P, JALAN SEMARAK, FELDA TENGGAROH 4,2.085268142,103.9498472,"['PPD MERSING', 'RENDAH']",could not convert string to float: 'FELDA TENGGAROH 4'
JBA4015,SEKOLAH KEBANGSAAN PUSAT AIR TAWAR,KM 4, JALAN MERSING,2.633619,103.642482,PPD MERSING,['RENDAH'],could not convert string to float: 'JALAN MERSING'
JBA4016,SEKOLAH KEBANGSAAN TELOK LIPAT,JKR 525, KAMPUNG TELOK LIPAT,2.65271,103.64919,PPD MERSING,['RENDAH'],could not convert string to float: 'KAMPUNG TELOK LIPAT'
JBA4022,SEKOLAH KEBANGSAAN (FELDA) TENGGAROH 1,JALAN LEBAN, FELDA TENGGAROH 01,2.082641315,103.8882422,PPD MERSING,['RENDAH'],could not convert string to float: 'FELDA TENGGAROH 01'
JBA4024,SEKOLAH KEBANGSAAN (LKTP) NITAR 2,JKR 913P, JALAN KESIDANG,2.392885948,103.6732578,PPD MERSING,['RENDAH'],could not convert string to float: 'JALAN KESIDANG'
JBA4025,SEKOLAH KEBANGSAAN (FELDA) TENGGAROH 5,JALAN ILMU, FELDA TENGGAROH TIMUR SATU,2.159943207,103.9100862,PPD MERSING,['RENDAH'],could not convert string to float: 'FELDA TENGGAROH TIMUR SATU'
JBA4032,SEKOLAH KEBANGSAAN KEM ISKANDAR,KEM ISKANDAR, TANJUNG SEKAKAP,2.33953,103.91287,PPD MERSING,['RENDAH'],could not convert string to float: 'TANJUNG SEKAKAP'
JBA4033,SEKOLAH KEBANGSAAN PUNAN,D/A PEJABAT PENDIDIKAN DAERAH KLUANG, 2755 JALAN SENTOSA,2.430141,103.544764,PPD KLUANG,['RENDAH'],could not convert string to float: '2755 JALAN SENTOSA'
JBA5001,SEKOLAH KEBANGSAAN BUKIT NANING,BATU 15, AIR HITAM,2.030391,102.7619,PPD MUAR,['RENDAH'],could not convert string to float: 'AIR HITAM'
JBA5002,SEKOLAH KEBANGSAAN AYER HITAM BATU 18,BT 18, AIR HITAM ,2.01811,102.7982,PPD MUAR,['RENDAH'],could not convert string to float: 'AIR HITAM'
JBA5003,SEKOLAH KEBANGSAAN LADANG AIR MANIS,PETI SURAT 508, LDG AIR MANIS ,1.998787,102.6919,PPD MUAR,['RENDAH'],could not convert string to float: 'LDG AIR MANIS'
JBA5004,SEKOLAH KEBANGSAAN BANDAR MAHARANI,JKR 999, JALAN ARAB,2.043741,102.5691,PPD MUAR,['RENDAH'],could not convert string to float: 'JALAN ARAB'
JBA5007,SEKOLAH KEBANGSAAN BAKRI BATU 5,KM 8, JLN BAKRI,2.045881,102.6394,PPD MUAR,['RENDAH'],could not convert string to float: 'JLN BAKRI'
JBA5013,SEKOLAH KEBANGSAAN BUKIT KEPONG,JKR 2927, KG TUI,2.34489,102.8444,PPD MUAR,['RENDAH'],could not convert string to float: 'KG TUI'
JBA5018,SEKOLAH KEBANGSAAN DUMPAR,JKR 390, JLN JUNID,2.03815,102.5523,PPD MUAR,['RENDAH'],could not convert string to float: 'JLN JUNID'
JBA5020,SEKOLAH KEBANGSAAN GOMBANG,JKR 2936, KG GOMBANG,2.248711,102.8111,PPD MUAR,['RENDAH'],could not convert string to float: 'KG GOMBANG'
JBA5024,SEKOLAH KEBANGSAAN KAMPONG BAHRU,JLN CEMPEDAK, KG BAHARU MELAYU, KM 45,2.25025,102.8349,"['PPD MUAR', 'RENDAH']",could not convert string to float: 'KM 45'
JBA5031,SEKOLAH KEBANGSAAN LIANG BATU,PETI SURAT A138, KG LIANG BATU,2.229933,102.7876,PPD MUAR,['RENDAH'],could not convert string to float: 'KG LIANG BATU'
JBA5032,SEKOLAH KEBANGSAAN PARIT KADZI,889, JLN TEMENGGONG AHMAD,2.034412,102.5751,PPD MUAR,['RENDAH'],could not convert string to float: 'JLN TEMENGGONG AHMAD'
JBA5033,SEKOLAH KEBANGSAAN PARIT KEROMA,KM.3.5, JALAN TEMENGGONG AHMAD,2.0247,102.5911,PPD MUAR,['RENDAH'],could not convert string to float: 'JALAN TEMENGGONG AHMAD'
JBA5034,SEKOLAH KEBANGSAAN PARIT KEROMA DARAT,PT KEROMA DARAT, JLN  DATO' HJ KOSAI,2.031886,102.6079,PPD MUAR,['RENDAH'],"could not convert string to float: ""JLN  DATO' HJ KOSAI"""
JBA5035,SEKOLAH KEBANGSAAN PARIT RAJA,KM 5, JLN.TEMENGGONG AHMAD ,2.012064,102.599,PPD MUAR,['RENDAH'],could not convert string to float: 'JLN.TEMENGGONG AHMAD'
JBA5040,SEKOLAH KEBANGSAAN PARIT BAKAR TENGAH,KM 6, JLN TEMENGGONG AHMAD,2.003354,102.6076,PPD MUAR,['RENDAH'],could not convert string to float: 'JLN TEMENGGONG AHMAD'
JBA5041,SEKOLAH KEBANGSAAN PARIT BAKAR DARAT,JKR 1275, KG PT BAKAR DARAT,2.014469,102.6267,PPD MUAR,['RENDAH'],could not convert string to float: 'KG PT BAKAR DARAT'
JBA5042,SEKOLAH KEBANGSAAN PARIT ZAIN,KG PARIT ZAIN, BATU 6 JLN. BAKRI,2.05417,102.6627,PPD MUAR,['RENDAH'],could not convert string to float: 'BATU 6 JLN. BAKRI'
JBA5044,SEKOLAH KEBANGSAAN PARIT SAMSU,KM 10, JLN TEMENGGONG AHMAD,1.978126,102.6277,PPD MUAR,['RENDAH'],could not convert string to float: 'JLN TEMENGGONG AHMAD'
JBA5046,SEKOLAH KEBANGSAAN PARIT PECHAH,KG PARIT PECHAH, PARIT JAWA,1.926902,102.6712,PPD MUAR,['RENDAH'],could not convert string to float: 'PARIT JAWA'
JBA5047,SEKOLAH KEBANGSAAN PARIT NAWI,PETI SURAT NO.1, PARIT JAWA ,1.955189,102.7186,PPD MUAR,['RENDAH'],could not convert string to float: 'PARIT JAWA'
JBA5051,SEKOLAH KEBANGSAAN PANCHOR,KG MELAYU, PANCHOR,2.173286,102.706,PPD MUAR,['RENDAH'],could not convert string to float: 'PANCHOR'
JBA5054,SEKOLAH KEBANGSAAN PAYA REDAN,BATU 19, KG PAYA REDAN,2.156922,102.7853,PPD MUAR,['RENDAH'],could not convert string to float: 'KG PAYA REDAN'
JBA5055,SEKOLAH KEBANGSAAN PAYA PANJANG,BT9, KG PAYA PANJANG,2.108713,102.659,PPD MUAR,['RENDAH'],could not convert string to float: 'KG PAYA PANJANG'
JBA5062,SEKOLAH KEBANGSAAN RENCHONG,JKR 2179,KAMPUNG RENCHONG,2.204935,102.7792,PPD MUAR,['RENDAH'],could not convert string to float: 'KAMPUNG RENCHONG'
JBA5067,SEKOLAH KEBANGSAAN SIMPANG JERAM,KM 6, JLN BAKRI,2.049576,102.6136,PPD MUAR,['RENDAH'],could not convert string to float: 'JLN BAKRI'
JBA5069,SEKOLAH KEBANGSAAN SERI JONG,KM 3, JLN ABDUL RAHMAN,2.021109,102.5804,PPD MUAR,['RENDAH'],could not convert string to float: 'JLN ABDUL RAHMAN'
JBA5070,SEKOLAH KEBANGSAAN SERI BUKIT BATU,JKR 1821, SERI BUKIT BATU,2.069259,102.6298,PPD MUAR,['RENDAH'],could not convert string to float: 'SERI BUKIT BATU'
JBA5071,SEKOLAH KEBANGSAAN PARIT NO. 5,JLN YUSOF, MUAR,1.972786,102.7686,PPD MUAR,['RENDAH'],could not convert string to float: 'MUAR'
JBA5072,SEKOLAH KEBANGSAAN SERI MENANTI,KM 22, JALAN MUAR-BATU PAHAT, PARIT JAWA,1.910369,102.6884,"['PPD MUAR', 'RENDAH']",could not convert string to float: 'PARIT JAWA'
JBA5074,SEKOLAH KEBANGSAAN SIMPANG 4,SIMPANG  4, PARIT  JAMIL,1.961993,102.6921,PPD MUAR,['RENDAH'],could not convert string to float: 'PARIT  JAMIL'
JBA5083,SEKOLAH KEBANGSAAN SUNGAI RAYA,KM 10, JLN BUKIT PASIR,2.093736,102.6248,PPD MUAR,['RENDAH'],could not convert string to float: 'JLN BUKIT PASIR'
JBA5085,SEKOLAH KEBANGSAAN SG BALANG DARAT,WAKIL POS, SG BALANG BESAR ,1.947409,102.7537,PPD MUAR,['RENDAH'],could not convert string to float: 'SG BALANG BESAR'
JBA5090,SEKOLAH KEBANGSAAN TEMIANG,KM 6, JALAN SALLEH,2.087599,102.5869,PPD MUAR,['RENDAH'],could not convert string to float: 'JALAN SALLEH'
JBA5093,SEKOLAH KEBANGSAAN TANJONG TOHOR,SUNGAI PULAI, SERI MENANTI,1.890932,102.7025,PPD MUAR,['RENDAH'],could not convert string to float: 'SERI MENANTI'
JBA6005,SEKOLAH KEBANGSAAN SERI BUNIAN,BATU 33, JLN JOHOR,1.492067585,103.445549,PPD PONTIAN,['RENDAH'],could not convert string to float: 'JLN JOHOR'
JBA6006,SEKOLAH KEBANGSAAN SUNGAI BUNYI,KM 56, JALAN JOHOR,1.475112,103.419964,PPD PONTIAN,['RENDAH'],could not convert string to float: 'JALAN JOHOR'
JBA6015,SEKOLAH KEBANGSAAN SUNGAI DURIAN,BANDAR PERMAS, KUKUP,1.321895,103.459658,PPD PONTIAN,['RENDAH'],could not convert string to float: 'KUKUP'
JBA6019,SEKOLAH KEBANGSAAN PEKAN NANAS,JALAN SAWAH, PEKAN NANAS,1.513131773,103.5137898,PPD PONTIAN,['RENDAH'],could not convert string to float: 'PEKAN NANAS'
JBA6025,SEKOLAH KEBANGSAAN PARIT SELANGOR,BATU 32, JALAN JOHOR,1.52555676,103.4429419,PPD PONTIAN,['RENDAH'],could not convert string to float: 'JALAN JOHOR'
JBA6027,SEKOLAH KEBANGSAAN SERI BUKIT PANJANG,JKR 1646, BT. 30 1/2 JALAN JOHOR,1.545462329,103.4670952,PPD PONTIAN,['RENDAH'],could not convert string to float: 'BT. 30 1/2 JALAN JOHOR'
JBA6030,SEKOLAH KEBANGSAAN API API,PARIT 2, KAMPUNG API-API,1.53209902,103.3694467,PPD PONTIAN,['RENDAH'],could not convert string to float: 'KAMPUNG API-API'
JBA6031,SEKOLAH KEBANGSAAN KAYU ARA PASONG,JKR 1632,KAYU ARA PASONG,1.562981435,103.4023762,PPD PONTIAN,['RENDAH'],could not convert string to float: 'KAYU ARA PASONG'
JBA6034,SEKOLAH KEBANGSAAN KAMPONG JAWA,JKR 2034, JALAN KAMPONG. JAWA,1.596512391,103.3709407,PPD PONTIAN,['RENDAH'],could not convert string to float: 'JALAN KAMPONG. JAWA'
JBA6036,SEKOLAH KEBANGSAAN SERI PULAI,KG.PT. HJ. ABDUL KARIM, AYER BALOI,1.607290657,103.364836,PPD PONTIAN,['RENDAH'],could not convert string to float: 'AYER BALOI'
JBA6039,SEKOLAH KEBANGSAAN SERI ANOM,KG.PARIT SATU, SANGLANG, AYER BALOI,1.65179732,103.3347631,"['PPD PONTIAN', 'RENDAH']",could not convert string to float: 'AYER BALOI'
JBA6042,SEKOLAH KEBANGSAAN SERI SINARAN,JKR 1400, TAMPOK,1.65772,103.20371,PPD PONTIAN,['RENDAH'],could not convert string to float: 'TAMPOK'
JBA6045,SEKOLAH KEBANGSAAN SERI JAYA,KG. PERMATANG SEPAM, BENUT,1.70221,103.239046,PPD PONTIAN,['RENDAH'],could not convert string to float: 'BENUT'
JBA6049,SEKOLAH KEBANGSAAN SERI AL ULUM,KG PARIT MARJUNIT, BENUT,1.664730877,103.3016431,PPD PONTIAN,['RENDAH'],could not convert string to float: 'BENUT'
JBA7004,SEKOLAH KEBANGSAAN KAMPONG JAWA,JALAN MEDOI, KAMPONG JAWA,2.506203522,102.8346625,PPD SEGAMAT,['RENDAH'],could not convert string to float: 'KAMPONG JAWA'
JBA7005,SEKOLAH KEBANGSAAN LKTP MEDOI,JALAN PEJABAT, FELDA MEDOI,2.529254951,102.8833473,PPD SEGAMAT,['RENDAH'],could not convert string to float: 'FELDA MEDOI'
JBA7006,SEKOLAH KEBANGSAAN DATO SERI MAHARAJA LELA,KM. 3, JLN. BULOH KASAP,2.534935682,102.805118,PPD SEGAMAT,['RENDAH'],could not convert string to float: 'JLN. BULOH KASAP'
JBA7010,SEKOLAH KEBANGSAAN SPANG LOI,KG. SPANG LOI, BATU ANAM,2.645093996,102.7619237,PPD SEGAMAT,['RENDAH'],could not convert string to float: 'BATU ANAM'
JBA7016,SEKOLAH KEBANGSAAN GEMEREH,KM. 5, JALAN MUAR,2.489569529,102.7951992,PPD SEGAMAT,['RENDAH'],could not convert string to float: 'JALAN MUAR'
JBA7017,SEKOLAH KEBANGSAAN JEMENTAH,KM 22,JALAN MUAR,2.450366667,102.6869833,PPD SEGAMAT,['RENDAH'],could not convert string to float: 'JALAN MUAR'
JBA7019,SEKOLAH KEBANGSAAN TEBING TINGGI,JALAN UTAMA, KAMPUNG TEBING TINGGI,2.463153006,102.7652067,PPD SEGAMAT,['RENDAH'],could not convert string to float: 'KAMPUNG TEBING TINGGI'
JBA7021,SEKOLAH KEBANGSAAN PAYA JAKAS,KM. 26, JLN. MUAR,2.424374059,102.6742691,PPD SEGAMAT,['RENDAH'],could not convert string to float: 'JLN. MUAR'
JBA7023,SEKOLAH KEBANGSAAN MELAYU RAYA,KG. MELAYU RAYA, MUKIM  POGOH,2.446262556,102.8827196,PPD SEGAMAT,['RENDAH'],could not convert string to float: 'MUKIM  POGOH'
JBA7024,SEKOLAH KEBANGSAAN LABIS,JKR 417, JALAN YONG PENG,2.22513,103.01239,PPD SEGAMAT,['RENDAH'],could not convert string to float: 'JALAN YONG PENG'
JBA7025,SEKOLAH KEBANGSAAN PEKAN AIR PANAS,JALAN ZAINAL, PEKAN AIR PANAS,2.4739295,103.0564409,PPD SEGAMAT,['RENDAH'],could not convert string to float: 'PEKAN AIR PANAS'
JBA7028,SEKOLAH KEBANGSAAN LKTP TENANG,JALAN BESAR, FELDA TENANG,2.442532318,103.0404979,PPD SEGAMAT,['RENDAH'],could not convert string to float: 'FELDA TENANG'
JBA7031,SEKOLAH KEBANGSAAN (FELDA) CHEMPLAK,JLN. BAHAGIA, FELDA CHEMPLAK,2.379081867,102.9456872,PPD SEGAMAT,['RENDAH'],could not convert string to float: 'FELDA CHEMPLAK'
JBA7037,SEKOLAH KEBANGSAAN TENANG STESEN,KM 19, TENANG STESEN,2.468206969,102.9565877,PPD SEGAMAT,['RENDAH'],could not convert string to float: 'TENANG STESEN'
JBA7038,SEKOLAH KEBANGSAAN (FELDA) PEMANIS 2,PETI SURAT 105, FELDA PEMANIS 2,2.584292678,102.9059798,PPD SEGAMAT,['RENDAH'],could not convert string to float: 'FELDA PEMANIS 2'
JBA7040,SEKOLAH KEBANGSAAN LKTP MAOKIL 1,JKR 1732 , JALAN ANGSANA, GUGUSAN FELDA MAOKIL,2.299722497,102.9675043,"['PPD SEGAMAT', 'RENDAH']",could not convert string to float: 'GUGUSAN FELDA MAOKIL'
JBA7041,SEKOLAH KEBANGSAAN DESA TEMU JODOH,KM 6, JALAN YONG PENG,2.193787018,103.0390066,PPD SEGAMAT,['RENDAH'],could not convert string to float: 'JALAN YONG PENG'
JBA7044,SEKOLAH KEBANGSAAN KAMPUNG PAYA BESAR,JKR 1416, SK KAMPUNG PAYA BESAR,2.444625218,102.8425348,PPD SEGAMAT,['RENDAH'],could not convert string to float: 'SK KAMPUNG PAYA BESAR'
JBA7046,SEKOLAH KEBANGSAAN LKTP MAOKIL 2,JALAN ANGSANA, FELDA MAOKIL,2.290781826,102.9687434,PPD SEGAMAT,['RENDAH'],could not convert string to float: 'FELDA MAOKIL'
JBA7047,SEKOLAH KEBANGSAAN SEGAMAT BARU,JALAN SERIKAYA 12, SEGAMAT BARU,2.500770533,102.8498304,PPD SEGAMAT,['RENDAH'],could not convert string to float: 'SEGAMAT BARU'
JBA7049,SEKOLAH KEBANGSAAN BANDAR PUTRA,JALAN PUTRA 2/25, BANDAR PUTRA,2.501895988,102.8514504,PPD SEGAMAT,['RENDAH'],could not convert string to float: 'BANDAR PUTRA'
JBA8005,SEKOLAH KEBANGSAAN LKTP BUKIT BATU,JKR 3820, LKTP FELDA BUKIT BATU,1.703051,103.437328,PPD KULAI,['RENDAH'],could not convert string to float: 'LKTP FELDA BUKIT BATU'
JBA8008,SEKOLAH KEBANGSAAN SEDENAK,JALAN SEDENAK 10 , KG. BARU SEDENAK,1.71154,103.528599,PPD KULAI,['RENDAH'],could not convert string to float: 'KG. BARU SEDENAK'
JBA8009,SEKOLAH KEBANGSAAN POLIS KEM,BATU 26, KELAPA SAWIT,1.67812,103.528161,PPD KULAI,['RENDAH'],could not convert string to float: 'KELAPA SAWIT'
JBA8020,SEKOLAH KEBANGSAAN FELDA INAS,FELDA INAS, KULAI,1.773263,103.610023,PPD KULAI,['RENDAH'],could not convert string to float: 'KULAI'
JBA8027,SEKOLAH KEBANGSAAN SENAI UTAMA,JALAN SENAI UTAMA, TAMAN SENAI UTAMA,1.611767,103.64172,PPD KULAI,['RENDAH'],could not convert string to float: 'TAMAN SENAI UTAMA'
JBA8028,SEKOLAH KEBANGSAAN TAMAN MUHIBBAH,JALAN JAMBU AIR, TAMAN MUHIBBAH, SALENG,1.628014,103.615957,"['PPD KULAI', 'RENDAH']",could not convert string to float: 'SALENG'
JBA8029,SEKOLAH KEBANGSAAN TAMAN KOTA KULAI 2,JALAN SRI PUTRI 4/9, TAMAN PUTRI,1.652718,103.571698,PPD KULAI,['RENDAH'],could not convert string to float: 'TAMAN PUTRI'
JBA8031,SEKOLAH KEBANGSAAN TAMAN INDAHPURA 1,JALAN TERATAI 36/15, TAMAN INDAHPURA,1.636832,103.619194,PPD KULAI,['RENDAH'],could not convert string to float: 'TAMAN INDAHPURA'
JBA8032,SEKOLAH KEBANGSAAN TAMAN INDAHPURA 2,JALAN SISIRAN INDAHPURA 36/1, TAMAN INDAHPURA,1.630008,103.615591,PPD KULAI,['RENDAH'],could not convert string to float: 'TAMAN INDAHPURA'
JBA8033,SEKOLAH KEBANGSAAN BANDAR PUTRA,JALAN NURI 34,BANDAR PUTRA,1.66131,103.633647,PPD KULAI,['RENDAH'],could not convert string to float: 'BANDAR PUTRA'
JBA8034,SEKOLAH KEBANGSAAN PUTRA UTAMA,JALAN KEMPAS, BANDAR PUTRA,1.648978,103.631541,PPD KULAI,['RENDAH'],could not convert string to float: 'BANDAR PUTRA'
JBA9001,SEKOLAH KEBANGSAAN SEROM 8,KAMPUNG SEROM 8, SUNGAI MATI,2.221903,102.607876,PPD TANGKAK,['RENDAH'],could not convert string to float: 'SUNGAI MATI'
JBA9008,SEKOLAH KEBANGSAAN SEROM 4,KG SEROM 4, W/P SEROM ,2.199062,102.588823,PPD TANGKAK,['RENDAH'],could not convert string to float: 'W/P SEROM'
JBA9009,SEKOLAH KEBANGSAAN SRI TANGKAK,JKR NO.767, JALAN PAYAMAS,2.27188456,102.5423098,PPD TANGKAK,['RENDAH'],could not convert string to float: 'JALAN PAYAMAS'
JBA9010,SEKOLAH KEBANGSAAN SEROM 6,TL 24, KG SEROM 6,2.202649,102.607651,PPD TANGKAK,['RENDAH'],could not convert string to float: 'KG SEROM 6'
JBA9011,SEKOLAH KEBANGSAAN PENCHU,KG. PENCHU, KUNDANG ULU,2.258167739,102.7907467,PPD TANGKAK,['RENDAH'],could not convert string to float: 'KUNDANG ULU'
JBA9013,SEKOLAH KEBANGSAAN SIALANG,KM 3, JLN SIALANG,2.282446,102.519147,PPD TANGKAK,['RENDAH'],could not convert string to float: 'JLN SIALANG'
JBA9015,SEKOLAH KEBANGSAAN TANJONG GADING,KM 8, TANJONG GADING,2.097110249,102.527512,PPD TANGKAK,['RENDAH'],could not convert string to float: 'TANJONG GADING'
JBA9019,SEKOLAH KEBANGSAAN SEROM 5,KG SEROM  5, SUNGAI MATI,2.217611,102.607465,PPD TANGKAK,['RENDAH'],could not convert string to float: 'SUNGAI MATI'
JBA9020,SEKOLAH KEBANGSAAN KESANG,KM 11,  JALAN MELAKA,2.116118,102.507523,PPD TANGKAK,['RENDAH'],could not convert string to float: 'JALAN MELAKA'
JBA9021,SEKOLAH KEBANGSAAN BANDAR TANGKAK,1039 -1040, JLN HASSAN,2.270547,102.536895,PPD TANGKAK,['RENDAH'],could not convert string to float: 'JLN HASSAN'
JBA9022,SEKOLAH KEBANGSAAN BUKIT KANGKAR,BT 9, JLN BKT KANGKAR,2.170969935,102.5577378,PPD TANGKAK,['RENDAH'],could not convert string to float: 'JLN BKT KANGKAR'
JBA9023,SEKOLAH KEBANGSAAN BUKIT BANJAR,JKR 1788, KAMPUNG BUKIT BANJAR,2.25206,102.56171,PPD TANGKAK,['RENDAH'],could not convert string to float: 'KAMPUNG BUKIT BANJAR'
JBA9025,SEKOLAH KEBANGSAAN BELEMANG,JKR 105, KG BELEMANG,2.150610362,102.6184711,PPD TANGKAK,['RENDAH'],could not convert string to float: 'KG BELEMANG'
JBA9026,SEKOLAH KEBANGSAAN BEKOH,JKR 1698, KG BEKOH,2.349941,102.524838,PPD TANGKAK,['RENDAH'],could not convert string to float: 'KG BEKOH'
JBA9028,SEKOLAH KEBANGSAAN RKT SRI LEDANG,JLN SEKOLAH, FELDA SRI LEDANG,2.394044,102.758665,PPD TANGKAK,['RENDAH'],could not convert string to float: 'FELDA SRI LEDANG'
JBA9029,SEKOLAH KEBANGSAAN PUTERI LEDANG,BATU 27, JALAN SEGAMAT, SAGIL,2.324471,102.624058,"['PPD TANGKAK', 'RENDAH']",could not convert string to float: 'SAGIL'
JBA9030,SEKOLAH KEBANGSAAN GERSEK,JKR 1240, JLN TAMBAK,2.207463,102.713645,PPD TANGKAK,['RENDAH'],could not convert string to float: 'JLN TAMBAK'
JBA9031,SEKOLAH KEBANGSAAN RAWANG,KM 10,  PEKAN RAWANG, SG. MATI,2.122196,102.555311,"['PPD TANGKAK', 'RENDAH']",could not convert string to float: 'SG. MATI'
JBA9034,SEKOLAH KEBANGSAAN PARIT BUNGA,KM 4, PARIT BUNGA,2.078311,102.550955,PPD TANGKAK,['RENDAH'],could not convert string to float: 'PARIT BUNGA'
JBA9037,SEKOLAH KEBANGSAAN PAYA MAS,BATU 18, KG. PAYAMAS,2.283943,102.552344,PPD TANGKAK,['RENDAH'],could not convert string to float: 'KG. PAYAMAS'
JBB0024,SEKOLAH KEBANGSAAN SERI PUTERI,PESTA, KAMPUNG KENANGAN DATO ONN,1.857875,102.940995,PPD BATU PAHAT,['RENDAH'],could not convert string to float: 'KAMPUNG KENANGAN DATO ONN'
JBB0028,SEKOLAH KEBANGSAAN MONTFORT,NO.2, JALAN INDAH,1.840777,102.934574,PPD BATU PAHAT,['RENDAH'],could not convert string to float: 'JALAN INDAH'
JBB0029,SEKOLAH KEBANGSAAN PESERIAN,K.B. 101, SEMERAH,1.879963,102.783658,PPD BATU PAHAT,['RENDAH'],could not convert string to float: 'SEMERAH'
JBB0048,SEKOLAH KEBANGSAAN YONG PENG,NO.1, JALAN SEKOLAH CINA,2.013828,103.060741,PPD BATU PAHAT,['RENDAH'],could not convert string to float: 'JALAN SEKOLAH CINA'
JBB1003,SEKOLAH KEBANGSAAN LARKIN 1,JKR 1950, JALAN LARKIN ,1.488485366,103.7504679,PPD JOHOR BAHRU,['RENDAH'],could not convert string to float: 'JALAN LARKIN'
JBB1004,SEKOLAH KEBANGSAAN LARKIN 2,JALAN DATO JAAFAR, LARKIN,1.489375558,103.7504733,PPD JOHOR BAHRU,['RENDAH'],could not convert string to float: 'LARKIN'
JBB1006,SEKOLAH KEBANGSAAN NGEE HENG,JKR 4874, JLN. ABD. RAHMAN ANDAK,1.470638535,103.7542874,PPD JOHOR BAHRU,['RENDAH'],could not convert string to float: 'JLN. ABD. RAHMAN ANDAK'
JBB2047,SEKOLAH KEBANGSAAN PALOH (2),JKR1787,SK  PALOH 2,2.194484,103.191026,PPD KLUANG,['RENDAH'],could not convert string to float: 'SK  PALOH 2'
JBB2050,SEKOLAH KEBANGSAAN TUNKU MAHMOOD 2,JKR 906, JALAN SEKOLAH,2.028897639,103.3121789,PPD KLUANG,['RENDAH'],could not convert string to float: 'JALAN SEKOLAH'
JBB2052,SEKOLAH KEBANGSAAN BATU 3,KM.5, JLN MERSING,2.052775601,103.345685,PPD KLUANG,['RENDAH'],could not convert string to float: 'JLN MERSING'
JBB4014,SEKOLAH KEBANGSAAN SRI MERSING,JALAN MAHKOTA, MERSING KECIL,2.419711,103.844353,PPD MERSING,['RENDAH'],could not convert string to float: 'MERSING KECIL'
JBB5030,SEKOLAH KEBANGSAAN ISMAIL SATU,JKR 1009, JLN TUNKU BENDAHARA,2.038904,102.5769,PPD MUAR,['RENDAH'],could not convert string to float: 'JLN TUNKU BENDAHARA'
JBB5035,SEKOLAH KEBANGSAAN CONVENT,100, JLN DAUD,2.040812,102.573,PPD MUAR,['RENDAH'],could not convert string to float: 'JLN DAUD'
JBB5036,SEKOLAH KEBANGSAAN SRI JAMIL,KM 17, PARIT JAMIL,1.945737,102.6559,PPD MUAR,['RENDAH'],could not convert string to float: 'PARIT JAMIL'
JBB7046,SEKOLAH KEBANGSAAN SRI LABIS,JKR 1421, JALAN MUAR,2.381823399,103.0174363,PPD SEGAMAT,['RENDAH'],could not convert string to float: 'JALAN MUAR'
JBC0001,SEKOLAH JENIS KEBANGSAAN (CINA) AI CHUN 1,NO.1, JALAN MOHD KHALID,1.850407,102.930262,PPD BATU PAHAT,['RENDAH'],could not convert string to float: 'JALAN MOHD KHALID'
JBC0003,SEKOLAH JENIS KEBANGSAAN (CINA) BULOH,NO. 38, PARIT BULOH, TONGKANG PECHAH,1.890919,102.987681,"['PPD BATU PAHAT', 'RENDAH']",could not convert string to float: 'TONGKANG PECHAH'
JBC0004,SEKOLAH JENIS KEBANGSAAN (CINA) CHENG SIU 1,463, JALAN TANJUNG LABUH,1.834004,102.949323,PPD BATU PAHAT,['RENDAH'],could not convert string to float: 'JALAN TANJUNG LABUH'
JBC0005,SEKOLAH JENIS KEBANGSAAN (CINA) CHENG SIU 2,NO. 463, JALAN TANJONG LABOH,1.833915,102.949432,PPD BATU PAHAT,['RENDAH'],could not convert string to float: 'JALAN TANJONG LABOH'
JBC0008,SEKOLAH JENIS KEBANGSAAN (CINA) CHONG HWA SEGENTING,SEGENTING, MINYAK BEKU,1.788377,102.89295,PPD BATU PAHAT,['RENDAH'],could not convert string to float: 'MINYAK BEKU'
JBC0011,SEKOLAH JENIS KEBANGSAAN (CINA) CHONG HWA PT KADIR,PT.KADIR,SENGGARANG,1.772464,103.106661,PPD BATU PAHAT,['RENDAH'],could not convert string to float: 'SENGGARANG'
JBC0014,SEKOLAH JENIS KEBANGSAAN (CINA) CHONG HWA KANGKAR SENANGGAR,KANGKAR SENANGAR, PARIT SULONG,2.027098,102.881972,PPD BATU PAHAT,['RENDAH'],could not convert string to float: 'PARIT SULONG'
JBC0016,SEKOLAH JENIS KEBANGSAAN (CINA) HUA MIN,1,JALAN ROTAN AKAR, TAMAN SRI JAYA,1.872863,102.94807,"['PPD BATU PAHAT', 'RENDAH']",could not convert string to float: 'TAMAN SRI JAYA'
JBC0018,SEKOLAH JENIS KEBANGSAAN (CINA) HWA NAN,LOT 2018, GM 535, JALAN PARIT IMAM,1.873045,102.977501,"['PPD BATU PAHAT', 'RENDAH']",could not convert string to float: 'JALAN PARIT IMAM'
JBC0020,SEKOLAH JENIS KEBANGSAAN (CINA) KANGKAR BAHRU,JALAN PALOH, KANGKAR BAHRU, YONG PENG,2.06052,103.126967,"['PPD BATU PAHAT', 'RENDAH']",could not convert string to float: 'YONG PENG'
JBC0022,SEKOLAH JENIS KEBANGSAAN (CINA) LI CHUN,2, KG PT KASSIM LAUT,MK 6,1.913671,102.913279,"['PPD BATU PAHAT', 'RENDAH']",could not convert string to float: 'MK 6'
JBC0025,SEKOLAH JENIS KEBANGSAAN (CINA) PANCHOR,BT 6, JLN KLUANG,1.867359,103.002221,PPD BATU PAHAT,['RENDAH'],could not convert string to float: 'JLN KLUANG'
JBC0028,SEKOLAH JENIS KEBANGSAAN (CINA) SIN HWA,TAMAN MAJU, BUKIT PASIR,1.870378,102.94386,PPD BATU PAHAT,['RENDAH'],could not convert string to float: 'BUKIT PASIR'
JBC0029,SEKOLAH JENIS KEBANGSAAN (CINA) SIN HWA,PARIT SANGIT, SEMERAH,1.869038,102.803264,PPD BATU PAHAT,['RENDAH'],could not convert string to float: 'SEMERAH'
JBC0035,SEKOLAH JENIS KEBANGSAAN (CINA) YONG PENG 1,JKR 1081, JALAN SEKOLAH CINA,2.013966,103.061413,PPD BATU PAHAT,['RENDAH'],could not convert string to float: 'JALAN SEKOLAH CINA'
JBC1007,SEKOLAH JENIS KEBANGSAAN (CINA) FOON YEW 5,JLN. MUTIARA EMAS 4/19, TMN.MOUNT AUSTIN,1.556437,103.779297,PPD PASIR GUDANG,['RENDAH'],could not convert string to float: 'TMN.MOUNT AUSTIN'
JBC1023,SEKOLAH JENIS KEBANGSAAN (CINA) PU SZE,BATU 10, SKUDAI,1.536035092,103.6620998,PPD JOHOR BAHRU,['RENDAH'],could not convert string to float: 'SKUDAI'
JBC1031,SEKOLAH JENIS KEBANGSAAN (CINA) CHEE TONG,JALAN KEMPAS,TAMAN KOTA PUTRI,1.48991,103.850052,PPD PASIR GUDANG,['RENDAH'],could not convert string to float: 'TAMAN KOTA PUTRI'
JBC1033,SEKOLAH JENIS KEBANGSAAN (CINA) PANDAN,JALAN SENDUDUK 1, KAMPUNG BARU PANDAN,1.527471177,103.7687391,PPD PASIR GUDANG,['RENDAH'],could not convert string to float: 'KAMPUNG BARU PANDAN'
JBC1036,SEKOLAH JENIS KEBANGSAAN (CINA) KEMPAS BARU,JLN. BANJARAN 4,KG. KEMPAS BARU,TAMPOI,1.533182245,103.7089956,"['PPD JOHOR BAHRU', 'RENDAH']",could not convert string to float: 'TAMPOI'
JBC1037,SEKOLAH JENIS KEBANGSAAN (CINA) KUO KUANG 2,JLN PERSISIRAN SUTERA UTAMA, TAMAN SUTERA UTAMA,1.503650768,103.671847,PPD JOHOR BAHRU,['RENDAH'],could not convert string to float: 'TAMAN SUTERA UTAMA'
JBC1039,SEKOLAH JENIS KEBANGSAAN (CINA) JOHOR JAYA,JALAN ROSMERAH 5/1, TAMAN JOHOR JAYA,1.532077,103.801819,PPD PASIR GUDANG,['RENDAH'],could not convert string to float: 'TAMAN JOHOR JAYA'
JBC1041,SEKOLAH JENIS KEBANGSAAN (CINA) WOON HWA,BANDAR BARU KANGKAR PULAI, KANGKAR PULAI,1.559667,103.582871,PPD KULAI,['RENDAH'],could not convert string to float: 'KANGKAR PULAI'
JBC1042,SEKOLAH JENIS KEBANGSAAN (CINA) THORBURN,TAMAN MUTIARA RINI, JALAN BAKTI,1.526188866,103.6279278,PPD JOHOR BAHRU,['RENDAH'],could not convert string to float: 'JALAN BAKTI'
JBC1044,SEKOLAH JENIS KEBANGSAAN (CINA) PAI TZE,11, JALAN LAMAN SETIA UTAMA, TAMAN LAMAN SETIA,1.494593368,103.5927996,"['PPD JOHOR BAHRU', 'RENDAH']",could not convert string to float: 'TAMAN LAMAN SETIA'
JBC1045,SEKOLAH JENIS KEBANGSAAN (CINA) MING CHIH,NO.5,JALAN HIJAUAN 2,HORIZON HILLS,1.458918,103.64465,"['PPD JOHOR BAHRU', 'RENDAH']",could not convert string to float: 'HORIZON HILLS'
JBC1046,SEKOLAH JENIS KEBANGSAAN (CINA) CHING YEH,BT22, ULU CHOH,1.526968,103.544764,PPD KULAI,['RENDAH'],could not convert string to float: 'ULU CHOH'
JBC1048,SEKOLAH JENIS KEBANGSAAN (CINA) PEI HWA 2,PTD 194798 (PLOT48) KAMPUNG PLENTONG BARU, MUKIM PLENTONG,1.5099272,103.8056494,PPD PASIR GUDANG,['RENDAH'],could not convert string to float: 'MUKIM PLENTONG'
JBC2003,SEKOLAH JENIS KEBANGSAAN (CINA) CHIAN BEE,JALAN BANDAR, CHAMEK,2.141315,103.239107,PPD KLUANG,['RENDAH'],could not convert string to float: 'CHAMEK'
JBC2004,SEKOLAH JENIS KEBANGSAAN (CINA) CHIAU MIN,BATU 1 1/2, JALAN BATU PAHAT,2.016014973,103.2954097,PPD KLUANG,['RENDAH'],could not convert string to float: 'JALAN BATU PAHAT'
JBC2008,SEKOLAH JENIS KEBANGSAAN (CINA) CHONG HWA I,82, JALAN LAMBAK,2.026713008,103.3189005,PPD KLUANG,['RENDAH'],could not convert string to float: 'JALAN LAMBAK'
JBC2009,SEKOLAH JENIS KEBANGSAAN (CINA) CHONG HWA 2,90, JALAN LAMBAK,2.026064319,103.3192384,PPD KLUANG,['RENDAH'],could not convert string to float: 'JALAN LAMBAK'
JBC2011,SEKOLAH JENIS KEBANGSAAN (CINA) KG. GAJAH,BT. 8, JALAN MERSING,2.105322,103.394967,PPD KLUANG,['RENDAH'],could not convert string to float: 'JALAN MERSING'
JBC2012,SEKOLAH JENIS KEBANGSAAN (CINA) KAHANG,KAHANG BATU 22, JALAN MERSING,2.214475,103.541619,PPD KLUANG,['RENDAH'],could not convert string to float: 'JALAN MERSING'
JBC2016,SEKOLAH JENIS KEBANGSAAN (CINA) LIT TERK,JALAN SEKOLAH, KAMPUNG BARU NIYOR,2.095381,103.279503,PPD KLUANG,['RENDAH'],could not convert string to float: 'KAMPUNG BARU NIYOR'
JBC2024,SEKOLAH JENIS KEBANGSAAN (CINA) SOUTH MALAYA,P.S. 107, LADANG NANAS,1.829807,103.268986,PPD KLUANG,['RENDAH'],could not convert string to float: 'LADANG NANAS'
JBC2029,SEKOLAH JENIS KEBANGSAAN (CINA) YU MING,LADANG KALI MALAYA, PALOH,2.179675471,103.1824511,PPD KLUANG,['RENDAH'],could not convert string to float: 'PALOH'
JBC2030,SEKOLAH JENIS KEBANGSAAN (CINA) SRI LALANG,BATU 5, SRI LALANG,1.98986869,103.2531542,PPD KLUANG,['RENDAH'],could not convert string to float: 'SRI LALANG'
JBC3006,SEKOLAH JENIS KEBANGSAAN (CINA) MAWAI,PTD 36210, JALAN MUTIARA UTAMA, TAMAN DAIMAN JAYA,1.713888,103.896336,"['PPD KOTA TINGGI', 'RENDAH']",could not convert string to float: 'TAMAN DAIMAN JAYA'
JBC3007,SEKOLAH JENIS KEBANGSAAN (CINA) NEW KOTA,JALAN TAIB, KOTA KECIL,1.742718,103.904601,PPD KOTA TINGGI,['RENDAH'],could not convert string to float: 'KOTA KECIL'
JBC3018,SEKOLAH JENIS KEBANGSAAN (CINA) YU HWA,JLN SS 7/5, TMN SRI SAUJANA,1.663048,103.856478,PPD KOTA TINGGI,['RENDAH'],could not convert string to float: 'TMN SRI SAUJANA'
JBC4002,SEKOLAH JENIS KEBANGSAAN (CINA) KG HUBONG,JALAN MAHSURI, KG.HUBONG,2.622016529,103.6479968,PPD MERSING,['RENDAH'],could not convert string to float: 'KG.HUBONG'
JBC4004,SEKOLAH JENIS KEBANGSAAN (CINA) PAI CHEE,52, JALAN ISMAIL,2.429019,103.843645,PPD MERSING,['RENDAH'],could not convert string to float: 'JALAN ISMAIL'
JBC5002,SEKOLAH JENIS KEBANGSAAN (CINA) AIK MING,BT 4, JLN BKT PASIR,2.086305,102.5896,PPD MUAR,['RENDAH'],could not convert string to float: 'JLN BKT PASIR'
JBC5007,SEKOLAH JENIS KEBANGSAAN (CINA) CHI SIN,BT 3.5, JALAN TEMENGGUNG AHMAD,2.003492,102.6054,PPD MUAR,['RENDAH'],could not convert string to float: 'JALAN TEMENGGUNG AHMAD'
JBC5012,SEKOLAH JENIS KEBANGSAAN (CINA) CHUNG HWA 1 A,181, JALAN SAYANG,2.045533,102.5686,PPD MUAR,['RENDAH'],could not convert string to float: 'JALAN SAYANG'
JBC5013,SEKOLAH JENIS KEBANGSAAN (CINA) CHUNG HWA 1 B,181, JLN SAYANG,2.045003,102.5697,PPD MUAR,['RENDAH'],could not convert string to float: 'JLN SAYANG'
JBC5014,SEKOLAH JENIS KEBANGSAAN (CINA) CHUNG HWA 2A,NO 10, JLN BAKRI,2.049263,102.5712,PPD MUAR,['RENDAH'],could not convert string to float: 'JLN BAKRI'
JBC5015,SEKOLAH JENIS KEBANGSAAN (CINA) CHUNG HWA 2B,10, JLN BAKRI,2.049824,102.5708,PPD MUAR,['RENDAH'],could not convert string to float: 'JLN BAKRI'
JBC5016,SEKOLAH JENIS KEBANGSAAN (CINA) CHUNG HWA KETIGA,NO 23, JLN ABDUL RAHMAN,2.032661,102.5666,PPD MUAR,['RENDAH'],could not convert string to float: 'JLN ABDUL RAHMAN'
JBC5028,SEKOLAH JENIS KEBANGSAAN (CINA) KEPONG,JKR 3026, BKT KEPONG,2.345478,102.8302,PPD MUAR,['RENDAH'],could not convert string to float: 'BKT KEPONG'
JBC5030,SEKOLAH JENIS KEBANGSAAN (CINA) KIM KEE,P.O.BOX.101, LDG CRAIGIELEA,2.084451,102.6943,PPD MUAR,['RENDAH'],could not convert string to float: 'LDG CRAIGIELEA'
JBC5034,SEKOLAH JENIS KEBANGSAAN (CINA) LENGA,LENGA, MUAR,2.275755,102.8146,PPD MUAR,['RENDAH'],could not convert string to float: 'MUAR'
JBC5036,SEKOLAH JENIS KEBANGSAAN (CINA) PEI CHAI,BT 3 1/2, JLN BAKRI,2.04679,102.6156,PPD MUAR,['RENDAH'],could not convert string to float: 'JLN BAKRI'
JBC5039,SEKOLAH JENIS KEBANGSAAN (CINA) PEI YANG,BT 1 1/2, JLN BAKRI,2.047094,102.5838,PPD MUAR,['RENDAH'],could not convert string to float: 'JLN BAKRI'
JBC5040,SEKOLAH JENIS KEBANGSAAN (CINA) PENGKALAN BUKIT,JLN PERSIARAN, TAMAN PAGOH JAYA,2.13559,102.713,PPD MUAR,['RENDAH'],could not convert string to float: 'TAMAN PAGOH JAYA'
JBC5044,SEKOLAH JENIS KEBANGSAAN (CINA) SAN CHAI,PARIT UNAS, JLN ABDUL RAHMAN,1.987917,102.6049,PPD MUAR,['RENDAH'],could not convert string to float: 'JLN ABDUL RAHMAN'
JBC5050,SEKOLAH JENIS KEBANGSAAN (CINA) WEE SIN,KM 7, TANJONG SELABU,2.137079,102.5977,PPD MUAR,['RENDAH'],could not convert string to float: 'TANJONG SELABU'
JBC5052,SEKOLAH JENIS KEBANGSAAN (CINA) YOK ENG,PARIT KEROMA, JLN DATO HJ KOSAI,2.033872,102.6058,PPD MUAR,['RENDAH'],could not convert string to float: 'JLN DATO HJ KOSAI'
JBC5053,SEKOLAH JENIS KEBANGSAAN (CINA) YU ENG,JLN BKT BATU, JERAM,2.063352,102.6273,PPD MUAR,['RENDAH'],could not convert string to float: 'JERAM'
JBC5054,SEKOLAH JENIS KEBANGSAAN (CINA) YU JERN,JALAN JORAK, BUKIT PASIR,2.10021,102.6372,PPD MUAR,['RENDAH'],could not convert string to float: 'BUKIT PASIR'
JBC6003,SEKOLAH JENIS KEBANGSAAN (CINA) CHI CHIH,76, AYER BALOI,1.58910163,103.334988,PPD PONTIAN,['RENDAH'],could not convert string to float: 'AYER BALOI'
JBC6017,SEKOLAH JENIS KEBANGSAAN (CINA) PEI CHIAO,101 PERMAS, KUKUP,1.333023436,103.4555483,PPD PONTIAN,['RENDAH'],could not convert string to float: 'KUKUP'
JBC6022,SEKOLAH JENIS KEBANGSAAN (CINA) TAH TONG,JALAN ALSAGOFF,  PONTIAN BESAR,1.506192625,103.3807468,PPD PONTIAN,['RENDAH'],could not convert string to float: 'PONTIAN BESAR'
JBC7005,SEKOLAH JENIS KEBANGSAAN (CINA) CENTRAL SITE,LADANG GOMALI, BATU ANAM,2.611033333,102.6688333,PPD SEGAMAT,['RENDAH'],could not convert string to float: 'BATU ANAM'
JBC7015,SEKOLAH JENIS KEBANGSAAN (CINA) SEG HWA,1-3, JALAN MENTOL,2.508804113,102.8167856,PPD SEGAMAT,['RENDAH'],could not convert string to float: 'JALAN MENTOL'
JBC7016,SEKOLAH JENIS KEBANGSAAN (CINA) BUKIT SIPUT,JALAN ABDUL HAMID, BUKIT SIPUT,2.485142695,102.8461772,PPD SEGAMAT,['RENDAH'],could not convert string to float: 'BUKIT SIPUT'
JBC7017,SEKOLAH JENIS KEBANGSAAN (CINA) KAMPUNG TENGAH,JALAN TAN AK, KAMPUNG TENGAH,2.532510656,102.8259909,PPD SEGAMAT,['RENDAH'],could not convert string to float: 'KAMPUNG TENGAH'
JBC7019,SEKOLAH JENIS KEBANGSAAN (CINA) TAMBANG,TAMBANG BATU 7, BATU ANAM ,2.636216667,102.7439667,PPD SEGAMAT,['RENDAH'],could not convert string to float: 'BATU ANAM'
JBC8010,SEKOLAH JENIS KEBANGSAAN (CINA) KULAI 2,JALAN PERSIARAN 6, BDR INDAHPURA,1.619233,103.614599,PPD KULAI,['RENDAH'],could not convert string to float: 'BDR INDAHPURA'
JBC8012,SEKOLAH JENIS KEBANGSAAN (CINA) SALENG,JALAN SALENG 4, KAMPUNG BARU SALENG,1.62911,103.635665,PPD KULAI,['RENDAH'],could not convert string to float: 'KAMPUNG BARU SALENG'
JBC8015,SEKOLAH JENIS KEBANGSAAN (CINA) KULAI BESAR,JLN SAGA, TMN KOTA KULAI,1.66687,103.580547,PPD KULAI,['RENDAH'],could not convert string to float: 'TMN KOTA KULAI'
JBC9007,SEKOLAH JENIS KEBANGSAAN (CINA) CHUNG HWA,SEROM 3 ,  JLN PANGGONG,2.162022,102.585727,PPD TANGKAK,['RENDAH'],could not convert string to float: 'JLN PANGGONG'
JBC9011,SEKOLAH JENIS KEBANGSAAN (CINA) KOK BENG,BT.19, SENGKANG BUKIT GAMBIR,2.261973514,102.6819456,PPD TANGKAK,['RENDAH'],could not convert string to float: 'SENGKANG BUKIT GAMBIR'
JBC9015,SEKOLAH JENIS KEBANGSAAN (CINA) PEI HWA,JALAN SEROM , SUNGAI MATI,2.146717,102.564338,PPD TANGKAK,['RENDAH'],could not convert string to float: 'SUNGAI MATI'
JBC9016,SEKOLAH JENIS KEBANGSAAN (CINA) PUI NAN,BT 2, PARIT BUNGA,2.077846,102.55118,PPD TANGKAK,['RENDAH'],could not convert string to float: 'PARIT BUNGA'
JBC9017,SEKOLAH JENIS KEBANGSAAN (CINA) SAN YU,TL. 208, SIMPANG LIMA,2.19461,102.630796,PPD TANGKAK,['RENDAH'],could not convert string to float: 'SIMPANG LIMA'
JBD0050,SEKOLAH JENIS KEBANGSAAN (TAMIL) SRI GADING,KB:510, LADANG SRI GADING,1.838425,103.017174,PPD BATU PAHAT,['RENDAH'],could not convert string to float: 'LADANG SRI GADING'
JBD0058,SEKOLAH JENIS KEBANGSAAN (TAMIL) LADANG YONG PENG,JALAN MELATI 2, TAMAN MELATI,2.011158,103.062303,PPD BATU PAHAT,['RENDAH'],could not convert string to float: 'TAMAN MELATI'
JBD1004,SEKOLAH JENIS KEBANGSAAN (TAMIL) LADANG TEBRAU,PTD 171190, Taman Dato' Onn,1.550234,103.74139,PPD PASIR GUDANG,['RENDAH'],"could not convert string to float: ""Taman Dato' Onn"""
JBD1005,SEKOLAH JENIS KEBANGSAAN (TAMIL) LADANG MOUNT AUSTIN,JALAN HARMONIUM, TAMAN DESA TEBRAU,1.567426878,103.7930721,PPD PASIR GUDANG,['RENDAH'],could not convert string to float: 'TAMAN DESA TEBRAU'
JBD1006,SEKOLAH JENIS KEBANGSAAN (TAMIL) PERMAS JAYA,JLN. PERMAS 3, BANDAR BARU PERMAS JAYA,1.510432,103.827477,PPD PASIR GUDANG,['RENDAH'],could not convert string to float: 'BANDAR BARU PERMAS JAYA'
JBD1009,SEKOLAH JENIS KEBANGSAAN (TAMIL) PASIR GUDANG,JALAN CEMPEDAK 1, TMN. KOTA MASAI,1.486367134,103.9175642,PPD PASIR GUDANG,['RENDAH'],could not convert string to float: 'TMN. KOTA MASAI'
JBD1022,SEKOLAH JENIS KEBANGSAAN (TAMIL) LADANG RINI,JLN JASA 51, TMN MUTIARA  RINI,1.522870137,103.649472,PPD JOHOR BAHRU,['RENDAH'],could not convert string to float: 'TMN MUTIARA  RINI'
JBD1026,SEKOLAH JENIS KEBANGSAAN (TAMIL) TAMAN TUN AMINAH,JALAN PERKASA 1, TAMAN TUN AMINAH,1.508889994,103.6482221,PPD JOHOR BAHRU,['RENDAH'],could not convert string to float: 'TAMAN TUN AMINAH'
JBD1027,SEKOLAH JENIS KEBANGSAAN (TAMIL) KANGKAR PULAI,BATU 19, JALAN PONTIAN,1.561802,103.582124,PPD KULAI,['RENDAH'],could not convert string to float: 'JALAN PONTIAN'
JBD1028,SEKOLAH JENIS KEBANGSAAN (TAMIL) LADANG BUKIT SERAMPANG,JALAN INDAH 10/3, TAMAN BUKIT INDAH,1.4804884,103.649869,PPD JOHOR BAHRU,['RENDAH'],could not convert string to float: 'TAMAN BUKIT INDAH'
JBD2042,SEKOLAH JENIS KEBANGSAAN (TAMIL) LADANG LAMBAK,LADANG LAMBAK, BT. 4 1/2, JLN. MENGKIBOL,1.966733,103.325519,"['PPD KLUANG', 'RENDAH']",could not convert string to float: 'JLN. MENGKIBOL'
JBD2046,SEKOLAH JENIS KEBANGSAAN (TAMIL) LADANG PAMOL,LADANG PAMOL, KLUANG,2.11176,103.39052,PPD KLUANG,['RENDAH'],could not convert string to float: 'KLUANG'
JBD3015,SEKOLAH JENIS KEBANGSAAN (TAMIL) JALAN TAJUL,S.J.K(T) JALAN TAJUL, KOTA TINGGI,1.721452,103.896565,PPD KOTA TINGGI,['RENDAH'],could not convert string to float: 'KOTA TINGGI'
JBD3016,SEKOLAH JENIS KEBANGSAAN (TAMIL) LADANG PASAK,K.B. 507, LADANG PASAK,1.711663,103.943988,PPD KOTA TINGGI,['RENDAH'],could not convert string to float: 'LADANG PASAK'
JBD3018,SEKOLAH JENIS KEBANGSAAN (TAMIL) LDG. NAM HENG,P.O. BOX 502, LADANG NAM HENG,1.629855,103.901623,PPD KOTA TINGGI,['RENDAH'],could not convert string to float: 'LADANG NAM HENG'
JBD3019,SEKOLAH JENIS KEBANGSAAN (TAMIL) LDG TELUK SENGAT,LADANG TELOK SENGAT, P.S. 513,1.564372,104.030364,PPD KOTA TINGGI,['RENDAH'],could not convert string to float: 'P.S. 513'
JBD5087,SEKOLAH JENIS KEBANGSAAN (TAMIL) LADANG BAN HENG,JKR 1257, BATU 24, LDG BAN HENG,2.219803,102.8189,"['PPD MUAR', 'RENDAH']",could not convert string to float: 'LDG BAN HENG'
JBD5088,SEKOLAH JENIS KEBANGSAAN (TAMIL) LADANG TEMIANG RENCHONG,NO. 1726, JALAN ABADI, BUKIT PASIR,2.149894,102.7909,"['PPD MUAR', 'RENDAH']",could not convert string to float: 'BUKIT PASIR'
JBD7070,SEKOLAH JENIS KEBANGSAAN (TAMIL) BATU ANAM,JALAN GEMAS, BATU ANAM,2.582256271,102.7034944,PPD SEGAMAT,['RENDAH'],could not convert string to float: 'BATU ANAM'
JBD8004,SEKOLAH JENIS KEBANGSAAN (TAMIL) LADANG KULAI BESAR,ZON 35, PERSIARAN INDAHPURA 6,1.643936335,103.5953021,PPD KULAI,['RENDAH'],could not convert string to float: 'PERSIARAN INDAHPURA 6'
JBD8005,SEKOLAH JENIS KEBANGSAAN (TAMIL) LADANG KELAN,JKR 149,LADANG KELAN,1.682057,103.627292,PPD KULAI,['RENDAH'],could not convert string to float: 'LADANG KELAN'
JBD8007,SEKOLAH JENIS KEBANGSAAN (TAMIL) LADANG SEDENAK,JKR 151, LADANG SEDENAK,1.713064734,103.5273993,PPD KULAI,['RENDAH'],could not convert string to float: 'LADANG SEDENAK'
JBD9002,SEKOLAH JENIS KEBANGSAAN (TAMIL) LADANG BEKOH,LDG BEKOH, PETI SURAT 7,2.35273,102.53577,PPD TANGKAK,['RENDAH'],could not convert string to float: 'PETI SURAT 7'
JBD9003,SEKOLAH JENIS KEBANGSAAN (TAMIL) LADANG NORDANAL,KAMPUNG HUJUNG TAMBAK, GRISEK,2.1995,102.744104,PPD TANGKAK,['RENDAH'],could not convert string to float: 'GRISEK'
JBD9007,SEKOLAH JENIS KEBANGSAAN (TAMIL) LADANG TANGKAH,PETI SURAT 503, LADANG TANGKAH,2.34036,102.644105,PPD TANGKAK,['RENDAH'],could not convert string to float: 'LADANG TANGKAH'
JCT0001,SEKOLAH RENDAH AGAMA BERSEPADU BATU PAHAT,JALAN KELABU ASAP, TAMAN BUKIT PASIR,1.862872,102.94302,PPD BATU PAHAT,['RENDAH'],could not convert string to float: 'TAMAN BUKIT PASIR'
JCT1001,SEKOLAH RENDAH AGAMA BERSEPADU JOHOR BAHRU,JALAN KERAMBIT, TAMAN SRI TEBRAU,1.488850023,103.7713999,PPD JOHOR BAHRU,['RENDAH'],could not convert string to float: 'TAMAN SRI TEBRAU'
JCT2001,SEKOLAH RENDAH AGAMA BERSEPADU KLUANG,JALAN INTAN 4, TAMAN INTAN,2.013023477,103.3044487,PPD KLUANG,['RENDAH'],could not convert string to float: 'TAMAN INTAN'
JCT3001,SEKOLAH RENDAH AGAMA BERSEPADU KOTA TINGGI,LORONG TAIB 3, KOTA KECIL,1.743406,103.906592,PPD KOTA TINGGI,['RENDAH'],could not convert string to float: 'KOTA KECIL'
JCT4001,SEKOLAH RENDAH AGAMA BERSEPADU MERSING,KM 2, JALAN ENDAU, KAMPUNG SRI LALANG,2.44934,103.83073,"['PPD MERSING', 'RENDAH']",could not convert string to float: 'KAMPUNG SRI LALANG'
JCT5001,SEKOLAH RENDAH AGAMA BERSEPADU MUAR,JALAN INDAH 11, TAMAN PERTAMA INDAH, SUNGAI ABONG,2.058209,102.5959,"['PPD MUAR', 'RENDAH']",could not convert string to float: 'SUNGAI ABONG'
JCT6001,SEKOLAH RENDAH AGAMA BERSEPADU PONTIAN,JALAN KAMPUNG LAMA, BENUT,1.652371074,103.2559437,PPD PONTIAN,['RENDAH'],could not convert string to float: 'BENUT'
JCT7001,SEKOLAH RENDAH AGAMA BERSEPADU SEGAMAT,JALAN EMAS 8, TAMAN BUKIT BARU, BUKIT SIPUT,2.48269078,102.8507584,"['PPD SEGAMAT', 'RENDAH']",could not convert string to float: 'BUKIT SIPUT'
JEA0011,SEKOLAH MENENGAH KEBANGSAAN TUN AMINAH,KM 8, JALAN KLUANG-BATU PAHAT,1.868736,102.979883,PPD BATU PAHAT,['MENENGAH'],could not convert string to float: 'JALAN KLUANG-BATU PAHAT'
JEA0013,SEKOLAH MENENGAH KEBANGSAAN SENGGARANG,JALAN PARIT JABAR, SENGGARANG,1.769827,102.969085,PPD BATU PAHAT,['MENENGAH'],could not convert string to float: 'SENGGARANG'
JEA0014,SEKOLAH MENENGAH KEBANGSAAN SERI MEDAN,JLN. PARIT HJ. ARIFF, SERI MEDAN,1.9888087,102.960949,PPD BATU PAHAT,['MENENGAH'],could not convert string to float: 'SERI MEDAN'
JEA0023,SEKOLAH MENENGAH KEBANGSAAN BANANG JAYA,KM 8, JALAN TANJUNG LABOH,1.797373,102.962449,PPD BATU PAHAT,['MENENGAH'],could not convert string to float: 'JALAN TANJUNG LABOH'
JEA0024,SEKOLAH MENENGAH SAINS BATU PAHAT,KM. 8, JALAN TANJUNG LABOH ,1.79989,102.960147,PPD BATU PAHAT,['MENENGAH'],could not convert string to float: 'JALAN TANJUNG LABOH'
JEA0025,SEKOLAH MENENGAH KEBANGSAAN SURIA PERDANA,PARIT SEMARANG, PARIT RAJA,1.88289,103.151334,PPD BATU PAHAT,['MENENGAH'],could not convert string to float: 'PARIT RAJA'
JEA1002,SEKOLAH MENENGAH KEBANGSAAN TASEK UTARA,SUSUR 7, JALAN TUN ABD RAZAK,1.494413721,103.7291846,PPD JOHOR BAHRU,['MENENGAH'],could not convert string to float: 'JALAN TUN ABD RAZAK'
JEA1004,SEKOLAH MENENGAH KEBANGSAAN SRI TEBRAU,JALAN RENTAKA, TAMAN SRI TEBRAU,1.485913994,103.7747929,PPD JOHOR BAHRU,['MENENGAH'],could not convert string to float: 'TAMAN SRI TEBRAU'
JEA1005,SEKOLAH MENENGAH KEBANGSAAN SRI RAHMAT,JKR 4868, JLN SKUDAI,1.507302676,103.6939135,PPD JOHOR BAHRU,['MENENGAH'],could not convert string to float: 'JLN SKUDAI'
JEA1044,SEKOLAH MENENGAH KEBANGSAAN TAMAN PELANGI,JALAN UNGU,TAMAN PELANGI,1.475733047,103.7739882,PPD JOHOR BAHRU,['MENENGAH'],could not convert string to float: 'TAMAN PELANGI'
JEA1045,SEKOLAH MENENGAH KEBANGSAAN TAMAN JOHOR JAYA (1),JALAN BAKAWALI 75, TAMAN JOHOR JAYA,1.537241652,103.7959957,PPD PASIR GUDANG,['MENENGAH'],could not convert string to float: 'TAMAN JOHOR JAYA'
JEA1046,SEKOLAH MENENGAH KEBANGSAAN TAMAN TUN AMINAH,JALAN BENTARA 21, TAMAN UNGKU TUN AMINAH,1.512879733,103.6583233,PPD JOHOR BAHRU,['MENENGAH'],could not convert string to float: 'TAMAN UNGKU TUN AMINAH'
JEA1047,SEKOLAH MENENGAH KEBANGSAAN PASIR GUDANG 2,JLN. MAWAR PUTIH, TAMAN MAWAR,1.470579545,103.8953796,PPD PASIR GUDANG,['MENENGAH'],could not convert string to float: 'TAMAN MAWAR'
JEA1048,SEKOLAH MENENGAH KEBANGSAAN BANDAR BARU UDA,JALAN PADI RIA 1, BANDAR BARU UDA,1.4976849,103.7193865,PPD JOHOR BAHRU,['MENENGAH'],could not convert string to float: 'BANDAR BARU UDA'
JEA1049,SEKOLAH MENENGAH KEBANGSAAN TAMAN UNIVERSITI,JALAN PENDIDIKAN, TAMAN UNIVERSITI,1.5278,103.6159,PPD JOHOR BAHRU,['MENENGAH'],could not convert string to float: 'TAMAN UNIVERSITI'
JEA1051,SEKOLAH MENENGAH KEBANGSAAN TAMAN JOHOR JAYA 2,JALAN TERATAI 32, TAMAN JOHOR JAYA,1.539960431,103.8127273,PPD PASIR GUDANG,['MENENGAH'],could not convert string to float: 'TAMAN JOHOR JAYA'
JEA1052,SEKOLAH MENENGAH KEBANGSAAN PERMAS JAYA,JLN PERMAS 3/10, BANDAR BARU PERMAS JAYA,1.510273533,103.8229465,PPD PASIR GUDANG,['MENENGAH'],could not convert string to float: 'BANDAR BARU PERMAS JAYA'
JEA1053,SEKOLAH MENENGAH KEBANGSAAN TAMAN DAYA,JLN. RUMBIA 39, TMN. DAYA,1.552851795,103.7533754,PPD PASIR GUDANG,['MENENGAH'],could not convert string to float: 'TMN. DAYA'
JEA1057,SEKOLAH MENENGAH KEBANGSAAN TAMAN DESA JAYA,JALAN DANAU 40, TAMAN DESA JAYA,1.552562,103.811119,PPD PASIR GUDANG,['MENENGAH'],could not convert string to float: 'TAMAN DESA JAYA'
JEA1058,SEKOLAH MENENGAH KEBANGSAAN DATO' USMAN AWANG,JALAN LAYANG, TAMAN PERLING,1.476383,103.670214,PPD JOHOR BAHRU,['MENENGAH'],could not convert string to float: 'TAMAN PERLING'
JEA1060,SEKOLAH MENENGAH KEBANGSAAN SERI KOTA PUTERI,JALAN BAYAN 45, TAMAN MEGAH RIA,1.497993249,103.8586038,PPD PASIR GUDANG,['MENENGAH'],could not convert string to float: 'TAMAN MEGAH RIA'
JEA1061,SEKOLAH MENENGAH KEBANGSAAN TAMAN UNIVERSITI 2,JALAN KEBANGSAAN 25, TAMAN UNIVERSITI,1.533758713,103.6319223,PPD JOHOR BAHRU,['MENENGAH'],could not convert string to float: 'TAMAN UNIVERSITI'
JEA1062,SEKOLAH MENENGAH KEBANGSAAN TAMAN SELESA JAYA,JALAN SILAT LINCAH, BANDAR SELESA JAYA,1.489005,103.635287,PPD JOHOR BAHRU,['MENENGAH'],could not convert string to float: 'BANDAR SELESA JAYA'
JEA1063,SEKOLAH MENENGAH KEBANGSAAN BANDAR SERI ALAM,JALAN TASEK 64, BANDAR SERI ALAM,1.507951546,103.8867241,PPD PASIR GUDANG,['MENENGAH'],could not convert string to float: 'BANDAR SERI ALAM'
JEA1064,SEKOLAH MENENGAH KEBANGSAAN TAMAN RINTING 2,JALAN RINTING , TAMAN RINTING,1.488753496,103.8643062,PPD PASIR GUDANG,['MENENGAH'],could not convert string to float: 'TAMAN RINTING'
JEA1065,SEKOLAH MENENGAH KEBANGSAAN DESA CEMERLANG,NO 1, JLN KENANGA 1, TAMAN DESA CEMERLANG,1.556718117,103.8178182,"['PPD PASIR GUDANG', 'MENENGAH']",could not convert string to float: 'TAMAN DESA CEMERLANG'
JEA1066,SEKOLAH MENENGAH KEBANGSAAN PASIR PUTIH,JALAN SELASIH 4, TAMAN PASIR PUTIH,1.473571903,103.9372569,PPD PASIR GUDANG,['MENENGAH'],could not convert string to float: 'TAMAN PASIR PUTIH'
JEA1067,SEKOLAH MENENGAH KEBANGSAAN TAMAN MOLEK,JALAN MOLEK 1/34, TAMAN MOLEK,1.523672,103.782021,PPD PASIR GUDANG,['MENENGAH'],could not convert string to float: 'TAMAN MOLEK'
JEA1070,SEKOLAH MENENGAH KEBANGSAAN PUTERI WANGSA,JALAN BELADAU/35, TAMAN PUTERI WANGSA,1.59110715,103.8088113,PPD PASIR GUDANG,['MENENGAH'],could not convert string to float: 'TAMAN PUTERI WANGSA'
JEA1071,SEKOLAH MENENGAH KEBANGSAAN SERI KOTA PUTERI 2,JALAN PENAGA, TAMAN KOTA PUTERI,1.494121459,103.8409603,PPD PASIR GUDANG,['MENENGAH'],could not convert string to float: 'TAMAN KOTA PUTERI'
JEA1072,SEKOLAH MENENGAH KEBANGSAAN IMPIAN EMAS,JALAN IMPIAN EMAS 10, TMN IMPIAN EMAS,1.537016427,103.6813822,PPD JOHOR BAHRU,['MENENGAH'],could not convert string to float: 'TMN IMPIAN EMAS'
JEA1073,SEKOLAH MENENGAH KEBANGSAAN TAMAN MEGAH RIA,JALAN JELATANG 15, TAMAN MEGAH RIA,1.488866111,103.8505679,PPD PASIR GUDANG,['MENENGAH'],could not convert string to float: 'TAMAN MEGAH RIA'
JEA1074,SEKOLAH MENENGAH KEBANGSAAN TAMAN DAYA 2,JALAN ENAU 20, TAMAN DAYA,1.565850329,103.7633747,PPD PASIR GUDANG,['MENENGAH'],could not convert string to float: 'TAMAN DAYA'
JEA1075,SEKOLAH MENENGAH KEBANGSAAN PASIR GUDANG 3,JALAN JATI,TAMAN AIR BIRU,1.46343112,103.9143294,PPD PASIR GUDANG,['MENENGAH'],could not convert string to float: 'TAMAN AIR BIRU'
JEA1076,SEKOLAH MENENGAH KEBANGSAAN PERMAS JAYA 2,JLN PERMAS 12, BANDAR BARU PERMAS JAYA,1.494539742,103.8111904,PPD PASIR GUDANG,['MENENGAH'],could not convert string to float: 'BANDAR BARU PERMAS JAYA'
JEA1077,SEKOLAH MENENGAH KEBANGSAAN TAMAN DESA SKUDAI,JALAN SEJAHTERA 16, TAMAN DESA SKUDAI,1.540034,103.635443,PPD JOHOR BAHRU,['MENENGAH'],could not convert string to float: 'TAMAN DESA SKUDAI'
JEA1078,SEKOLAH MENENGAH KEBANGSAAN KOTA MASAI,JLN BACANG UTAMA, TAMAN KOTA MASAI,1.495148396,103.9255276,PPD PASIR GUDANG,['MENENGAH'],could not convert string to float: 'TAMAN KOTA MASAI'
JEA1080,SEKOLAH MENENGAH KEBANGSAAN TAMAN DESA TEBRAU,JALAN HARMONIUM 22, TAMAN DESA TEBRAU,1.560739941,103.7933618,PPD PASIR GUDANG,['MENENGAH'],could not convert string to float: 'TAMAN DESA TEBRAU'
JEA1082,SEKOLAH MENENGAH KEBANGSAAN TUN FATIMAH HASHIM,JALAN NIBONG 48, TAMAN DAYA,1.565469597,103.7543088,PPD PASIR GUDANG,['MENENGAH'],could not convert string to float: 'TAMAN DAYA'
JEA1083,SEKOLAH MENENGAH KEBANGSAAN PERMAS JAYA 3,JLN PERMAS 13  , BANDAR BARU PERMAS JAYA,1.488941187,103.8247168,PPD PASIR GUDANG,['MENENGAH'],could not convert string to float: 'BANDAR BARU PERMAS JAYA'
JEA1084,SEKOLAH MENENGAH KEBANGSAAN TAMAN SELESA JAYA 2,JALAN SILAT HARIMAU 33, BANDAR SELESA JAYA,1.495368,103.633339,PPD JOHOR BAHRU,['MENENGAH'],could not convert string to float: 'BANDAR SELESA JAYA'
JEA1085,SEKOLAH MENENGAH KEBANGSAAN TAMAN MUTIARA RINI 2,OFF JALAN HANG JEBAT, TAMAN MUTIARA RINI,1.521638,103.650408,PPD JOHOR BAHRU,['MENENGAH'],could not convert string to float: 'TAMAN MUTIARA RINI'
JEA1086,SEKOLAH MENENGAH KEBANGSAAN TAMAN NUSAJAYA,JALAN NUSARIA 9, TAMAN NUSANTARA,1.468705298,103.5820225,PPD JOHOR BAHRU,['MENENGAH'],could not convert string to float: 'TAMAN NUSANTARA'
JEA1087,SEKOLAH MENENGAH KEBANGSAAN TAMAN BUKIT INDAH,JALAN INDAH UTAMA, TAMAN BUKIT INDAH,1.48058623,103.6426404,PPD JOHOR BAHRU,['MENENGAH'],could not convert string to float: 'TAMAN BUKIT INDAH'
JEA1089,SEKOLAH MENENGAH KEBANGSAAN TG PUTERI RESORT,JLN KELISA 1, TAMAN TANJUNG PUTERI RESORT,1.458395569,103.9381313,PPD PASIR GUDANG,['MENENGAH'],could not convert string to float: 'TAMAN TANJUNG PUTERI RESORT'
JEA1092,SEKOLAH MENENGAH KEBANGSAAN KOTA MASAI 2,JALAN TEMBIKAI UTAMA, TAMAN KOTA MASAI,1.47972821,103.9571804,PPD PASIR GUDANG,['MENENGAH'],could not convert string to float: 'TAMAN KOTA MASAI'
JEA1093,SEKOLAH MENENGAH KEBANGSAAN TAMAN NUSA DAMAI,JALAN DAMAI UTAMA, TAMAN NUSA DAMAI,1.498674297,103.8996041,PPD PASIR GUDANG,['MENENGAH'],could not convert string to float: 'TAMAN NUSA DAMAI'
JEA1094,SEKOLAH MENENGAH KEBANGSAAN SUNGAI TIRAM,BATU 16, JALAN HJ AHMAD DASUKI, SUNGAI TIRAM,1.590088303,103.8592529,"['PPD PASIR GUDANG', 'MENENGAH']",could not convert string to float: 'SUNGAI TIRAM'
JEA1095,SEKOLAH MENENGAH KEBANGSAAN TAMAN DAMANSARA ALIFF,JLN PERSIARAN ALIFF HARMONI UTAMA, TMN DAMANSARA ALIFF,1.51535991,103.725754,PPD JOHOR BAHRU,['MENENGAH'],could not convert string to float: 'TMN DAMANSARA ALIFF'
JEA1096,SEKOLAH MENENGAH KEBANGSAAN BANDAR UDA UTAMA,JALAN UDA UTAMA 1, BANDAR UDA UTAMA,1.491367,103.669496,PPD JOHOR BAHRU,['MENENGAH'],could not convert string to float: 'BANDAR UDA UTAMA'
JEA1099,SEKOLAH MENENGAH KEBANGSAAN SERI PULAI PERDANA,JALAN PERSISIRAN PULAI PERDANA 1, TAMAN SRI PULAI PERDANA,1.559686,103.609635,PPD KULAI,['MENENGAH'],could not convert string to float: 'TAMAN SRI PULAI PERDANA'
JEA2029,SEKOLAH MENENGAH KEBANGSAAN LAYANG-LAYANG,JKR 1028, LAYANG-LAYANG,1.816479,103.466102,PPD KLUANG,['MENENGAH'],could not convert string to float: 'LAYANG-LAYANG'
JEA2032,SEKOLAH MENENGAH KEBANGSAAN KAHANG,BATU 23, JALAN MERSING, KAHANG, KLUANG,2.222371537,"['103.546097', 'PPD KLUANG', 'MENENGAH']",could not convert string to float: 'KAHANG'
JEA2033,SEKOLAH MENENGAH KEBANGSAAN SULTAN ABDUL JALIL,KM 5, JALAN MERSING,2.051003798,103.3468223,PPD KLUANG,['MENENGAH'],could not convert string to float: 'JALAN MERSING'
JEA2034,SEKOLAH MENENGAH KEBANGSAAN (FELDA) KAHANG TIMUR,FELDA KAHANG TIMUR, PS 112,2.08407,103.49611,PPD KLUANG,['MENENGAH'],could not convert string to float: 'PS 112'
JEA2036,SEKOLAH MENENGAH KEBANGSAAN TAMAN KLUANG BARAT,JALAN YULE CATTO , TAMAN KLUANG BARAT  ,2.011025,103.289943,PPD KLUANG,['MENENGAH'],could not convert string to float: 'TAMAN KLUANG BARAT'
JEA2037,SEKOLAH MENENGAH KEBANGSAAN SIMPANG RENGAM,KM 72, JALAN JOHOR,1.812536322,103.3218884,PPD KLUANG,['MENENGAH'],could not convert string to float: 'JALAN JOHOR'
JEA2038,SEKOLAH MENENGAH KEBANGSAAN SERI INTAN,JLN INTAN SATU,TMN INTAN,2.014416,103.305018,PPD KLUANG,['MENENGAH'],could not convert string to float: 'TMN INTAN'
JEA2039,SEKOLAH MENENGAH KEBANGSAAN BANDAR T6,JALAN AZAM 15, TAMAN SRI LAMBAK,1.955364,103.38729,PPD KLUANG,['MENENGAH'],could not convert string to float: 'TAMAN SRI LAMBAK'
JEA2042,SEKOLAH MENENGAH KEBANGSAAN TAMAN SERI KLUANG,JALAN 16, TAMAN SRI KLUANG,2.028184619,103.2969117,PPD KLUANG,['MENENGAH'],could not convert string to float: 'TAMAN SRI KLUANG'
JEA2044,SEKOLAH MENENGAH KEBANGSAAN SERI KOTA PALOH,JALAN PALOH, PALOH ,2.1984426,103.2017684,PPD KLUANG,['MENENGAH'],could not convert string to float: 'PALOH'
JEA2045,SEKOLAH MENENGAH KEBANGSAAN DATO' IBRAHIM MAJID,KM. 3 JALAN BENUT, SIMPANG RENGGAM,1.792549,103.317166,PPD KLUANG,['MENENGAH'],could not convert string to float: 'SIMPANG RENGGAM'
JEA2047,SEKOLAH MENENGAH KEBANGSAAN SERI PERDANA,KM 3, JALAN NYIOR ,2.05738,103.31192,PPD KLUANG,['MENENGAH'],could not convert string to float: 'JALAN NYIOR'
JEA3043,SEKOLAH MENENGAH KEBANGSAAN BANDAR MAS,JALAN CENDANA UTAMA, BANDAR MAS,1.611181,104.14515,PPD KOTA TINGGI,['MENENGAH'],could not convert string to float: 'BANDAR MAS'
JEA3049,SEKOLAH MENENGAH KEBANGSAAN BANDAR PENAWAR,JALAN DESARU, BANDAR PENAWAR,1.563433,104.228828,PPD KOTA TINGGI,['MENENGAH'],could not convert string to float: 'BANDAR PENAWAR'
JEA3053,SEKOLAH MENENGAH KEBANGSAAN TAMAN KOTA JAYA,JALAN ANGGOR, TAMAN KOTA JAYA,1.743088,103.890282,PPD KOTA TINGGI,['MENENGAH'],could not convert string to float: 'TAMAN KOTA JAYA'
JEA3054,SEKOLAH MENENGAH KEBANGSAAN TANJUNG PENGELIH,TANJUNG PENGELIH, PENGERANG,1.366177,104.105956,PPD KOTA TINGGI,['MENENGAH'],could not convert string to float: 'PENGERANG'
JEA3056,SEKOLAH MENENGAH KEBANGSAAN SULTAN ALAUDDIN,BUKIT BESAR, GUGUSAN TAIB ANDAK,1.765295456,103.7080944,PPD KULAI,['MENENGAH'],could not convert string to float: 'GUGUSAN TAIB ANDAK'
JEA3059,SEKOLAH MENENGAH KEBANGSAAN SERI PINANG,JALAN TUN ABD.MAJID,BANDAR TENGGARA,1.844783,103.62817,PPD KULAI,['MENENGAH'],could not convert string to float: 'BANDAR TENGGARA'
JEA4035,SEKOLAH MENENGAH KEBANGSAAN MERSING,KM 3, JALAN ENDAU,2.45374,103.82914,PPD MERSING,['MENENGAH'],could not convert string to float: 'JALAN ENDAU'
JEA4037,SEKOLAH MENENGAH KEBANGSAAN TAN SRI ABDUL KADIR,JALAN ILMU, FELDA TENGGAROH 5,2.15529,103.91227,PPD MERSING,['MENENGAH'],could not convert string to float: 'FELDA TENGGAROH 5'
JEA4038,SEKOLAH MENENGAH KEBANGSAAN ANJUNG BATU,KM 2, JALAN JEMALUANG,2.412498,103.844348,PPD MERSING,['MENENGAH'],could not convert string to float: 'JALAN JEMALUANG'
JEA5021,SEKOLAH MENENGAH KEBANGSAAN SERI MENANTI,PETI SURAT 25, POS PARIT JAWA,1.918848,102.6782,PPD MUAR,['MENENGAH'],could not convert string to float: 'POS PARIT JAWA'
JEA5022,SEKOLAH MENENGAH KEBANGSAAN DATO' SRI AMAR DI RAJA,JLN TUNKU BENDAHARA, KG. DATO' SRI AMAR,2.039932,102.579,PPD MUAR,['MENENGAH'],"could not convert string to float: ""KG. DATO' SRI AMAR"""
JEA5023,SEKOLAH MENENGAH KEBANGSAAN TUN PERAK,KM 4, JLN SALLEH,2.075246,102.5786,PPD MUAR,['MENENGAH'],could not convert string to float: 'JLN SALLEH'
JEA5024,SEKOLAH MENENGAH KEBANGSAAN RAJA MUDA,PS 3, JLN MAHMOOD,1.962603,102.6477,PPD MUAR,['MENENGAH'],could not convert string to float: 'JLN MAHMOOD'
JEA5037,SEKOLAH MENENGAH KEBANGSAAN BANDAR MAHARANI,KM 4, JALAN ISMAIL,2.073018,102.5668,PPD MUAR,['MENENGAH'],could not convert string to float: 'JALAN ISMAIL'
JEA6008,SEKOLAH MENENGAH KEBANGSAAN AYER BALOI,JKR 1374, AYER BALOI,1.587914404,103.3392853,PPD PONTIAN,['MENENGAH'],could not convert string to float: 'AYER BALOI'
JEA7031,SEKOLAH MENENGAH KEBANGSAAN BULUH KASAP,KM 8, JLN BULOH KASAP,2.547853894,102.7788913,PPD SEGAMAT,['MENENGAH'],could not convert string to float: 'JLN BULOH KASAP'
JEA7033,SEKOLAH MENENGAH KEBANGSAAN TENANG STESEN,KM 19 JLN SEKOLAH, TENANG STESEN,2.46914487,102.9569149,PPD SEGAMAT,['MENENGAH'],could not convert string to float: 'TENANG STESEN'
JEA7038,SEKOLAH MENENGAH KEBANGSAAN GEMEREH,KM 5, JALAN MUAR, TAMAN BUNGA RAYA ,2.493406822,102.7941316,"['PPD SEGAMAT', 'MENENGAH']",could not convert string to float: 'TAMAN BUNGA RAYA'
JEA7040,SEKOLAH MENENGAH KEBANGSAAN SERI JEMENTAH,KM 20, JALAN MUAR,2.450263438,102.6864195,PPD SEGAMAT,['MENENGAH'],could not convert string to float: 'JALAN MUAR'
JEA7043,SEKOLAH MENENGAH KEBANGSAAN SERI BALI,KM 1, JALAN YONG PENG, CHAAH,2.234847776,103.0421287,"['PPD SEGAMAT', 'MENENGAH']",could not convert string to float: 'CHAAH'
JEA8002,SEKOLAH MENENGAH KEBANGSAAN TUNKU ABDUL RAHMAN PUTRA,BATU 21, JLN AYER HITAM,1.662626,103.594082,PPD KULAI,['MENENGAH'],could not convert string to float: 'JLN AYER HITAM'
JEA8005,SEKOLAH MENENGAH KEBANGSAAN KELAPA SAWIT,BATU 26, JALAN AYER HITAM,1.679516,103.528214,PPD KULAI,['MENENGAH'],could not convert string to float: 'JALAN AYER HITAM'
JEA8007,SEKOLAH MENENGAH KEBANGSAAN TAMAN KOTA KULAI,PERSIARAN SRI PUTRI, TAMAN PUTRI,1.654687,103.575828,PPD KULAI,['MENENGAH'],could not convert string to float: 'TAMAN PUTRI'
JEA9001,SEKOLAH MENENGAH KEBANGSAAN TENGKU MAHMUD ISKANDAR,BATU 8, SG MATI,2.155008,102.572996,PPD TANGKAK,['MENENGAH'],could not convert string to float: 'SG MATI'
JEA9004,SEKOLAH MENENGAH SAINS MUAR,KARUNG BERKUNCI 511, TANJUNG AGAS,2.06312,102.559355,PPD TANGKAK,['MENENGAH'],could not convert string to float: 'TANJUNG AGAS'
JEA9006,SEKOLAH MENENGAH KEBANGSAAN SAGIL TANGKAK,KM 43, JLN SEGAMAT,2.300057,102.606876,PPD TANGKAK,['MENENGAH'],could not convert string to float: 'JLN SEGAMAT'
JEA9007,SEKOLAH MENENGAH KEBANGSAAN SERI TANGKAK,KM 32, JLN PAYAMAS,2.286809,102.561699,PPD TANGKAK,['MENENGAH'],could not convert string to float: 'JLN PAYAMAS'
JEA9008,SEKOLAH MENENGAH KEBANGSAAN PESISIRAN PERDANA,JALAN GADING 3, TAMAN GADING BARU, TANJUNG AGAS,2.065235,102.549323,"['PPD TANGKAK', 'MENENGAH']",could not convert string to float: 'TANJUNG AGAS'
JEB0017,SEKOLAH MENENGAH KEBANGSAAN CONVENT,250, JALAN TAN SWEE HOE,1.862471,102.950891,PPD BATU PAHAT,['MENENGAH'],could not convert string to float: 'JALAN TAN SWEE HOE'
JEB0018,SEKOLAH MENENGAH KEBANGSAAN MUNSHI SULAIMAN,KM 6, JALAN KLUANG,1.868203,102.978564,PPD BATU PAHAT,['MENENGAH'],could not convert string to float: 'JALAN KLUANG'
JEB2037,SEKOLAH MENENGAH KEBANGSAAN TINGGI KLUANG,429, JALAN SEKOLAH,2.030036863,103.3155477,PPD KLUANG,['MENENGAH'],could not convert string to float: 'JALAN SEKOLAH'
JEB2038,SEKOLAH MENENGAH KEBANGSAAN TENGKU ARIS BENDAHARA,KM 5, JLN MERSING,2.051871,103.34664,PPD KLUANG,['MENENGAH'],could not convert string to float: 'JLN MERSING'
JEB2039,SEKOLAH MENENGAH KEBANGSAAN CANOSSIAN CONVENT,BATU2, JALAN BATU PAHAT,2.02212,103.30547,PPD KLUANG,['MENENGAH'],could not convert string to float: 'JALAN BATU PAHAT'
JEB3043,SEKOLAH MENENGAH KEBANGSAAN LAKSAMANA,JLN BKT SRI LALANG,  PETI SURAT 74,1.722729,103.896105,PPD KOTA TINGGI,['MENENGAH'],could not convert string to float: 'PETI SURAT 74'
JEB4044,SEKOLAH MENENGAH KEBANGSAAN SRI MERSING,PETI SURAT 10, JALAN ISMAIL,2.43034,103.843202,PPD MERSING,['MENENGAH'],could not convert string to float: 'JALAN ISMAIL'
JEB5022,SEKOLAH MENENGAH KEBANGSAAN ST ANDREW,PETI SURAT 11, JALAN HASHIM,2.050203,102.5776,PPD MUAR,['MENENGAH'],could not convert string to float: 'JALAN HASHIM'
JEB5025,SEKOLAH MENENGAH KEBANGSAAN (PEREMPUAN) SULTAN ABU BAKAR,PETI SURAT 58, JLN ABDUL RAHMAN,2.040219,102.558,PPD MUAR,['MENENGAH'],could not convert string to float: 'JLN ABDUL RAHMAN'
JEB5026,SEKOLAH MENENGAH KEBANGSAAN CONVENT,NO 100, JLN DAUD,2.040712,102.5728,PPD MUAR,['MENENGAH'],could not convert string to float: 'JLN DAUD'
JEB7029,SEKOLAH MENENGAH KEBANGSAAN TINGGI SEGAMAT,JKR 106, JALAN SEKOLAH,2.51601232,102.8144681,PPD SEGAMAT,['MENENGAH'],could not convert string to float: 'JALAN SEKOLAH'
JEB7034,SEKOLAH MENENGAH KEBANGSAAN PADUKA TUAN,JALAN GENUANG, SEGAMAT,2.492672592,102.843951,PPD SEGAMAT,['MENENGAH'],could not convert string to float: 'SEGAMAT'
JEB8001,SEKOLAH MENENGAH KEBANGSAAN MUNSHI ABDULLAH,BATU 21, JALAN AIR HITAM,1.663778,103.595993,PPD KULAI,['MENENGAH'],could not convert string to float: 'JALAN AIR HITAM'
JEE0018,SEKOLAH MENENGAH KEBANGSAAN TUN SARDON,JKR  940,  JALAN  S.M.K.  TUN SARDON, RENGIT,1.681511,103.14849,"['PPD BATU PAHAT', 'MENENGAH']",could not convert string to float: 'RENGIT'
JEE0020,SEKOLAH MENENGAH KEBANGSAAN SEMERAH,KAMPUNG LUBOK, SEMERAH,1.879972,102.784501,PPD BATU PAHAT,['MENENGAH'],could not convert string to float: 'SEMERAH'
JEE0040,SEKOLAH MENENGAH KEBANGSAAN YONG PENG,JLN. ANN LOH YUEN, YONG PENG,2.019874,103.061174,PPD BATU PAHAT,['MENENGAH'],could not convert string to float: 'YONG PENG'
JEE0041,SEKOLAH MENENGAH KEBANGSAAN TUNKU PUTRA,KM. 12, JLN. BESAR, TONGKANG PECHAH,1.945508,102.958262,"['PPD BATU PAHAT', 'MENENGAH']",could not convert string to float: 'TONGKANG PECHAH'
JEE1005,SEKOLAH MENENGAH KEBANGSAAN DATO PENGGAWA TIMUR,KM. 24, JALAN BESAR MASAI,1.4928827,103.8783342,PPD PASIR GUDANG,['MENENGAH'],could not convert string to float: 'JALAN BESAR MASAI'
JEE2043,SEKOLAH MENENGAH SAINS JOHOR,KM. 1, JLN BATU PAHAT,2.01557,103.31076,PPD KLUANG,['MENENGAH'],could not convert string to float: 'JLN BATU PAHAT'
JEE2044,SEKOLAH MENENGAH KEBANGSAAN PALOH,JKR 1153, KAMPUNG MERDEKA, PALOH,2.195322796,103.1920588,"['PPD KLUANG', 'MENENGAH']",could not convert string to float: 'PALOH'
JEE5023,SEKOLAH MENENGAH KEBANGSAAN TENGKU MAHKOTA,KM 5, PARIT RAJA, JALAN TEMENGGONG AHMAD,2.011148,102.5999,"['PPD MUAR', 'MENENGAH']",could not convert string to float: 'JALAN TEMENGGONG AHMAD'
JEE5030,SEKOLAH MENENGAH KEBANGSAAN LENGA,FELDA LENGA, BATU 27, LENGA,2.246763,102.853,"['PPD MUAR', 'MENENGAH']",could not convert string to float: 'LENGA'
JEE7037,SEKOLAH MENENGAH KEBANGSAAN CHAAH,JALAN KAMPUNG JAWA BARU, CHAAH,2.249470704,103.0371183,PPD SEGAMAT,['MENENGAH'],could not convert string to float: 'CHAAH'
JFT0001,SEKOLAH MENENGAH AGAMA PARIT RAJA,JALAN SEKOLAH ARAB, PARIT RAJA,1.845906,103.118604,PPD BATU PAHAT,['MENENGAH'],could not convert string to float: 'PARIT RAJA'
JFT0002,SEKOLAH MENENGAH AGAMA JAWAHIR AL-ULUM,JALAN PARIT KEMANG, SENGGARANG,1.749664,103.05716,PPD BATU PAHAT,['MENENGAH'],could not convert string to float: 'SENGGARANG'
JFT0003,SEKOLAH MENENGAH AGAMA PARIT SULONG,JALAN MUAR, PARIT SULONG,1.985238,102.876609,PPD BATU PAHAT,['MENENGAH'],could not convert string to float: 'PARIT SULONG'
JFT0004,SEKOLAH MENENGAH AGAMA ATTARBIAH AL ISLAMIAH,NO 31, JALAN LIM YEW LEONG,1.848815,102.946009,PPD BATU PAHAT,['MENENGAH'],could not convert string to float: 'JALAN LIM YEW LEONG'
JFT1001,MADRASAH ALATTAS ALARABIAH JOHOR,KM 23, JALAN KOTA TINGGI, ULU TIRAM,1.611108617,103.8247383,"['PPD PASIR GUDANG', 'MENENGAH']",could not convert string to float: 'ULU TIRAM'
JFT2001,SEKOLAH MENENGAH AGAMA ARABIAH KLUANG,KM 1, JALAN MERSING,2.031999,103.325837,PPD KLUANG,['MENENGAH'],could not convert string to float: 'JALAN MERSING'
JFT3001,SEKOLAH MENENGAH AGAMA KOTA TINGGI,JALAN ANGGOR, TAMAN KOTA JAYA,1.739503,103.890509,PPD KOTA TINGGI,['MENENGAH'],could not convert string to float: 'TAMAN KOTA JAYA'
JFT4001,SEKOLAH MENENGAH AGAMA AL-KHAIRIAH AL-ISLAMIAH ,49/3, JALAN AWANG DAIK,2.435822152,103.8371408,PPD MERSING,['MENENGAH'],could not convert string to float: 'JALAN AWANG DAIK'
JFT5001,SEKOLAH MENENGAH AGAMA AD-DINIAH,PARIT SUBARI, PEKAN BARU, PARIT YUSUF,1.899371,102.7653,"['PPD MUAR', 'MENENGAH']",could not convert string to float: 'PARIT YUSUF'
JFT5006,SEKOLAH MENENGAH AGAMA AT-TANWIRIAH,JALAN TEMENGGONG AHMAD, PARIT JAWA,1.961997,102.6416,PPD MUAR,['MENENGAH'],could not convert string to float: 'PARIT JAWA'
JFT6001,SEKOLAH MENENGAH AGAMA (ARAB) AN-NUR,JALAN JAAFAR, BENUT,1.64467632,103.2565284,PPD PONTIAN,['MENENGAH'],could not convert string to float: 'BENUT'
JFT6002,SEKOLAH MAAHAD PONTIAN,JALAN SEKOLAH ARAB, PARIT MESJID,1.488340575,103.4027302,PPD PONTIAN,['MENENGAH'],could not convert string to float: 'PARIT MESJID'
JFT6003,SEKOLAH MENENGAH AGAMA BUGISIAH,TAMPOK, BENUT,1.658026028,103.2015699,PPD PONTIAN,['MENENGAH'],could not convert string to float: 'BENUT'
JFT9002,SEKOLAH MENENGAH AGAMA LUGHATUL QURAN,KESANG TASEK, SUNGAI MATI,2.141706314,102.5453889,PPD TANGKAK,['MENENGAH'],could not convert string to float: 'SUNGAI MATI'
JFT9003,SEKOLAH MENENGAH AGAMA SHAMSUDDINIAH,PARIT MEDAN, KUNDANG ULU,2.230552,102.752376,PPD TANGKAK,['MENENGAH'],could not convert string to float: 'KUNDANG ULU'
JFT9004,SEKOLAH MENENGAH AGAMA DARUL ULUM ,SEROM 4, SUNGAI MATI,2.207258207,102.5929323,PPD TANGKAK,['MENENGAH'],could not convert string to float: 'SUNGAI MATI'
JHA0002,KOLEJ VOKASIONAL BATU PAHAT ,KM. 7, JALAN KLUANG,1.869434,102.984132,PPD BATU PAHAT,['MENENGAH'],could not convert string to float: 'JALAN KLUANG'
JHA2001,KOLEJ VOKASIONAL KLUANG,KM.3, JALAN MENGKIBOL,2.001708,103.323367,PPD KLUANG,['MENENGAH'],could not convert string to float: 'JALAN MENGKIBOL'
JHA7002,KOLEJ VOKASIONAL SEGAMAT,KM. 5, JALAN GENUANG,2.496547391,102.859084,PPD SEGAMAT,['MENENGAH'],could not convert string to float: 'JALAN GENUANG'
JKE1001,SEKOLAH MENENGAH TEKNIK JOHOR BAHRU,SUSUR 7, JALAN TUN ABD RAZAK,1.493317,103.727591,PPD JOHOR BAHRU,['MENENGAH'],could not convert string to float: 'JALAN TUN ABD RAZAK'
JRA4001,SEKOLAH MENENGAH SAINS SULTAN ISKANDAR,KM. 4, JALAN JEMALUANG,2.390790288,103.8516301,PPD MERSING,['MENENGAH'],could not convert string to float: 'JALAN JEMALUANG'
JRA5036,SEKOLAH MENENGAH KEBANGSAAN AGAMA MAAHAD MUAR,NO.97, JALAN JONED,2.029641,102.5567,PPD MUAR,['MENENGAH'],could not convert string to float: 'JALAN JONED'
JRA7001,SEKOLAH MENENGAH KEBANGSAAN AGAMA SEGAMAT,KM 5, JALAN GENUANG, SEGAMAT BARU,2.498080157,102.8578073,"['PPD SEGAMAT', 'MENENGAH']",could not convert string to float: 'SEGAMAT BARU'
KBA0007,SEKOLAH KEBANGSAAN PENGHULU ABU BAKAR,KM. 5, JALAN WENG,5.71742,100.90827,PPD BALING,['RENDAH'],could not convert string to float: 'JALAN WENG'
KBA0014,SEKOLAH KEBANGSAAN KAMPUNG PADANG,JALAN ASAM JAWA, KUALA PEGANG,5.67587,100.80878,PPD BALING,['RENDAH'],could not convert string to float: 'KUALA PEGANG'
KBA0023,SEKOLAH KEBANGSAAN SIONG,KAMPONG LALANG, JALAN WENG,5.79451,100.89802,PPD BALING,['RENDAH'],could not convert string to float: 'JALAN WENG'
KBA0032,SEKOLAH KEBANGSAAN KAMPUNG SELARONG,KAMPUNG SELARONG, MALAU,5.53354,100.69897,PPD BALING,['RENDAH'],could not convert string to float: 'MALAU'
KBA0073,SEKOLAH KEBANGSAAN KAMPONG KEDA,JALAN KEMAJUAN, PEKAN BARU KEDA,5.63706,100.85013,PPD BALING,['RENDAH'],could not convert string to float: 'PEKAN BARU KEDA'
KBA2010,SEKOLAH KEBANGSAAN GUNONG,KM8, JALAN GUNONG,6.18317,100.3487,PPD KOTA SETAR,['RENDAH'],could not convert string to float: 'JALAN GUNONG'
KBA2018,SEKOLAH KEBANGSAAN SIMPANG TIGA,SIMPANG TIGA, PADANG HANG,6.20618,100.31248,PPD KOTA SETAR,['RENDAH'],could not convert string to float: 'PADANG HANG'
KBA2031,SEKOLAH KEBANGSAAN KUALA KEDAH,SEBERANG KOTA, KUALA KEDAH,6.11326,100.28614,PPD KOTA SETAR,['RENDAH'],could not convert string to float: 'KUALA KEDAH'
KBA2064,SEKOLAH KEBANGSAAN TEBENGAU,KM 13 , JALAN YAN,6.04741,100.33315,PPD KOTA SETAR,['RENDAH'],could not convert string to float: 'JALAN YAN'
KBA2066,SEKOLAH KEBANGSAAN DARUL HIKMAH,KM14, JALAN JELAI/JALAN DATUK KUMBAR,6.05105,100.43736,PPD KOTA SETAR,['RENDAH'],could not convert string to float: 'JALAN JELAI/JALAN DATUK KUMBAR'
KBA2096,SEKOLAH KEBANGSAAN HAJI SALLEH MASRI,KM10, JALAN KUALA KEDAH,6.10057,100.30363,PPD KOTA SETAR,['RENDAH'],could not convert string to float: 'JALAN KUALA KEDAH'
KBA3024,SEKOLAH KEBANGSAAN SRI GEDONG,SUNGAI PETANI, KEDAH,5.6101859,100.4824167,PPD KUALA MUDA/YAN,['RENDAH'],could not convert string to float: 'KEDAH'
KBA3027,SEKOLAH KEBANGSAAN SERI KUALA,KUALA SUNGAI MUDA, KOTA KUALA MUDA,5.5966357,100.3420079,PPD KUALA MUDA/YAN,['RENDAH'],could not convert string to float: 'KOTA KUALA MUDA'
KBA3035,SEKOLAH KEBANGSAAN KHIR JOHARI,JALAN MAWAR 1, OFF JALAN PENGKALAN,5.6424658,100.4813121,PPD KUALA MUDA/YAN,['RENDAH'],could not convert string to float: 'OFF JALAN PENGKALAN'
KBA3038,SEKOLAH KEBANGSAAN BATU EMPAT,BATU 4 JLN JENIANG, GURUN,5.8168895,100.5251143,PPD KUALA MUDA/YAN,['RENDAH'],could not convert string to float: 'GURUN'
KBA3044,SEKOLAH KEBANGSAAN TAMAN RIA,JALAN RIA 4, TAMAN RIA,5.664205,100.511219,PPD KUALA MUDA/YAN,['RENDAH'],could not convert string to float: 'TAMAN RIA'
KBA3052,SEKOLAH KEBANGSAAN SUNGAI PASIR KECHIL,KM 6, JALAN KUALA KETIL, TAMAN SUTERA JAYA,5.625557,100.519734,"['PPD KUALA MUDA/YAN', 'RENDAH']",could not convert string to float: 'TAMAN SUTERA JAYA'
KBA3055,SEKOLAH KEBANGSAAN BUKIT KIARA,JALAN AYAM DIDIK 1, TAMAN RIA JAYA,5.65,100.48,PPD KUALA MUDA/YAN,['RENDAH'],could not convert string to float: 'TAMAN RIA JAYA'
KBA4002,SEKOLAH KEBANGSAAN HAJI WAN YAHYA,BATU 6 , JALAN SANGLANG,6.31059,100.24726,PPD KUBANG PASU,['RENDAH'],could not convert string to float: 'JALAN SANGLANG'
KBA4004,SEKOLAH KEBANGSAAN DATO' SYED NAHAR,BATU 4, JALAN KODIANG SANGLANG,6.34752,100.28033,PPD KUBANG PASU,['RENDAH'],could not convert string to float: 'JALAN KODIANG SANGLANG'
KBA4012,SEKOLAH KEBANGSAAN HOSBA,JALAN CHANGLUN, PEKAN NAPOH,6.35565,100.423,PPD KUBANG PASU,['RENDAH'],could not convert string to float: 'PEKAN NAPOH'
KBA4019,SEKOLAH KEBANGSAAN HAKIM TEH,PULAU TIMBUL,MUKIM JERAM, TUNJANG,6.25744,100.36313,"['PPD KUBANG PASU', 'RENDAH']",could not convert string to float: 'TUNJANG'
KBA4026,SEKOLAH KEBANGSAAN JERLUN,KM 16,JALAN PUTRA,6.21395,100.26766,PPD KUBANG PASU,['RENDAH'],could not convert string to float: 'JALAN PUTRA'
KBA5009,SEKOLAH KEBANGSAAN LABU BESAR,KG PADANG UBI, LABU BESAR,5.497877,100.690437,PPD KULIM/BANDAR BAHARU,['RENDAH'],could not convert string to float: 'LABU BESAR'
KBA5029,SEKOLAH KEBANGSAAN TAMAN HI-TECH,JLN KTC 5, KULIM TECHNOCITY KULIM, HI-TECH PARK,5.406525,100.577456,"['PPD KULIM/BANDAR BAHARU', 'RENDAH']",could not convert string to float: 'HI-TECH PARK'
KBA6001,SEKOLAH KEBANGSAAN LUBUK CHEMPEDAK,PULAU TUBA, MUKIM KUAH,6.249716,99.831734,PPD LANGKAWI,['RENDAH'],could not convert string to float: 'MUKIM KUAH'
KBA6002,SEKOLAH KEBANGSAAN BAYAS,KG BAYAS, MUKIM ULU MELAKA,6.329192,99.768714,PPD LANGKAWI,['RENDAH'],could not convert string to float: 'MUKIM ULU MELAKA'
KBA6012,SEKOLAH KEBANGSAAN ULU MELAKA,MUKIM ULU MELAKA,ULU MELAKA,6.35084,99.7765,PPD LANGKAWI,['RENDAH'],could not convert string to float: 'ULU MELAKA'
KBA7001,SEKOLAH KEBANGSAAN BUKIT TEMBAGA,JALAN KUALA PAI,HADAPAN MASJID FELDA BUKIT TEMBAGA,6.21072,100.5379,PPD PADANG TERAP,['RENDAH'],could not convert string to float: 'HADAPAN MASJID FELDA BUKIT TEMBAGA'
KBA7003,SEKOLAH KEBANGSAAN KURONG HITAM,KG. KUBANG DAKSA, MUKIM KURONG HITAM,6.28181,100.56741,PPD PADANG TERAP,['RENDAH'],could not convert string to float: 'MUKIM KURONG HITAM'
KBA7004,SEKOLAH KEBANGSAAN TOH PUAN SHARIFAH HANIFAH,BATU 16 , JALAN KUBU, MUKIM PADANG TEMAK,6.24478,100.54625,"['PPD PADANG TERAP', 'RENDAH']",could not convert string to float: 'MUKIM PADANG TEMAK'
KBA7005,SEKOLAH KEBANGSAAN NAKA,MUKIM TEKAI KANAN, NAKA,6.13764,100.67344,PPD PADANG TERAP,['RENDAH'],could not convert string to float: 'NAKA'
KBA7008,SEKOLAH KEBANGSAAN PADANG SANAI,KM 45, JALAN PADANG SANAI,6.34143,100.68113,PPD PADANG TERAP,['RENDAH'],could not convert string to float: 'JALAN PADANG SANAI'
KBA7009,SEKOLAH KEBANGSAAN PADANG TERAP,BATU 26, JALAN PADANG SANAI,6.29445,100.65371,PPD PADANG TERAP,['RENDAH'],could not convert string to float: 'JALAN PADANG SANAI'
KBA7010,SEKOLAH KEBANGSAAN TANDOP BESAR,JALAN TANDOP BESAR,KUALA NERANG,6.19784,100.64449,PPD PADANG TERAP,['RENDAH'],could not convert string to float: 'KUALA NERANG'
KBA7018,SEKOLAH KEBANGSAAN LAMDIN,KM 3, JALAN NAMI,6.10062,100.68923,PPD PADANG TERAP,['RENDAH'],could not convert string to float: 'JALAN NAMI'
KBA7020,SEKOLAH KEBANGSAAN SERI BAKTI,BATU 19,JLN. KG.RAMBUTAN,MK.PADANG TEMAK,6.26971,100.57569,"['PPD PADANG TERAP', 'RENDAH']",could not convert string to float: 'MK.PADANG TEMAK'
KBA8007,SEKOLAH KEBANGSAAN HJ HUSSAIN,KG TUPAI, MUKIM TELOI,5.755077,100.716004,PPD SIK,['RENDAH'],could not convert string to float: 'MUKIM TELOI'
KBA8013,SEKOLAH KEBANGSAAN PADANG CHICHAK,JENERI, JENIANG,5.926921,100.654549,PPD SIK,['RENDAH'],could not convert string to float: 'JENIANG'
KBA9019,SEKOLAH KEBANGSAAN SIMPANG TIGA SG DAUN,SPG TIGA SG DAUN, KOTA SARANG SEMUT,5.930333,100.420355,PPD KUALA MUDA/YAN,['RENDAH'],could not convert string to float: 'KOTA SARANG SEMUT'
KBA9020,SEKOLAH KEBANGSAAN SUNGAI DAUN TENGAH,SIMPANG TIGA, SG LIMAU,5.919851,100.389755,PPD KUALA MUDA/YAN,['RENDAH'],could not convert string to float: 'SG LIMAU'
KBAA050,SEKOLAH KEBANGSAAN BKT CHORAS,KM 11 KAMPUNG BUKIT CHORAS, JALAN PENDANG,5.97135,100.42116,PPD PENDANG,['RENDAH'],could not convert string to float: 'JALAN PENDANG'
KBAA051,SEKOLAH KEBANGSAAN BKT RAYA DALAM,JALAN SEKOLAH, KG. BUKIT RAYA DALAM,6.00862,100.45407,PPD PENDANG,['RENDAH'],could not convert string to float: 'KG. BUKIT RAYA DALAM'
KBAA054,SEKOLAH KEBANGSAAN GUAR KEPAYANG,KM 24, MUKIM GUAR KEPAYANG ,6.02816,100.51049,PPD PENDANG,['RENDAH'],could not convert string to float: 'MUKIM GUAR KEPAYANG'
KBAA063,SEKOLAH KEBANGSAAN TANAH MERAH,JALAN TANAH MERAH, TANAH MERAH,6.01815,100.48345,PPD PENDANG,['RENDAH'],could not convert string to float: 'TANAH MERAH'
KBAA068,SEKOLAH KEBANGSAAN HJ MOHAMAD ARIFF,JALAN JENUN, MUKIM AYER PUTIH,5.95709,100.47753,PPD PENDANG,['RENDAH'],could not convert string to float: 'MUKIM AYER PUTIH'
KBAA075,SEKOLAH KEBANGSAAN KUALA RIMAU,KG.KUALA RIMAU, MUKIM AYER PUTEH,5.94494,100.51939,PPD PENDANG,['RENDAH'],could not convert string to float: 'MUKIM AYER PUTEH'
KBAA076,SEKOLAH KEBANGSAAN POKOK TAI,KG. POKOK TAI, JALAN JENUN,5.87268,100.50525,PPD PENDANG,['RENDAH'],could not convert string to float: 'JALAN JENUN'
KBAA083,SEKOLAH KEBANGSAAN BENDANG RAJA,BENDANG RAJA, KUBUR PANJANG,PENDANG,6.09918,100.59945,"['PPD PENDANG', 'RENDAH']",could not convert string to float: 'PENDANG'
KBAA158,SEKOLAH KEBANGSAAN KAMPUNG PULAI TOKAI,KAMPONG PULAI, TOKAI,6.01111,100.40859,PPD PENDANG,['RENDAH'],could not convert string to float: 'TOKAI'
KBAA160,SEKOLAH KEBANGSAAN HUJUNG KETON,SUNGAI TIANG, MUKIM PADANG KERBAU,6.08365,100.62882,PPD PENDANG,['RENDAH'],could not convert string to float: 'MUKIM PADANG KERBAU'
KBAA162,SEKOLAH KEBANGSAAN TUNKU INTAN SAFINAZ,SEKSYEN 2, BANDAR PENDANG,6.000658,100.479464,PPD PENDANG,['RENDAH'],could not convert string to float: 'BANDAR PENDANG'
KBAB002,SEKOLAH KEBANGSAAN KAMPONG BUKIT,KM.31, JALAN NAKA,6.14184,100.6158,PPD KOTA SETAR,['RENDAH'],could not convert string to float: 'JALAN NAKA'
KBAB008,SEKOLAH KEBANGSAAN TELUK JAMAT,POKOK SENA,KOTA SETAR,6.13476,100.45393,PPD KOTA SETAR,['RENDAH'],could not convert string to float: 'KOTA SETAR'
KBB2082,SEKOLAH KEBANGSAAN HJ MOHD SHARIFF,KOMPLEKS PENDIDIKAN, JALAN STADIUM,6.13806,100.38001,PPD KOTA SETAR,['RENDAH'],could not convert string to float: 'JALAN STADIUM'
KBB2083,SEKOLAH KEBANGSAAN TUNKU ABDUL HALIM,KOMPLEKS PENDIDIKAN, JALAN STADIUM,6.13548,100.37707,PPD KOTA SETAR,['RENDAH'],could not convert string to float: 'JALAN STADIUM'
KBB2085,SEKOLAH KEBANGSAAN SULTANAH ASMA,KM4 , JALAN LANGGAR,6.13463,100.39167,PPD KOTA SETAR,['RENDAH'],could not convert string to float: 'JALAN LANGGAR'
KBC0046,SEKOLAH JENIS KEBANGSAAN (CINA) YEOK CHEE,109, JALAN MAHMUD,5.67489,100.91727,PPD BALING,['RENDAH'],could not convert string to float: 'JALAN MAHMUD'
KBC0047,SEKOLAH JENIS KEBANGSAAN (CINA) POI CHEE,LADANG PELAM, MALAU,5.50817,100.73863,PPD BALING,['RENDAH'],could not convert string to float: 'MALAU'
KBC2112,SEKOLAH JENIS KEBANGSAAN (CINA) CHENG YU,KUAR JAWA, ALOR JANGGUS,6.17791,100.27221,PPD KOTA SETAR,['RENDAH'],could not convert string to float: 'ALOR JANGGUS'
KBC2113,SEKOLAH JENIS KEBANGSAAN (CINA) EIK CHOON,KM10, SIMPANG EMPAT,6.03371,100.37997,PPD KOTA SETAR,['RENDAH'],could not convert string to float: 'SIMPANG EMPAT'
KBC2117,SEKOLAH JENIS KEBANGSAAN (CINA) KEAT HWA (S),KG BARU, JALAN ISTANA LAMA,6.12288,100.3693,PPD KOTA SETAR,['RENDAH'],could not convert string to float: 'JALAN ISTANA LAMA'
KBC2126,SEKOLAH JENIS KEBANGSAAN (CINA) PEI HWA,KM5, JALAN KUALA KEDAH,6.09605,100.34402,PPD KOTA SETAR,['RENDAH'],could not convert string to float: 'JALAN KUALA KEDAH'
KBC3065,SEKOLAH JENIS KEBANGSAAN (CINA) MIN TERK,BT 2, JALAN KUALA KETIL,5.635871,100.514474,PPD KUALA MUDA/YAN,['RENDAH'],could not convert string to float: 'JALAN KUALA KETIL'
KBC4044,SEKOLAH JENIS KEBANGSAAN (CINA) CHEE NAN,KM 15, JALAN PUTRA,6.20582,100.27747,PPD KUBANG PASU,['RENDAH'],could not convert string to float: 'JALAN PUTRA'
KBC4048,SEKOLAH JENIS KEBANGSAAN (CINA) YIT MIN,PEKAN BARU, JALAN KODIANG,6.43325,100.42883,PPD KUBANG PASU,['RENDAH'],could not convert string to float: 'JALAN KODIANG'
KBC5039,SEKOLAH JENIS KEBANGSAAN (CINA) KONG MIN,SG KOB,  KARANGAN,5.42762,100.64421,PPD KULIM/BANDAR BAHARU,['RENDAH'],could not convert string to float: 'KARANGAN'
KBC9025,SEKOLAH JENIS KEBANGSAAN (CINA) AIK MIN,SIMPANG TIGA, SUNGAI LIMAU,5.916018,100.426377,PPD KUALA MUDA/YAN,['RENDAH'],could not convert string to float: 'SUNGAI LIMAU'
KBC9027,SEKOLAH JENIS KEBANGSAAN (CINA) PEI ENG,JALAN YAN, BATU 21 1/4,5.84639,100.430162,PPD KUALA MUDA/YAN,['RENDAH'],could not convert string to float: 'BATU 21 1/4'
KBC9028,SEKOLAH JENIS KEBANGSAAN (CINA) PEI HWA,BT 17, JALAN GURUN,5.884513,100.445316,PPD KUALA MUDA/YAN,['RENDAH'],could not convert string to float: 'JALAN GURUN'
KBCA134,SEKOLAH JENIS KEBANGSAAN (CINA) YEANG CHENG,LOT 1569, MUKIM AYER PUTEH,5.99155,100.47615,PPD PENDANG,['RENDAH'],could not convert string to float: 'MUKIM AYER PUTEH'
KBCB001,SEKOLAH JENIS KEBANGSAAN (CINA) CHUNG HWA,KEBUN 500, JABI,6.14207,100.47448,PPD KOTA SETAR,['RENDAH'],could not convert string to float: 'JABI'
KBD2137,SEKOLAH JENIS KEBANGSAAN (TAMIL) BARATHY,KOMPLEKS PENDIDIKAN, JALAN STADIUM,6.13525,100.38013,PPD KOTA SETAR,['RENDAH'],could not convert string to float: 'JALAN STADIUM'
KBD3079,SEKOLAH JENIS KEBANGSAAN (TAMIL) LDG SUNGAI BONGKOK,LADANG SUNGAI BONGKOK, PETI SURAT 22,5.77356,100.528317,PPD KUALA MUDA/YAN,['RENDAH'],could not convert string to float: 'PETI SURAT 22'
KBD3086,SEKOLAH JENIS KEBANGSAAN (TAMIL) KALAIMAGAL,KAMPUNG RENDANG, PADANG TEMUSU,5.607709,100.483439,PPD KUALA MUDA/YAN,['RENDAH'],could not convert string to float: 'PADANG TEMUSU'
KBD3094,SEKOLAH JENIS KEBANGSAAN (TAMIL) SARASWATHY,JALAN TIONG, TAMAN TIONG,5.650918,100.493114,PPD KUALA MUDA/YAN,['RENDAH'],could not convert string to float: 'TAMAN TIONG'
KBD3095,SEKOLAH JENIS KEBANGSAAN (TAMIL) SUNGAI GETAH,JALAN BUKIT SELAMBAU, SUNGAI LALANG,5.702738,100.550423,PPD KUALA MUDA/YAN,['RENDAH'],could not convert string to float: 'SUNGAI LALANG'
KBD3107,SEKOLAH JENIS KEBANGSAAN (TAMIL) TAMAN KELADI,TAMAN KELADI,PPD KUALA MUDA/YAN,RENDAH,,,,could not convert string to float: 'RENDAH'
KBD5044,SEKOLAH JENIS KEBANGSAAN (TAMIL) LADANG HENRIETTA,LOT 1896,MUKIM NAGALILIT,5.516,100.5333,PPD KULIM/BANDAR BAHARU,['RENDAH'],could not convert string to float: 'MUKIM NAGALILIT'
KBD5049,SEKOLAH JENIS KEBANGSAAN (TAMIL) LADANG ANAK KULIM,PETI SURAT 22,LADANG ANAK KULIM,5.30649,100.5989,PPD KULIM/BANDAR BAHARU,['RENDAH'],could not convert string to float: 'LADANG ANAK KULIM'
KBD5051,SEKOLAH JENIS KEBANGSAAN (TAMIL) LADANG BUKIT MERTAJAM,PETI SURAT 4,  PEJABAT POS KULIM,5.42725,100.60594,PPD KULIM/BANDAR BAHARU,['RENDAH'],could not convert string to float: 'PEJABAT POS KULIM'
KBD6019,SEKOLAH JENIS KEBANGSAAN (TAMIL) LADANG SUNGAI RAYA,JALAN AYER HANGAT, LADANG SUNGAI RAYA,6.365091,99.866413,PPD LANGKAWI,['RENDAH'],could not convert string to float: 'LADANG SUNGAI RAYA'
KBDA140,SEKOLAH JENIS KEBANGSAAN (TAMIL) LADANG BUKIT JENUN,LADANG BUKIT JENUN,KG KILANG BESAR JENUN,5.90403,100.49205,PPD PENDANG,['RENDAH'],could not convert string to float: 'KG KILANG BESAR JENUN'
KBE3043,SEKOLAH KEBANGSAAN TUAN SYED JAN AL-JAFFRI,JLN SG JAGUNG, SG LAYAR,5.659326,100.478639,PPD KUALA MUDA/YAN,['RENDAH'],could not convert string to float: 'SG LAYAR'
KBE4024,SEKOLAH KEBANGSAAN TUNJANG,JALAN KODIANG, MK TUNJANG,6.28614,100.37892,PPD KUBANG PASU,['RENDAH'],could not convert string to float: 'MK TUNJANG'
KBE6005,SEKOLAH KEBANGSAAN KELIBANG,JALAN PADANG MATSIRAT, KUAH,6.32988,99.83805,PPD LANGKAWI,['RENDAH'],could not convert string to float: 'KUAH'
KCA5001,SEKOLAH RENDAH ISLAM NURUL HIDAYAH PENGHULU ELANG,LOT 391,KAMPUNG PAYA TOK BETOK, MUKIM SG ULAR,5.376466,100.5741,"['PPD KULIM/BANDAR BAHARU', 'RENDAH']",could not convert string to float: 'MUKIM SG ULAR'
KCAA001,SEKOLAH RENDAH ISLAM TARBIAH AL-AWLADIAH,KM 30, JALAN KUBUR PANJANG,6.098748,100.556338,PPD PENDANG,['RENDAH'],could not convert string to float: 'JALAN KUBUR PANJANG'
KCT3002,SEKOLAH RENDAH ISLAM AL-IHSANIAH,LOT 701, PEKAN TIKAM BATU,5.58146,100.442161,PPD KUALA MUDA/YAN,['RENDAH'],could not convert string to float: 'PEKAN TIKAM BATU'
KEA0036,SEKOLAH MENENGAH KEBANGSAAN SIONG,KAMPUNG LALANG, JALAN WENG,5.79804,100.90068,PPD BALING,['MENENGAH'],could not convert string to float: 'JALAN WENG'
KEA0070,SEKOLAH KHAS BALING,JALAN BUKIT, CHARUK NAU,5.66779,100.92942,PPD BALING,['MENENGAH'],could not convert string to float: 'CHARUK NAU'
KEA0072,SEKOLAH MENENGAH KEBANGSAAN BONGOR,BATU 48, JALAN WENG,5.708177,100.910207,PPD BALING,['MENENGAH'],could not convert string to float: 'JALAN WENG'
KEA2093,SEKOLAH MENENGAH KEBANGSAAN KEPALA BATAS,KM10, JALAN HUTAN KAMPUNG,6.18611,100.40973,PPD KOTA SETAR,['MENENGAH'],could not convert string to float: 'JALAN HUTAN KAMPUNG'
KEA2094,SEKOLAH MENENGAH KEBANGSAAN SEBERANG PERAK,JALAN TERATAI PUTIH, TAMAN BERJAYA,6.10792,100.35422,PPD KOTA SETAR,['MENENGAH'],could not convert string to float: 'TAMAN BERJAYA'
KEA2096,SEKOLAH MENENGAH KEBANGSAAN DATO'WAN MOHD SAMAN,KM. 7, JALAN SUNGAI PETANI,6.05452,100.37523,PPD KOTA SETAR,['MENENGAH'],could not convert string to float: 'JALAN SUNGAI PETANI'
KEA2097,SEKOLAH MENENGAH KEBANGSAAN KEAT HWA 2,TAMAN SERI ABADI, JALAN KUALA KEDAH,6.10359,100.33777,PPD KOTA SETAR,['MENENGAH'],could not convert string to float: 'JALAN KUALA KEDAH'
KEA2179,SEKOLAH MENENGAH KEBANGSAAN SYED MOHAMED AL-BUKHARY,KOMPLEKS PENDIDIKAN, JALAN STADIUM,6.13737,100.37839,PPD KOTA SETAR,['MENENGAH'],could not convert string to float: 'JALAN STADIUM'
KEA3106,SEKOLAH MENENGAH KEBANGSAAN SUNGAI PASIR,JALAN BATU LINTANG, SUNGAI PASIR,5.613699,100.461995,PPD KUALA MUDA/YAN,['MENENGAH'],could not convert string to float: 'SUNGAI PASIR'
KEA3119,SEKOLAH MENENGAH KEBANGSAAN SUNGAI PASIR KECIL,KM6, JALAN KUALA KETIL,5.62479,100.52188,PPD KUALA MUDA/YAN,['MENENGAH'],could not convert string to float: 'JALAN KUALA KETIL'
KEA3120,SEKOLAH MENENGAH KEBANGSAAN TAMAN RIA,JALAN AYAM DIDIK 1, PAYA NAHU, TAMAN RIA JAYA,5.640767,100.521446,"['PPD KUALA MUDA/YAN', 'MENENGAH']",could not convert string to float: 'TAMAN RIA JAYA'
KEA4058,SEKOLAH MENENGAH KEBANGSAAN CHANGLUN,KM 11, LEBUHRAYA UTARA SELATAN,6.42343,100.43053,PPD KUBANG PASU,['MENENGAH'],could not convert string to float: 'LEBUHRAYA UTARA SELATAN'
KEA4070,SEKOLAH MENENGAH KEBANGSAAN JERLUN,KM 16, JALAN PUTRA,6.215855,100.269624,PPD KUBANG PASU,['MENENGAH'],could not convert string to float: 'JALAN PUTRA'
KEA5075,SEKOLAH MENENGAH KEBANGSAAN TAMAN HITECH,JALAN KTC 5, KULIM HI-TECH PARK,5.407555,100.578108,PPD KULIM/BANDAR BAHARU,['MENENGAH'],could not convert string to float: 'KULIM HI-TECH PARK'
KEA6016,SEKOLAH MENENGAH KEBANGSAAN KEDAWANG,MKM KEDAWANG, LANGKAWI,6.32127,99.73662,PPD LANGKAWI,['MENENGAH'],could not convert string to float: 'LANGKAWI'
KEA7017,SEKOLAH MENENGAH KEBANGSAAN PADANG TERAP,KM11 JALAN PADANG SANAI,PADANG TERAP,6.31321,100.65861,PPD PADANG TERAP,['MENENGAH'],could not convert string to float: 'PADANG TERAP'
KEA7020,SEKOLAH MENENGAH KEBANGSAAN PEDU,MUKIM PEDU, KUALA NERANG,6.22564,100.66018,PPD PADANG TERAP,['MENENGAH'],could not convert string to float: 'KUALA NERANG'
KEA8020,SEKOLAH MENENGAH KEBANGSAAN SERI ENGGANG,BATU LIMA, JALAN BATU LIMA SIK,5.800564,100.685687,PPD SIK,['MENENGAH'],could not convert string to float: 'JALAN BATU LIMA SIK'
KEA9004,SEKOLAH MENENGAH KEBANGSAAN GUAR CHEMPEDAK 2,KM 32, JALAN RAYA ALOR SETAR SUNGAI PETANI,5.864528,100.4571,PPD KUALA MUDA/YAN,['MENENGAH'],could not convert string to float: 'JALAN RAYA ALOR SETAR SUNGAI PETANI'
KEAA091,SEKOLAH MENENGAH KEBANGSAAN TOKAI,BATU 8, JALAN TOKAI, MK BUKIT RAYA,6.03011,100.40519,"['PPD PENDANG', 'MENENGAH']",could not convert string to float: 'MK BUKIT RAYA'
KEAA180,SEKOLAH MENENGAH KEBANGSAAN TANAH MERAH,JALAN PENDANG, PEKAN TANAH MERAH,6.01488,100.48272,PPD PENDANG,['MENENGAH'],could not convert string to float: 'PEKAN TANAH MERAH'
KEAA184,SEKOLAH MENENGAH KEBANGSAAN TOBIAR,KM 26, JALAN KUBOR PANJANG, MUKIM TOBIAR ,6.06161,100.50423,"['PPD PENDANG', 'MENENGAH']",could not convert string to float: 'MUKIM TOBIAR'
KEAB002,SEKOLAH MENENGAH SAINS POKOK SENA,KM25, JALAN KUALA NERANG,6.18007,100.53378,PPD KOTA SETAR,['MENENGAH'],could not convert string to float: 'JALAN KUALA NERANG'
KEAB003,SEKOLAH MENENGAH KEBANGSAAN BUKIT PAYONG,BUKIT PAYONG, JALAN NAKA,6.14545,100.57188,PPD KOTA SETAR,['MENENGAH'],could not convert string to float: 'JALAN NAKA'
KEB2093,SEKOLAH MENENGAH KEBANGSAAN DARULAMAN,KOMPLEKS PENDIDIKAN, JALAN STADIUM,6.13475,100.37849,PPD KOTA SETAR,['MENENGAH'],could not convert string to float: 'JALAN STADIUM'
KEB2099,SEKOLAH MENENGAH KEBANGSAAN TUNKU ABDUL RAHMAN,JALAN PUTRA, MERGONG,6.12617,100.35176,PPD KOTA SETAR,['MENENGAH'],could not convert string to float: 'MERGONG'
KEB2162,SEKOLAH MENENGAH KEBANGSAAN TUNKU SOFIAH,BT 2, JLN LANGGAR,6.12727,100.39005,PPD KOTA SETAR,['MENENGAH'],could not convert string to float: 'JLN LANGGAR'
KEE2160,SEKOLAH MENENGAH KEBANGSAAN SERI GUNONG,KM 10, JALAN GUNUNG KERIANG,6.19242,100.33784,PPD KOTA SETAR,['MENENGAH'],could not convert string to float: 'JALAN GUNUNG KERIANG'
KEE3056,SEKOLAH MENENGAH KEBANGSAAN PEKULA JAYA,LOT 271, SEKSYEN 2,5.583791,100.441315,PPD KUALA MUDA/YAN,['MENENGAH'],could not convert string to float: 'SEKSYEN 2'
KEE4039,SEKOLAH MENENGAH KEBANGSAAN TUNKU BENDAHARA,KM 5, JALAN CHANGLUN,6.40013,100.32883,PPD KUBANG PASU,['MENENGAH'],could not convert string to float: 'JALAN CHANGLUN'
KEE5031,SEKOLAH MENENGAH KEBANGSAAN PADANG SERAI,KG PAYA KETIYU, JALAN KUALA KETIL,5.51117,100.5707,PPD KULIM/BANDAR BAHARU,['MENENGAH'],could not convert string to float: 'JALAN KUALA KETIL'
KEE7017,SEKOLAH MENENGAH KEBANGSAAN DATUK SYED AHMAD,BATU 20, JALAN LANGGAR, KUALA NERANG,6.25137,100.60773,"['PPD PADANG TERAP', 'MENENGAH']",could not convert string to float: 'KUALA NERANG'
KFT0012,SEKOLAH MENENGAH AGAMA (ARAB) ANNAJAH,TITI GANTONG, KG SUNGAI LIMAU,5.667694,100.868488,PPD BALING,['MENENGAH'],could not convert string to float: 'KG SUNGAI LIMAU'
KFT1001,MAKTAB MAHMUD BANDAR BAHARU,BUKIT APENG, LUBUK BUNTAR,5.137194,100.586505,PPD KULIM/BANDAR BAHARU,['MENENGAH'],could not convert string to float: 'LUBUK BUNTAR'
KFT2001,SEKOLAH MENENGAH AGAMA DARRUSAADAH,TITI BESI, KEPALA BATAS,6.2,100.44,PPD KOTA SETAR,['MENENGAH'],could not convert string to float: 'KEPALA BATAS'
KFT2003,SEKOLAH MENENGAH AGAMA IHYA UL-ULUM AD-DINIAH,KM.12, SIMPANG EMPAT,6.02,100.38,PPD KOTA SETAR,['MENENGAH'],could not convert string to float: 'SIMPANG EMPAT'
KFT3001,SEKOLAH MENENGAH AGAMA NAHDZAH,BATU 12, BUKIT BESAR, KOTA SARANG SEMUT,5.952538,100.408841,"['PPD KUALA MUDA/YAN', 'MENENGAH']",could not convert string to float: 'KOTA SARANG SEMUT'
KFT3004,SEKOLAH MENENGAH AKADEMI ISLAM DARUL AMAN,KAMPUNG SINTOK, BUGIS,5.606705,100.362186,PPD KUALA MUDA/YAN,['MENENGAH'],could not convert string to float: 'BUGIS'
KFT4001,SEKOLAH MENENGAH AGAMA HIDAYAH ISLAMIAH,BT. 10, ALOR BIAK,6.2367,100.31778,PPD KUBANG PASU,['MENENGAH'],could not convert string to float: 'ALOR BIAK'
KFT7001,SMA DARIL IKTISAM,BATU 28 1/4, JALAN PADANG SANAI, KUALA NERANG,6.32375,100.67293,"['PPD PADANG TERAP', 'MENENGAH']",could not convert string to float: 'KUALA NERANG'
KFT7004,MAKTAB MAHMUD PADANG TERAP,KM42, JALAN PADANG SANAI,6.29495,100.651475,PPD PADANG TERAP,['MENENGAH'],could not convert string to float: 'JALAN PADANG SANAI'
KFT8003,SEKOLAH MENENGAH AGAMA IRSYADIAH,KG. PONDOK AMPANG, JENERI,5.898641,100.665708,PPD SIK,['MENENGAH'],could not convert string to float: 'JENERI'
KFTA001,MA'AHAD AL IMAM AL SYAFIE,KM 9 JALAN SUNGAI TIANG, SAWA KECHIL,5.960327,100.545801,PPD PENDANG,['MENENGAH'],could not convert string to float: 'SAWA KECHIL'
KFTA002,MAKTAB MAHMUD PENDANG,KAMPUNG PENYARUM, MUKIM TOBIAR,6.056431,100.503674,PPD PENDANG,['MENENGAH'],could not convert string to float: 'MUKIM TOBIAR'
KHA3003,KOLEJ VOKASIONAL SUNGAI PETANI 1,LOT 82, KG. SG. TUKANG,5.679881,100.514397,PPD KUALA MUDA/YAN,['MENENGAH'],could not convert string to float: 'KG. SG. TUKANG'
KHA3004,KOLEJ VOKASIONAL SUNGAI PETANI 2,LOT 82, KG. SG. TUKANG,5.679149,100.511402,PPD KUALA MUDA/YAN,['MENENGAH'],could not convert string to float: 'KG. SG. TUKANG'
KRA0001,SEKOLAH MENENGAH KEBANGSAAN AGAMA BALING,BATU 42, JALAN BALING,5.6545,100.87294,PPD BALING,['MENENGAH'],could not convert string to float: 'JALAN BALING'
MBA0007,SEKOLAH KEBANGSAAN AYER LIMAU,BT 19 1/2, KAMPUNG AYER LIMAU,2.373471,102.113218,PPD ALOR GAJAH,['RENDAH'],could not convert string to float: 'KAMPUNG AYER LIMAU'
MBA0034,SEKOLAH KEBANGSAAN RUMBIA,KM 14, LEBUH AMJ-RUMBIA,2.317455604,102.215764,PPD ALOR GAJAH,['RENDAH'],could not convert string to float: 'LEBUH AMJ-RUMBIA'
MBA0037,SEKOLAH KEBANGSAAN TEBONG,KM. 37, JALAN KUALA SUNGGA, TEBONG,2.45287,102.34,"['PPD ALOR GAJAH', 'RENDAH']",could not convert string to float: 'TEBONG'
MBA1003,SEKOLAH KEBANGSAAN SELANDAR,BT 21, JALAN JASIN,2.375883,102.371532,PPD JASIN,['RENDAH'],could not convert string to float: 'JALAN JASIN'
MBA1005,SEKOLAH KEBANGSAAN JUS,BATU 24, KAMPUNG JUS,2.427096,102.417876,PPD JASIN,['RENDAH'],could not convert string to float: 'KAMPUNG JUS'
MBA1014,SEKOLAH KEBANGSAAN TERENTANG,KM. 34, JALAN CHINCHIN,2.288864,102.459885,PPD JASIN,['RENDAH'],could not convert string to float: 'JALAN CHINCHIN'
MBA1015,SEKOLAH KEBANGSAAN SERI BEMBAN,KM 22,BEMBAN,2.270111,102.374681,PPD JASIN,['RENDAH'],could not convert string to float: 'BEMBAN'
MBA1016,SEKOLAH KEBANGSAAN TEHEL,KM.16, BEMBAN,2.239948,102.341425,PPD JASIN,['RENDAH'],could not convert string to float: 'BEMBAN'
MBA1018,SEKOLAH KEBANGSAAN PULAI,KM 16,  KAMPUNG  PULAI,2.1441,102.369,PPD JASIN,['RENDAH'],could not convert string to float: 'KAMPUNG  PULAI'
MBA1019,SEKOLAH KEBANGSAAN SERKAM,KM18, JALAN SERKAM PANTAI,2.13844,102.382072,PPD JASIN,['RENDAH'],could not convert string to float: 'JALAN SERKAM PANTAI'
MBA1021,SEKOLAH KEBANGSAAN SEMPANG,KM21 JALAN MELAKA-MUAR, KG.SEMPANG,2.14552,102.407321,PPD JASIN,['RENDAH'],could not convert string to float: 'KG.SEMPANG'
MBA1022,SEKOLAH KEBANGSAAN MERLIMAU,KM 24, JALAN MUAR LAMA,2.13921,102.425,PPD JASIN,['RENDAH'],could not convert string to float: 'JALAN MUAR LAMA'
MBA1023,SEKOLAH KEBANGSAAN SEBATU,KM 29, KG SEBATU,2.124154,102.468913,PPD JASIN,['RENDAH'],could not convert string to float: 'KG SEBATU'
MBA1025,SEKOLAH KEBANGSAAN BATU GAJAH,KM 28, BATU GAJAH PASIR,2.154202,102.475158,PPD JASIN,['RENDAH'],could not convert string to float: 'BATU GAJAH PASIR'
MBA1071,SEKOLAH KEBANGSAAN PARIT GANTONG,KM 35, JALAN PARIT PERAWAS,2.14759,102.516,PPD JASIN,['RENDAH'],could not convert string to float: 'JALAN PARIT PERAWAS'
MBA1075,SEKOLAH KEBANGSAAN (FELDA) BKT SENGGEH,JALAN SEKOLAH, FELDA BUKIT SENGGEH,2.38501,102.468,PPD JASIN,['RENDAH'],could not convert string to float: 'FELDA BUKIT SENGGEH'
MBA1077,SEKOLAH KEBANGSAAN DATUK HJ BAGINDA,KM 14, KAMPUNG UMBAI,2.153823,102.350187,PPD JASIN,['RENDAH'],could not convert string to float: 'KAMPUNG UMBAI'
MBA2003,SEKOLAH KEBANGSAAN PADANG TEMU,KM.4.4,PADANG TEMU,2.185037,102.283534,PPD MELAKA TENGAH,['RENDAH'],could not convert string to float: 'PADANG TEMU'
MBA2006,SEKOLAH KEBANGSAAN BUKIT LINTANG,KM 11, BUKIT LINTANG,2.19879,102.329,PPD MELAKA TENGAH,['RENDAH'],could not convert string to float: 'BUKIT LINTANG'
MBA2007,SEKOLAH KEBANGSAAN PAYA DALAM,KM. 14.5, KG. PAYA DALAM,2.193748,102.350378,PPD MELAKA TENGAH,['RENDAH'],could not convert string to float: 'KG. PAYA DALAM'
MBA2009,SEKOLAH KEBANGSAAN TAMBAK PAYA,KM. 13,  TAMBAK PAYA,2.218009,102.336541,PPD MELAKA TENGAH,['RENDAH'],could not convert string to float: 'TAMBAK PAYA'
MBA2010,SEKOLAH KEBANGSAAN AYER MOLEK,KM 10 , AYER MOLEK,2.2049,102.316,PPD MELAKA TENGAH,['RENDAH'],could not convert string to float: 'AYER MOLEK'
MBA2012,SEKOLAH KEBANGSAAN DATO DEMANG HUSSIN,KM. 9, BUKIT KATIL,2.226537,102.29969,PPD MELAKA TENGAH,['RENDAH'],could not convert string to float: 'BUKIT KATIL'
MBA2013,SEKOLAH KEBANGSAAN BUKIT BERUANG,KM 7.2, BUKIT BERUANG,2.24012,102.279,PPD MELAKA TENGAH,['RENDAH'],could not convert string to float: 'BUKIT BERUANG'
MBA2014,SEKOLAH KEBANGSAAN BUKIT BARU,KM. 5, BUKIT BARU,2.2115,102.276,PPD MELAKA TENGAH,['RENDAH'],could not convert string to float: 'BUKIT BARU'
MBA2015,SEKOLAH KEBANGSAAN PERINGGIT,KM 4,JALAN PANTAI PERINGGIT,2.219005,102.2557,PPD MELAKA TENGAH,['RENDAH'],could not convert string to float: 'JALAN PANTAI PERINGGIT'
MBA2021,SEKOLAH KEBANGSAAN LIMBONGAN,KM 4,LIMBONGAN,2.207937,102.220811,PPD MELAKA TENGAH,['RENDAH'],could not convert string to float: 'LIMBONGAN'
MBA2022,SEKOLAH KEBANGSAAN KELEBANG BESAR,KM 6.4, JALAN PULAU GADONG,2.222568,102.204897,PPD MELAKA TENGAH,['RENDAH'],could not convert string to float: 'JALAN PULAU GADONG'
MBA2025,SEKOLAH KEBANGSAAN KAMPONG GELAM,KM 13, TANJONG KLING,2.23717,102.16,PPD MELAKA TENGAH,['RENDAH'],could not convert string to float: 'TANJONG KLING'
MBA2027,SEKOLAH KEBANGSAAN SUNGAI UDANG,BATU 11 1/2, SUNGAI UDANG,2.27677,102.139,PPD MELAKA TENGAH,['RENDAH'],could not convert string to float: 'SUNGAI UDANG'
MBA2028,SEKOLAH KEBANGSAAN PANTAI KUNDOR,KM16, PANTAI KUNDOR, TANJONG KLING,2.25287,102.139,"['PPD MELAKA TENGAH', 'RENDAH']",could not convert string to float: 'TANJONG KLING'
MBA2033,SEKOLAH KEBANGSAAN ALAI,KM 8, ALAI,2.177109,102.308065,PPD MELAKA TENGAH,['RENDAH'],could not convert string to float: 'ALAI'
MBA2034,SEKOLAH KEBANGSAAN TELOK MAS,KM 10, KAMPUNG TELOK MAS,2.16455,102.322,PPD MELAKA TENGAH,['RENDAH'],could not convert string to float: 'KAMPUNG TELOK MAS'
MBA2035,SEKOLAH KEBANGSAAN PERNU,KM.12, KG PERNU,2.160395,102.331705,PPD MELAKA TENGAH,['RENDAH'],could not convert string to float: 'KG PERNU'
MBA2043,SEKOLAH KEBANGSAAN MALIM,KM6 JALAN MALIM, BERTAM MALIM,2.250537,102.223883,PPD MELAKA TENGAH,['RENDAH'],could not convert string to float: 'BERTAM MALIM'
MBA2046,SEKOLAH KEBANGSAAN TUN SYED AHMAD SHAHABUDIN,HANG TUAH JAYA, AYER KEROH,2.27669,102.28,PPD MELAKA TENGAH,['RENDAH'],could not convert string to float: 'AYER KEROH'
MBA2048,SEKOLAH KEBANGSAAN TANJUNG MINYAK 2,JLN. TMU1, TAMAN TANJUNG MINYAK UTAMA, TANJUNG MINYAK,2.267689,102.19368,"['PPD MELAKA TENGAH', 'RENDAH']",could not convert string to float: 'TANJUNG MINYAK'
MBA2049,SEKOLAH KEBANGSAAN TAMAN MERDEKA,TAMAN MERDEKA, BATU BERENDAM,2.260335,102.244663,PPD MELAKA TENGAH,['RENDAH'],could not convert string to float: 'BATU BERENDAM'
MBB0044,SEKOLAH KEBANGSAAN SRI LAKSAMANA,JALAN SRI LAKSAMANA, MASJID TANAH,2.347388732,102.1010299,PPD ALOR GAJAH,['RENDAH'],could not convert string to float: 'MASJID TANAH'
MBB1074,SEKOLAH KEBANGSAAN MERLIMAU DUA,KM 26,JALAN  JASIN,2.161556,102.430276,PPD JASIN,['RENDAH'],could not convert string to float: 'JALAN  JASIN'
MBB2047,SEKOLAH KEBANGSAAN ST FRANCIS,55,JALAN CHAN KOON CHENG,2.192536,102.253757,PPD MELAKA TENGAH,['RENDAH'],could not convert string to float: 'JALAN CHAN KOON CHENG'
MBB2048,SEKOLAH KEBANGSAAN CONVENT OF THE INFANT JESUS 1,144, JALAN PARAMESWARA,2.189179,102.256363,PPD MELAKA TENGAH,['RENDAH'],could not convert string to float: 'JALAN PARAMESWARA'
MBB2049,SEKOLAH KEBANGSAAN CONVENT OF THE INFANT JESUS (2),144, JLN. PARAMESWARA,2.18845,102.255834,PPD MELAKA TENGAH,['RENDAH'],could not convert string to float: 'JLN. PARAMESWARA'
MBC1032,SEKOLAH JENIS KEBANGSAAN (CINA) KUANG HWA,BATU 9, UMBAI,2.14939,102.36,PPD JASIN,['RENDAH'],could not convert string to float: 'UMBAI'
MBC1039,SEKOLAH JENIS KEBANGSAAN (CINA) JASIN LALANG,BT 15  , AIR MERBAU,2.276537,102.398259,PPD JASIN,['RENDAH'],could not convert string to float: 'AIR MERBAU'
MBC1043,SEKOLAH JENIS KEBANGSAAN (CINA) PAY CHUIN,BT 21 BUKIT KATONG, RIM,2.317025,102.456225,PPD JASIN,['RENDAH'],could not convert string to float: 'RIM'
MBC1049,SEKOLAH JENIS KEBANGSAAN (CINA) SHUH YEN,TEHEL, BEMBAN,2.23284,102.349,PPD JASIN,['RENDAH'],could not convert string to float: 'BEMBAN'
MBC1051,SEKOLAH JENIS KEBANGSAAN (CINA) KEMENDOR,FELDA KEMENDOR, KEMENDOR,2.352794,102.410619,PPD JASIN,['RENDAH'],could not convert string to float: 'KEMENDOR'
MBC2053,SEKOLAH JENIS KEBANGSAAN (CINA) PAY FONG 1,LOT 9245 JALAN KJ2, TAMAN KRUBONG JAYA,2.29741,102.245281,PPD MELAKA TENGAH,['RENDAH'],could not convert string to float: 'TAMAN KRUBONG JAYA'
MBC2054,SEKOLAH JENIS KEBANGSAAN (CINA) PAY FONG 2,225,JLN PARAMESWARA,2.19083,102.25964,PPD MELAKA TENGAH,['RENDAH'],could not convert string to float: 'JLN PARAMESWARA'
MBC2055,SEKOLAH JENIS KEBANGSAAN (CINA) PAY FONG 3,NO. 60, JALAN PUTERI HANG LI POH,2.19658,102.256,PPD MELAKA TENGAH,['RENDAH'],could not convert string to float: 'JALAN PUTERI HANG LI POH'
MBC2056,SEKOLAH JENIS KEBANGSAAN (CINA) PAY TECK,45,KG TIGA,2.199277,102.246175,PPD MELAKA TENGAH,['RENDAH'],could not convert string to float: 'KG TIGA'
MBC2057,SEKOLAH JENIS KEBANGSAAN (CINA) PING MING,78,JLN TUN SRI LANANG,2.206265,102.253357,PPD MELAKA TENGAH,['RENDAH'],could not convert string to float: 'JLN TUN SRI LANANG'
MBC2061,SEKOLAH JENIS KEBANGSAAN (CINA) KATHOLIK,251, JLN GAJAH BERANG,2.206713,102.242405,PPD MELAKA TENGAH,['RENDAH'],could not convert string to float: 'JLN GAJAH BERANG'
MBC2062,SEKOLAH JENIS KEBANGSAAN (CINA) SIANG LIN,67,JALAN DURIAN DAUN,2.204977,102.257272,PPD MELAKA TENGAH,['RENDAH'],could not convert string to float: 'JALAN DURIAN DAUN'
MBC2064,SEKOLAH JENIS KEBANGSAAN (CINA) EK TE,KM12 , LEREH ,TANJONG KLING,2.222344,102.174258,"['PPD MELAKA TENGAH', 'RENDAH']",could not convert string to float: 'TANJONG KLING'
MBC2066,SEKOLAH JENIS KEBANGSAAN (CINA) YU YING,JLN BKT GODEK, SEMABOK,2.202914,102.282231,PPD MELAKA TENGAH,['RENDAH'],could not convert string to float: 'SEMABOK'
MBC2070,SEKOLAH JENIS KEBANGSAAN (CINA) POH LAN,TANGGA BATU, TANJONG KLING,2.24889,102.155,PPD MELAKA TENGAH,['RENDAH'],could not convert string to float: 'TANJONG KLING'
MBC2076,SEKOLAH JENIS KEBANGSAAN (CINA) CHENG,JALAN CHENG, CHENG,2.26383,102.216,PPD MELAKA TENGAH,['RENDAH'],could not convert string to float: 'CHENG'
MBC2077,SEKOLAH JENIS KEBANGSAAN (CINA) AYER KEROH,JALAN LAMA AYER KEROH, KAMPUNG BARU AYER KEROH,2.26474,102.284,PPD MELAKA TENGAH,['RENDAH'],could not convert string to float: 'KAMPUNG BARU AYER KEROH'
MBC2081,SEKOLAH JENIS KEBANGSAAN (CINA) MALIM,BT.3  3/4,  JALAN MALIM,2.23777,102.225,PPD MELAKA TENGAH,['RENDAH'],could not convert string to float: 'JALAN MALIM'
MBC2082,SEKOLAH JENIS KEBANGSAAN (CINA) YU HWA,KM4, JALAN BACHANG,2.22616,102.24154,PPD MELAKA TENGAH,['RENDAH'],could not convert string to float: 'JALAN BACHANG'
MBD0063,SEKOLAH JENIS KEBANGSAAN (TAMIL) RUMBIA,BATU 10, RUMBIA,2.324157,102.205073,PPD ALOR GAJAH,['RENDAH'],could not convert string to float: 'RUMBIA'
MBD2084,SEKOLAH JENIS KEBANGSAAN (TAMIL) BUKIT LINTANG,KM 13, JALAN TAMBAK PAYA, AYER MOLEK,2.216028,102.338307,"['PPD MELAKA TENGAH', 'RENDAH']",could not convert string to float: 'AYER MOLEK'
MBD2085,SEKOLAH JENIS KEBANGSAAN (TAMIL) PAYA RUMPUT,KM 13, PAYA RUMPUT,2.293842,102.215574,PPD MELAKA TENGAH,['RENDAH'],could not convert string to float: 'PAYA RUMPUT'
MCT0001,SEKOLAH RENDAH ARAB (JAIM) AL-FALAH,BATU 28, KUALA SG. BARU,2.36222943,102.0234219,PPD ALOR GAJAH,['RENDAH'],could not convert string to float: 'KUALA SG. BARU'
MCT0002,SEKOLAH RENDAH ARAB JAIM JELATANG,JALAN SUTERA 11, TAMAN SUTERA ,2.371585,102.216101,PPD ALOR GAJAH,['RENDAH'],could not convert string to float: 'TAMAN SUTERA'
MCT1002,SEKOLAH RENDAH ARAB MERLIMAU PASIR,KM 26, JALAN BATU GAJAH,2.14837,102.446,PPD JASIN,['RENDAH'],could not convert string to float: 'JALAN BATU GAJAH'
MCT2001,SEKOLAH RENDAH ARAB JAIM PERNU,KM12, KAMPUNG PERNU,2.162149,102.33183,PPD MELAKA TENGAH,['RENDAH'],could not convert string to float: 'KAMPUNG PERNU'
MCT2002,SEKOLAH RENDAH ARAB BATANG TIGA TIMUR,KM 8 , JALAN BUKIT RAMBAI,2.226938,102.18688,PPD MELAKA TENGAH,['RENDAH'],could not convert string to float: 'JALAN BUKIT RAMBAI'
MCT2003,SEKOLAH RENDAH ARAB JAIM TUN RAZAK,LOT 1679, JALAN WAKAF UTAMA 7, KG TUN RAZAK, BUKIT KATIL,2.247473,"['102.308375', 'PPD MELAKA TENGAH', 'RENDAH']",could not convert string to float: 'KG TUN RAZAK'
MEA0101,SEKOLAH MENENGAH KEBANGSAAN DURIAN TUNGGAL,JLN BUKIT BALAI,  DURIAN TUNGGAL,2.307311284,102.2777854,PPD ALOR GAJAH,['MENENGAH'],could not convert string to float: 'DURIAN TUNGGAL'
MEA1072,SEKOLAH MENENGAH KEBANGSAAN SRI MAHKOTA,KM16, UMBAI,2.146799,102.36572,PPD JASIN,['MENENGAH'],could not convert string to float: 'UMBAI'
MEA1079,SEKOLAH MENENGAH KEBANGSAAN NYALAS,JALAN MELANGKAN, NYALAS,2.432072,102.466451,PPD JASIN,['MENENGAH'],could not convert string to float: 'NYALAS'
MEA2086,SEKOLAH MENENGAH KEBANGSAAN TUN TIJAH,LORONG TUN FATIMAH, DURIAN DAUN,2.20981,102.258,PPD MELAKA TENGAH,['MENENGAH'],could not convert string to float: 'DURIAN DAUN'
MEA2091,SEKOLAH MENENGAH KEBANGSAAN AIR MOLEK,KM 11, JALAN BUKIT LINTANG,2.197217,102.32968,PPD MELAKA TENGAH,['MENENGAH'],could not convert string to float: 'JALAN BUKIT LINTANG'
MEA2093,SEKOLAH MENENGAH KEBANGSAAN BUKIT BARU,JLN. ISTANA, BUKIT BARU,2.24051,102.286,PPD MELAKA TENGAH,['MENENGAH'],could not convert string to float: 'BUKIT BARU'
MEA2094,SEKOLAH MENENGAH KEBANGSAAN TUN HAJI ABD MALEK,KM 10, CHENG,2.26638,102.213,PPD MELAKA TENGAH,['MENENGAH'],could not convert string to float: 'CHENG'
MEA2095,SEKOLAH MENENGAH KEBANGSAAN BUKIT KATIL,KM 9, JALAN TUN KUDU, BUKIT KATIL ,2.2284,102.309,"['PPD MELAKA TENGAH', 'MENENGAH']",could not convert string to float: 'BUKIT KATIL'
MEA2096,SEKOLAH MENENGAH KEBANGSAAN MALIM,KM 6, JALAN MALIM, MALIM,2.251644,102.224545,"['PPD MELAKA TENGAH', 'MENENGAH']",could not convert string to float: 'MALIM'
MEA2097,SEKOLAH MENENGAH KEBANGSAAN PADANG TEMU,KM.5, PADANG TEMU,2.187595,102.284842,PPD MELAKA TENGAH,['MENENGAH'],could not convert string to float: 'PADANG TEMU'
MEB2092,SEKOLAH MENENGAH KEBANGSAAN TINGGI PEREMPUAN,LORONG TUN FATIMAH, JALAN DURIAN DAUN,2.207757,102.257287,PPD MELAKA TENGAH,['MENENGAH'],could not convert string to float: 'JALAN DURIAN DAUN'
MEB2093,SEKOLAH MENENGAH KEBANGSAAN TINGGI ST DAVID,JLN. TANJUNG , BUKIT BARU,2.22106,102.276,PPD MELAKA TENGAH,['MENENGAH'],could not convert string to float: 'BUKIT BARU'
MEB2095,SEKOLAH MENENGAH KEBANGSAAN PEREMPUAN METHODIST,440-B, JALAN TENGKERA,2.205099,102.234276,PPD MELAKA TENGAH,['MENENGAH'],could not convert string to float: 'JALAN TENGKERA'
MEB2097,SEKOLAH MENENGAH KEBANGSAAN INFANT JESUS CONVENT,141, JALAN PARAMESWARA,2.18957,102.257,PPD MELAKA TENGAH,['MENENGAH'],could not convert string to float: 'JALAN PARAMESWARA'
MEB2098,SEKOLAH MENENGAH KEBANGSAAN CANOSSA CONVENT ( M ),KG PORTUGIS,  JALAN UJONG PASIR,2.18329,102.268,PPD MELAKA TENGAH,['MENENGAH'],could not convert string to float: 'JALAN UJONG PASIR'
MEB2100,SEKOLAH MENENGAH KEBANGSAAN NOTRE DAME CONVENT,265,JLN GAJAH BERANG,2.20751,102.242,PPD MELAKA TENGAH,['MENENGAH'],could not convert string to float: 'JLN GAJAH BERANG'
MEB2101,SEKOLAH MENENGAH KEBANGSAAN YOK BIN,19-21,JLN. AIR LELEH,2.19683,102.264,PPD MELAKA TENGAH,['MENENGAH'],could not convert string to float: 'JLN. AIR LELEH'
MEB2102,SEKOLAH MENENGAH KEBANGSAAN TUN TUAH,KAMPUNG LAPAN, BACHANG,2.211986,102.236496,PPD MELAKA TENGAH,['MENENGAH'],could not convert string to float: 'BACHANG'
MFT0001,SEKOLAH MENENGAH AGAMA AL-EHYA AL-KARIM,JALAN SEKOLAH, KM 36 KAMPUNG TANJUNG BIDARA,2.304433142,102.080115,PPD ALOR GAJAH,['MENENGAH'],could not convert string to float: 'KM 36 KAMPUNG TANJUNG BIDARA'
MFT0002,SMA JAIM AL-ASYRAF,BUKIT MERCHAT, JLN TANJUNG RIMAU LUAR,2.437107164,102.2411603,PPD ALOR GAJAH,['MENENGAH'],could not convert string to float: 'JLN TANJUNG RIMAU LUAR'
MFT0003,SEKOLAH MENENGAH ARAB (JAIM) DARUL FALAH,KM 43, KUALA SUNGAI BARU,2.363466,102.024072,PPD ALOR GAJAH,['MENENGAH'],could not convert string to float: 'KUALA SUNGAI BARU'
MFT1001,SEKOLAH MENENGAH ARAB ASSAIYIDAH KHADIJAH,KM 18, KG SERKAM DARAT,2.15001,102.388666,PPD JASIN,['MENENGAH'],could not convert string to float: 'KG SERKAM DARAT'
MFT2001,SEKOLAH MENENGAH AGAMA JAIM AL AHMADI,KM 18, PAYA RUMPUT JAYA, SUNGAI UDANG,2.28248,102.144,"['PPD MELAKA TENGAH', 'MENENGAH']",could not convert string to float: 'SUNGAI UDANG'
MRA2125,SEKOLAH MENENGAH KEBANGSAAN AGAMA SULTAN MUHAMMAD,JALAN PENGKALAN BATU, BATU BERENDAM,2.23405,102.263,PPD MELAKA TENGAH,['MENENGAH'],could not convert string to float: 'BATU BERENDAM'
NBA0002,SEKOLAH KEBANGSAAN AMAR PENGHULU,BATU 18 1/2, KG ULU KLAWANG, JALAN KUALA KLAWANG SEREMBAN,2.89519,102.03,"['PPD JEMPOL/JELEBU', 'RENDAH']",could not convert string to float: 'JALAN KUALA KLAWANG SEREMBAN'
NBA0007,SEKOLAH KEBANGSAAN KAMPAI,BT. 3, KAMPUNG KAMPAI,2.95908,102.108,PPD JEMPOL/JELEBU,['RENDAH'],could not convert string to float: 'KAMPUNG KAMPAI'
NBA0009,SEKOLAH KEBANGSAAN GELANG TERUSAN,LOT 910 , KM 4 , JLN. KG. GEYLANG, PERTANG,2.94148,"['102.212765', 'PPD JEMPOL/JELEBU', 'RENDAH']",could not convert string to float: 'JLN. KG. GEYLANG'
NBA1002,SEKOLAH KEBANGSAAN YAMTUAN HITAM,BATU 16 1/2, JALAN SEREMBAN,2.744051,102.138823,PPD KUALA PILAH,['RENDAH'],could not convert string to float: 'JALAN SEREMBAN'
NBA1005,SEKOLAH KEBANGSAAN AMPANG TINGGI,BATU 22, JALAN SEREMBAN LAMA,2.73834,102.212,PPD KUALA PILAH,['RENDAH'],could not convert string to float: 'JALAN SEREMBAN LAMA'
NBA1012,SEKOLAH KEBANGSAAN SENALING,KM 6, JALAN TAMPIN KUALA-PILAH,2.70589,102.254,PPD KUALA PILAH,['RENDAH'],could not convert string to float: 'JALAN TAMPIN KUALA-PILAH'
NBA1013,SEKOLAH KEBANGSAAN SUNGAI DUA,BATU 2 1/2, KAMPUNG SUNGAI DUA,2.762835,102.271535,PPD KUALA PILAH,['RENDAH'],could not convert string to float: 'KAMPUNG SUNGAI DUA'
NBA1017,SEKOLAH KEBANGSAAN INAS,KM 8,   KAMPUNG INAS,2.62321,102.245,PPD KUALA PILAH,['RENDAH'],could not convert string to float: 'KAMPUNG INAS'
NBA1023,SEKOLAH KEBANGSAAN KUALA KEPIS,LOT 49B, KAMPUNG KUALA KEPIS,2.779466,102.33601,PPD KUALA PILAH,['RENDAH'],could not convert string to float: 'KAMPUNG KUALA KEPIS'
NBA1024,SEKOLAH KEBANGSAAN PELANGAI,BATU 27 3/4 JLN BAHAU, KG PELANGAI,2.770847,102.262272,PPD KUALA PILAH,['RENDAH'],could not convert string to float: 'KG PELANGAI'
NBA1025,SEKOLAH KEBANGSAAN PUSAT JUASSEH,KM 10, JALAN KUALA PILAH - BAHAU,2.7833,102.299,PPD KUALA PILAH,['RENDAH'],could not convert string to float: 'JALAN KUALA PILAH - BAHAU'
NBA1110,SEKOLAH KEBANGSAAN (FELDA) KEPIS,FELDA KEPIS, BATU 9, JALAN BAHAU-TAMPIN,2.73975,102.346,"['PPD KUALA PILAH', 'RENDAH']",could not convert string to float: 'JALAN BAHAU-TAMPIN'
NBA2001,SEKOLAH KEBANGSAAN KAMPONG GELAM,KM 1, JALAN SEREMBAN,2.5344,101.796,PPD PORT DICKSON,['RENDAH'],could not convert string to float: 'JALAN SEREMBAN'
NBA2004,SEKOLAH KEBANGSAAN SUNGALA,KEM SUNGGALA,2 ARMOR DI-RAJA,SI RUSA,2.497981,101.860369,"['PPD PORT DICKSON', 'RENDAH']",could not convert string to float: 'SI RUSA'
NBA2006,SEKOLAH KEBANGSAAN CHUAH,KM 25, JALAN PORT DICKSON - SUNGAI NIPAH,2.605467,101.765361,PPD PORT DICKSON,['RENDAH'],could not convert string to float: 'JALAN PORT DICKSON - SUNGAI NIPAH'
NBA2010,SEKOLAH KEBANGSAAN PASIR PANJANG,JALAN BESAR,PASIR PANJANG,2.426369,101.929603,PPD PORT DICKSON,['RENDAH'],could not convert string to float: 'PASIR PANJANG'
NBA2012,SEKOLAH KEBANGSAAN PERMATANG PASIR,KM.45 JLN. LINGGI, KG. PERMATANG PASIR,2.464389,102.018,PPD PORT DICKSON,['RENDAH'],could not convert string to float: 'KG. PERMATANG PASIR'
NBA2016,SEKOLAH KEBANGSAAN INTAN PERDANA,BATU 9, JALAN PANTAI,2.448776,101.874051,PPD PORT DICKSON,['RENDAH'],could not convert string to float: 'JALAN PANTAI'
NBA3001,SEKOLAH KEBANGSAAN PEDAS,BATU 2, JLN KUNDOR,2.595058,102.048467,PPD REMBAU,['RENDAH'],could not convert string to float: 'JLN KUNDOR'
NBA3003,SEKOLAH KEBANGSAAN SEPRI,JALAN KG. AIR SEKAPAS, SEPRI,2.62595,102.089,PPD REMBAU,['RENDAH'],could not convert string to float: 'SEPRI'
NBA3006,SEKOLAH KEBANGSAAN KAYU ARA,KM 13, KAMPUNG RENDAH,2.606042,102.086312,PPD REMBAU,['RENDAH'],could not convert string to float: 'KAMPUNG RENDAH'
NBA3010,SEKOLAH KEBANGSAAN SALAK NAMA,KM 30, JLN SEREMBAN-TAMPIN, REMBAU,2.578347,102.119773,"['PPD REMBAU', 'RENDAH']",could not convert string to float: 'REMBAU'
NBA3011,SEKOLAH KEBANGSAAN BONGEK,KM31, JALAN TAMPIN,2.56351,102.128,PPD REMBAU,['RENDAH'],could not convert string to float: 'JALAN TAMPIN'
NBA3013,SEKOLAH KEBANGSAAN PILIN,KG PILIN, JLN LUBOK CHINA,2.5256,102.064199,PPD REMBAU,['RENDAH'],could not convert string to float: 'JLN LUBOK CHINA'
NBA3014,SEKOLAH KEBANGSAAN TUN HAJI ABDUL MALEK,KG PENAJIS TENGAH, PENAJIS,2.531108,102.117931,PPD REMBAU,['RENDAH'],could not convert string to float: 'PENAJIS'
NBA4004,SEKOLAH KEBANGSAAN SUNGAI JAI,KAMPUNG SUNGAI JAI,LENGGENG,2.870031,101.889078,PPD SEREMBAN,['RENDAH'],could not convert string to float: 'LENGGENG'
NBA4021,SEKOLAH KEBANGSAAN AMPANGAN,KM 4 JLN KUALA PILAH, AMPANGAN,2.725761111,101.9676056,PPD SEREMBAN,['RENDAH'],could not convert string to float: 'AMPANGAN'
NBA4027,SEKOLAH KEBANGSAAN SEGA,KAMPUNG SEGA, RANTAU,2.611371,101.934224,PPD SEREMBAN,['RENDAH'],could not convert string to float: 'RANTAU'
NBA4033,SEKOLAH KEBANGSAAN TAMAN PAROI JAYA,JALAN PERSIARAN MERAK, TAMAN PAROI JAYA,2.72706,101.99,PPD SEREMBAN,['RENDAH'],could not convert string to float: 'TAMAN PAROI JAYA'
NBA4034,SEKOLAH KEBANGSAAN TAMAN RASAH JAYA,JALAN RASAH JAYA 1/1, TAMAN RASAH JAYA,2.678191667,101.9447556,PPD SEREMBAN,['RENDAH'],could not convert string to float: 'TAMAN RASAH JAYA'
NBA4045,SEKOLAH KEBANGSAAN TAMAN TUANKU JAAFAR 2,TAMAN TUANKU JAAFAR ,SG GADUT ,SEREMBAN,2.66292,101.997,"['PPD SEREMBAN', 'RENDAH']",could not convert string to float: 'SEREMBAN'
NBA4055,SEKOLAH KEBANGSAAN BANDAR ENSTEK,LOT PT33903, BANDAR BARU ENSTEK,2.751946,101.765977,PPD SEREMBAN,['RENDAH'],could not convert string to float: 'BANDAR BARU ENSTEK'
NBA5002,SEKOLAH KEBANGSAAN TUNKU SYED SYAABAN,KM. 16, JALAN TAMPIN GEMAS,2.48413,102.328,PPD TAMPIN,['RENDAH'],could not convert string to float: 'JALAN TAMPIN GEMAS'
NBA5003,SEKOLAH KEBANGSAAN KERU,BATU  7, JALAN GEMAS,2.4914,102.295,PPD TAMPIN,['RENDAH'],could not convert string to float: 'JALAN GEMAS'
NBA5016,SEKOLAH KEBANGSAAN (FELDA) BUKIT JALOR,JALAN MUHIBAH, FELDA BUKIT JALOR,2.51139,102.538,PPD TAMPIN,['RENDAH'],could not convert string to float: 'FELDA BUKIT JALOR'
NBA6002,SEKOLAH KEBANGSAAN SERTING ULU,BATU 40, JALAN PAHANG,2.90752,102.303,PPD JEMPOL/JELEBU,['RENDAH'],could not convert string to float: 'JALAN PAHANG'
NBA6003,SEKOLAH KEBANGSAAN SERTING ILIR,KAMPUNG SERTING ILIR, BATU KIKIR,2.822935,102.346114,PPD JEMPOL/JELEBU,['RENDAH'],could not convert string to float: 'BATU KIKIR'
NBA6007,SEKOLAH KEBANGSAAN SUNGAI LUI,KM 40, FELDA SUNGAI LUI,3.08401,102.363,PPD JEMPOL/JELEBU,['RENDAH'],could not convert string to float: 'FELDA SUNGAI LUI'
NBA6008,SEKOLAH KEBANGSAAN SUNGAI SAMPO,2.983906,102.444567,PPD JEMPOL/JELEBU,RENDAH,,,could not convert string to float: 'PPD JEMPOL/JELEBU'
NBA6025,SEKOLAH KEBANGSAAN (FELDA) BANDAR BARU SERTING,JALAN MASJID, BANDAR SERI JEMPOL,2.890143,102.407705,PPD JEMPOL/JELEBU,['RENDAH'],could not convert string to float: 'BANDAR SERI JEMPOL'
NBB0015,SEKOLAH KEBANGSAAN UNDANG JELEBU,JALAN DATO MENTERI, JELEBU,2.939479,102.068612,PPD JEMPOL/JELEBU,['RENDAH'],could not convert string to float: 'JELEBU'
NBB1042,SEKOLAH KEBANGSAAN TUNKU MUNAWIR,BT. 1, JALAN BAHAU KUALA PILAH,2.753842,102.25031,PPD KUALA PILAH,['RENDAH'],could not convert string to float: 'JALAN BAHAU KUALA PILAH'
NBB1043,SEKOLAH KEBANGSAAN TUNKU KURSHIAH,KM 2, JALAN TAMPIN,2.73028,102.248,PPD KUALA PILAH,['RENDAH'],could not convert string to float: 'JALAN TAMPIN'
NBB2014,SEKOLAH KEBANGSAAN PORT DICKSON,JALAN PANTAI, BANDAR PORT DICKSON,2.52516,101.799,PPD PORT DICKSON,['RENDAH'],could not convert string to float: 'BANDAR PORT DICKSON'
NBC0022,SEKOLAH JENIS KEBANGSAAN (CINA) KG BARU SUNGAI MUNTOH,KG. BARU BT. 31, SG. MUNTOH, JELEBU,3.02101,102.081,"['PPD JEMPOL/JELEBU', 'RENDAH']",could not convert string to float: 'JELEBU'
NBC1054,SEKOLAH JENIS KEBANGSAAN (CINA) KG BARU KEPIS,BATU 10, KEPIS,2.70559,102.366,PPD KUALA PILAH,['RENDAH'],could not convert string to float: 'KEPIS'
NBC2016,SEKOLAH JENIS KEBANGSAAN (CINA) CHUNG HUA PORT DICKSON,KM 1, JALAN SEREMBAN,2.52909,101.793,PPD PORT DICKSON,['RENDAH'],could not convert string to float: 'JALAN SEREMBAN'
NBC2018,SEKOLAH JENIS KEBANGSAAN (CINA) CHUNG HWA TELOK KEMANG,BATU 7, JALAN PANTAI, TELOK KEMANG,2.46183,101.857,"['PPD PORT DICKSON', 'RENDAH']",could not convert string to float: 'TELOK KEMANG'
NBC2020,SEKOLAH JENIS KEBANGSAAN (CINA) CHUNG PIN,KM3, JALAN BESAR LINGGI,2.494036,102.003578,PPD PORT DICKSON,['RENDAH'],could not convert string to float: 'JALAN BESAR LINGGI'
NBC2023,SEKOLAH JENIS KEBANGSAAN (CINA) YIK HWA,KM 43, JALAN PORT DICKSON, PENGKALAN KEMPAS,2.44912,102.016,"['PPD PORT DICKSON', 'RENDAH']",could not convert string to float: 'PENGKALAN KEMPAS'
NBC2028,SEKOLAH JENIS KEBANGSAAN (CINA) LADANG SUA BETONG,KM 22 JLN LINGGI, LADANG SUA BETONG, SI RUSA,2.5012,101.91,"['PPD PORT DICKSON', 'RENDAH']",could not convert string to float: 'SI RUSA'
NBC2030,SEKOLAH JENIS KEBANGSAAN (CINA) LADANG SILIAU,KM 8 JALAN RANTAU, SILIAU,2.578722,101.910956,PPD PORT DICKSON,['RENDAH'],could not convert string to float: 'SILIAU'
NBC4053,SEKOLAH JENIS KEBANGSAAN (CINA) KG SERI SIKAMAT,KM 5,KG SERI SIKAMAT,2.74577,101.967,PPD SEREMBAN,['RENDAH'],could not convert string to float: 'KG SERI SIKAMAT'
NBC4055,SEKOLAH JENIS KEBANGSAAN (CINA) HILLSIDE SEREMBAN,BT 4, JALAN LABU,2.725314,101.89571,PPD SEREMBAN,['RENDAH'],could not convert string to float: 'JALAN LABU'
NBC4070,SEKOLAH JENIS KEBANGSAAN (CINA) TUNG HUA,PERSIARAN SAUJANA INDAH, SAUJANA INDAH, S2 HEIGHTS,2.704956,101.888237,"['PPD SEREMBAN', 'RENDAH']",could not convert string to float: 'S2 HEIGHTS'
NBC6003,SEKOLAH JENIS KEBANGSAAN (CINA) BAHAU,KM2, JALAN KUALA PILAH,2.807308354,102.3920056,PPD JEMPOL/JELEBU,['RENDAH'],could not convert string to float: 'JALAN KUALA PILAH'
NBC6008,SEKOLAH JENIS KEBANGSAAN (CINA) MIDDLETON,JALAN PUTERI 34, TAMAN DESA PUTERI,2.783479,102.420993,PPD JEMPOL/JELEBU,['RENDAH'],could not convert string to float: 'TAMAN DESA PUTERI'
NBD2035,SEKOLAH JENIS KEBANGSAAN (TAMIL) LDG ST LEONARD,BATU 2, JALAN PANTAI, TAMAN PD UTAMA,2.516839,101.833697,"['PPD PORT DICKSON', 'RENDAH']",could not convert string to float: 'TAMAN PD UTAMA'
NBD2038,SEKOLAH JENIS KEBANGSAAN (TAMIL) KEM ASKAR MELAYU,BT.4, JLN SUA BETONG,2.489483,101.850369,PPD PORT DICKSON,['RENDAH'],could not convert string to float: 'JLN SUA BETONG'
NBD2040,SEKOLAH JENIS KEBANGSAAN (TAMIL) LDG SUNGALA,BATU 6, JALAN PANTAI, LADANG SUNGALA,2.469992,101.880381,"['PPD PORT DICKSON', 'RENDAH']",could not convert string to float: 'LADANG SUNGALA'
NBD2041,SEKOLAH JENIS KEBANGSAAN (TAMIL) LDG SUA BETONG,KM 22 JLN LINGGI, LADANG SUA BETONG, SI RUSA,2.50138,101.910351,"['PPD PORT DICKSON', 'RENDAH']",could not convert string to float: 'SI RUSA'
NBD2042,SEKOLAH JENIS KEBANGSAAN (TAMIL) LADANG TANAH MERAH,2.646797,101.785147,PPD PORT DICKSON,RENDAH,,,could not convert string to float: 'PPD PORT DICKSON'
NBD2044,SEKOLAH JENIS KEBANGSAAN (TAMIL) LDG BRADWALL,SILIAU, PORT DICKSON,2.561097,101.917653,PPD PORT DICKSON,['RENDAH'],could not convert string to float: 'PORT DICKSON'
NBD2045,SEKOLAH JENIS KEBANGSAAN (TAMIL) BANDAR SPRING HILL,KM 16 JALAN SEREMBAN,BANDAR SPRINGHILL,2.606033,101.870117,PPD PORT DICKSON,['RENDAH'],could not convert string to float: 'BANDAR SPRINGHILL'
NBD2046,SEKOLAH JENIS KEBANGSAAN (TAMIL) SUNGAI SALAK,KM 9 JALAN SEREMBAN, LUKUT, PORT DICKSON,2.573807,101.838067,"['PPD PORT DICKSON', 'RENDAH']",could not convert string to float: 'PORT DICKSON'
NBD2049,SEKOLAH JENIS KEBANGSAAN (TAMIL) LADANG LINSUM,KM25 LADANG LINSUM, JLN LINGGI SEREMBAN,2.571701,101.960736,PPD PORT DICKSON,['RENDAH'],could not convert string to float: 'JLN LINGGI SEREMBAN'
NBD2051,SEKOLAH JENIS KEBANGSAAN (TAMIL) LADANG TAMPIN LINGGI,KM 24,JLN LINGGI,LADANG TAMPIN LINGGI,2.515658,101.996314,"['PPD PORT DICKSON', 'RENDAH']",could not convert string to float: 'LADANG TAMPIN LINGGI'
NBD4069,SEKOLAH JENIS KEBANGSAAN (TAMIL) CONVENT SEREMBAN (KOMPLEKS WAWASAN),KOMP. SK WAWASAN, JLN S2 F22, GARDEN HOMES, SBAN2,2.680326,"['101.903395', 'PPD SEREMBAN', 'RENDAH']",could not convert string to float: 'GARDEN HOMES'
NBD4074,SEKOLAH JENIS KEBANGSAAN (TAMIL) LADANG KIRBY,BATU 9, JALAN LABU,2.744828,101.845176,PPD SEREMBAN,['RENDAH'],could not convert string to float: 'JALAN LABU'
NBD4080,SEKOLAH JENIS KEBANGSAAN (TAMIL) LADANG SENAWANG,KM 7, JALAN TAMPIN,2.661502778,101.9963972,PPD SEREMBAN,['RENDAH'],could not convert string to float: 'JALAN TAMPIN'
NBD4088,SEKOLAH JENIS KEBANGSAAN (TAMIL) BANDAR SRI SENDAYAN,LOT PT 11638, PERSIARAN 1, SENDAYAN BAYU,2.660655,101.871737,"['PPD SEREMBAN', 'RENDAH']",could not convert string to float: 'SENDAYAN BAYU'
NBD5029,SEKOLAH JENIS KEBANGSAAN (TAMIL) TAMPIN,KM 1, JALAN SEREMBAN,2.47261,102.228,PPD TAMPIN,['RENDAH'],could not convert string to float: 'JALAN SEREMBAN'
NBD5035,SEKOLAH JENIS KEBANGSAAN (TAMIL) LADANG SG KELAMAH,KM 7, JALAN TAMPIN GEMAS, LADANG SUNGAI KELAMAH,2.58249,102.551,"['PPD TAMPIN', 'RENDAH']",could not convert string to float: 'LADANG SUNGAI KELAMAH'
NBD6002,SEKOLAH JENIS KEBANGSAAN (TAMIL) LADANG AIR HITAM,KM 3, JALAN AIR HITAM - SERTING ULU,2.926925,102.378156,PPD JEMPOL/JELEBU,['RENDAH'],could not convert string to float: 'JALAN AIR HITAM - SERTING ULU'
NBD6003,SEKOLAH JENIS KEBANGSAAN (TAMIL & TELUGU) LADANG GEDDES,NO.1 , LADANG GEDDES,2.85877,102.52,PPD JEMPOL/JELEBU,['RENDAH'],could not convert string to float: 'LADANG GEDDES'
NBD6011,SEKOLAH JENIS KEBANGSAAN (TAMIL) LDG MIDDLETON,BATU 3, JALAN MIDDLETON,2.705397,102.472609,PPD JEMPOL/JELEBU,['RENDAH'],could not convert string to float: 'JALAN MIDDLETON'
NEA0025,SEKOLAH MENENGAH KEBANGSAAN DATO' UNDANG MUSA AL-HAJ,KM 2, JALAN PERTANG, KUALA KLAWANG,2.94833,102.085,"['PPD JEMPOL/JELEBU', 'MENENGAH']",could not convert string to float: 'KUALA KLAWANG'
NEA1081,SEKOLAH MENENGAH KEBANGSAAN DANGI,KM 27, JALAN BAHAU,2.64307,102.32,PPD KUALA PILAH,['MENENGAH'],could not convert string to float: 'JALAN BAHAU'
NEA1083,SEKOLAH MENENGAH KEBANGSAAN JUASSEH,KM12, JALAN KUALA PILAH BAHAU,2.785261,102.305403,PPD KUALA PILAH,['MENENGAH'],could not convert string to float: 'JALAN KUALA PILAH BAHAU'
NEA2053,SEKOLAH MENENGAH KEBANGSAAN DATUK HAJI ABDUL SAMAD,BATU 1 1/2, JALAN ESSO,2.5275,101.816,PPD PORT DICKSON,['MENENGAH'],could not convert string to float: 'JALAN ESSO'
NEA2055,SEKOLAH MENENGAH KEBANGSAAN YAM TUAN RADIN,KM 11, JALAN SEREMBAN,2.58377,101.857,PPD PORT DICKSON,['MENENGAH'],could not convert string to float: 'JALAN SEREMBAN'
NEA2057,SEKOLAH MENENGAH KEBANGSAAN INTAN PERDANA,KM 14, JALAN PANTAI, SI RUSA,2.446995,101.876519,"['PPD PORT DICKSON', 'MENENGAH']",could not convert string to float: 'SI RUSA'
NEA3036,SEKOLAH MENENGAH KEBANGSAAN DATO' UNDANG HAJI ADNAN,KM 11, JALAN TAMPIN SEREMBAN,2.52341,102.158,PPD REMBAU,['MENENGAH'],could not convert string to float: 'JALAN TAMPIN SEREMBAN'
NEA4098,SEKOLAH MENENGAH KEBANGSAAN DATO' SHAHARDIN,BATU 10, JALAN LABU,2.75747,101.826,PPD SEREMBAN,['MENENGAH'],could not convert string to float: 'JALAN LABU'
NEA4099,SEKOLAH MENENGAH KEBANGSAAN MAMBAU,JALAN PORT DICKSON, KM 12,2.6575,101.91,PPD SEREMBAN,['MENENGAH'],could not convert string to float: 'KM 12'
NEA4101,SEKOLAH MENENGAH KEBANGSAAN DATO' HAJI MOHD REDZA,KM 5, JALAN SIKAMAT,2.7334,101.959,PPD SEREMBAN,['MENENGAH'],could not convert string to float: 'JALAN SIKAMAT'
NEA4104,SEKOLAH MENENGAH KEBANGSAAN DESA CEMPAKA,JLN BBN 6/2C,TMN DESA CEMPAKA, BANDAR BARU NILAI,2.797892,101.768337,"['PPD SEREMBAN', 'MENENGAH']",could not convert string to float: 'BANDAR BARU NILAI'
NEA4108,SEKOLAH MENENGAH SAINS TUANKU MUNAWIR,KM 6, JALAN SIKAMAT,2.73579,101.963,PPD SEREMBAN,['MENENGAH'],could not convert string to float: 'JALAN SIKAMAT'
NEA4109,SEKOLAH MENENGAH KEBANGSAAN SEREMBAN 2,PERSIARAN S2/A4, SEREMBAN 2,2.701281,101.904623,PPD SEREMBAN,['MENENGAH'],could not convert string to float: 'SEREMBAN 2'
NEA4112,SEKOLAH MENENGAH KEBANGSAAN BUKIT KEPAYANG,GARDEN HOMES, SEREMBAN 2,2.68045,101.907,PPD SEREMBAN,['MENENGAH'],could not convert string to float: 'SEREMBAN 2'
NEA4114,SEKOLAH MENENGAH KEBANGSAAN TAMAN FOREST HEIGHTS,PRECINT 4, PERSIARAN FOREST HEIGHTS 2,2.699927,101.982507,PPD SEREMBAN,['MENENGAH'],could not convert string to float: 'PERSIARAN FOREST HEIGHTS 2'
NEA4121,SEKOLAH MENENGAH KEBANGSAAN BANDAR ENSTEK,LOT PT 33903, BANDAR BARU ENSTEK,2.751199,101.768187,PPD SEREMBAN,['MENENGAH'],could not convert string to float: 'BANDAR BARU ENSTEK'
NEA5052,SEKOLAH MENENGAH KEBANGSAAN TUNKU SYED IDRUS,KM1, JALAN SEREMBAN,2.47534,102.227,PPD TAMPIN,['MENENGAH'],could not convert string to float: 'JALAN SEREMBAN'
NEA5057,SEKOLAH MENENGAH KEBANGSAAN TAMAN INDAH,KM 2, JALAN TAMPIN GEMAS,2.480138,102.242679,PPD TAMPIN,['MENENGAH'],could not convert string to float: 'JALAN TAMPIN GEMAS'
NEA6001,SEKOLAH MENENGAH KEBANGSAAN BAHAU,KM 3, JALAN ROMPIN,2.79968,102.413,PPD JEMPOL/JELEBU,['MENENGAH'],could not convert string to float: 'JALAN ROMPIN'
NEA6003,SEKOLAH MENENGAH KEBANGSAAN SERI PERPATIH,PUSAT BANDAR PALONG 4, 5 & 6,2.7415,102.647,PPD JEMPOL/JELEBU,['MENENGAH'],could not convert string to float: '5 & 6'
NEB0027,SEKOLAH MENENGAH KEBANGSAAN PERTANG,KM 1, JALAN GELANG,2.956321,102.215775,PPD JEMPOL/JELEBU,['MENENGAH'],could not convert string to float: 'JALAN GELANG'
NEB1082,SEKOLAH MENENGAH KEBANGSAAN TUNKU KURSHIAH,KM2 , JLN TAMPIN,2.7297,102.246,PPD KUALA PILAH,['MENENGAH'],could not convert string to float: 'JLN TAMPIN'
NEB2054,SEKOLAH MENENGAH KEBANGSAAN TINGGI PORT DICKSON,KM 3, JALAN PANTAI,2.523061,101.821,PPD PORT DICKSON,['MENENGAH'],could not convert string to float: 'JALAN PANTAI'
NEE1088,SEKOLAH MENENGAH KEBANGSAAN DATUK UNDANG ABDUL MANAP,KM 3, PEKAN JOHOL,2.574477,102.256125,PPD KUALA PILAH,['MENENGAH'],could not convert string to float: 'PEKAN JOHOL'
NEE2057,SEKOLAH MENENGAH KEBANGSAAN DATUK MUHAMMAD YUSOF,KM2, JALAN SEREMBAN,2.495153,102.003411,PPD PORT DICKSON,['MENENGAH'],could not convert string to float: 'JALAN SEREMBAN'
NEE2064,SEKOLAH MENENGAH KEBANGSAAN PASIR PANJANG,BT 17, JLN PANTAI,2.428111,101.938,PPD PORT DICKSON,['MENENGAH'],could not convert string to float: 'JLN PANTAI'
NEE2065,SEKOLAH MENENGAH KEBANGSAAN TANAH MERAH,KM 8, JALAN SEPANG,2.615281,101.801,PPD PORT DICKSON,['MENENGAH'],could not convert string to float: 'JALAN SEPANG'
NEE2068,SEKOLAH MENENGAH KEBANGSAAN BUKIT SAUJANA,KM7, JALAN PANTAI, BAGAN PINANG,2.504069,101.839,"['PPD PORT DICKSON', 'MENENGAH']",could not convert string to float: 'BAGAN PINANG'
NEE4098,SEKOLAH MENENGAH KEBANGSAAN DATO' KLANA PUTRA,BT 14, JALAN BESAR LENGGENG,2.866882,101.939428,PPD SEREMBAN,['MENENGAH'],could not convert string to float: 'JALAN BESAR LENGGENG'
NEE4099,SEKOLAH MENENGAH KEBANGSAAN RANTAU,KM 11, JLN LINSUM,2.57616,101.961,PPD SEREMBAN,['MENENGAH'],could not convert string to float: 'JLN LINSUM'
NEE4101,SEKOLAH MENENGAH KEBANGSAAN MANTIN,BATU 10, JALAN BESAR MANTIN,2.82861,101.896,PPD SEREMBAN,['MENENGAH'],could not convert string to float: 'JALAN BESAR MANTIN'
NEE4102,SEKOLAH MENENGAH KEBANGSAAN (FELDA) SERI SENDAYAN,JALAN BESAR, FELDA SENDAYAN,2.670816,101.846599,PPD SEREMBAN,['MENENGAH'],could not convert string to float: 'FELDA SENDAYAN'
NEE5040,SEKOLAH MENENGAH KEBANGSAAN DATO' MOHD TAHA,KM 28, JALAN TAMPIN GEMAS,2.52623,102.399,PPD TAMPIN,['MENENGAH'],could not convert string to float: 'JALAN TAMPIN GEMAS'
NFT2001,SEKOLAH MENENGAH RENDAH AGAMA CHUAH,KM 25, JALAN PORT DICKSON - SG NIPAH,2.604317,101.765564,PPD PORT DICKSON,['MENENGAH'],could not convert string to float: 'JALAN PORT DICKSON - SG NIPAH'
NFT4003,SEKOLAH MENENGAH AGAMA DATO' KLANA PETRA MAAMOR,KM 5, JALAN SEREMBAN KUALA PILAH, AMPANGAN,2.726563,101.969265,"['PPD SEREMBAN', 'MENENGAH']",could not convert string to float: 'AMPANGAN'
NHA0001,KOLEJ VOKASIONAL KUALA KLAWANG ,KM. 3, JALAN TITI,2.96141,102.057,PPD JEMPOL/JELEBU,['MENENGAH'],could not convert string to float: 'JALAN TITI'
NHA2002,KOLEJ VOKASIONAL PORT DICKSON ,KM 5, JALAN SEREMBAN,2.555519,101.813,PPD PORT DICKSON,['MENENGAH'],could not convert string to float: 'JALAN SEREMBAN'
NHA3002,KOLEJ VOKASIONAL DATO LELA MAHARAJA,KM20, JALAN SEREMBAN TAMPIN, CHEMBONG,2.59514,102.074,"['PPD REMBAU', 'MENENGAH']",could not convert string to float: 'CHEMBONG'
NHA4001,KOLEJ VOKASIONAL AMPANGAN,KM 4 JALAN  SEREMBAN-KUALA PILAH, AMPANGAN,2.72366,101.969982,PPD SEREMBAN,['MENENGAH'],could not convert string to float: 'AMPANGAN'
NKE4144,SMT TUANKU JAAFAR,KM 4 JALAN SEREMBAN-KUALA PILAH, AMPANGAN,2.722877,101.967002,PPD SEREMBAN,['MENENGAH'],could not convert string to float: 'AMPANGAN'
NRA4002,SEKOLAH MENENGAH AGAMA PERSEKUTUAN LABU,KM 11, JLN LABU,2.73944,101.86,PPD SEREMBAN,['MENENGAH'],could not convert string to float: 'JLN LABU'
PBA0003,SEKOLAH KEBANGSAAN GUAR PERAHU,GUAR PERAHU,  KUBANG SEMANG,5.42838,100.47,PPD SEBERANG PRAI TENGAH,['RENDAH'],could not convert string to float: 'KUBANG SEMANG'
PBA0010,SEKOLAH KEBANGSAAN MACANG BUBOK,JALAN GAJAH MATI, MACHANG BUBOK,5.33828,100.511,PPD SEBERANG PRAI TENGAH,['RENDAH'],could not convert string to float: 'MACHANG BUBOK'
PBA0018,SEKOLAH KEBANGSAAN SEBERANG JAYA,PERSIARAN SIAKAP, SEBERANG JAYA,5.38473,100.4,PPD SEBERANG PRAI TENGAH,['RENDAH'],could not convert string to float: 'SEBERANG JAYA'
PBA0019,SEKOLAH KEBANGSAAN SEBERANG JAYA 2,LENGKOK TENGGIRI, BANDAR SEB JAYA,5.39774,100.404,PPD SEBERANG PRAI TENGAH,['RENDAH'],could not convert string to float: 'BANDAR SEB JAYA'
PBA0020,SEKOLAH KEBANGSAAN TAMAN INDERAWASIH,TINGKAT KIKIK 2, TAMAN INDERAWASIH,5.39036,100.386,PPD SEBERANG PRAI TENGAH,['RENDAH'],could not convert string to float: 'TAMAN INDERAWASIH'
PBA0025,SEKOLAH KEBANGSAAN SERI IMPIAN,JALAN GUAR PERAHU, KUBANG SEMANG,5.427577778,100.472525,PPD SEBERANG PRAI TENGAH,['RENDAH'],could not convert string to float: 'KUBANG SEMANG'
PBA0029,SEKOLAH KEBANGSAAN MACHANG BUBOK II,JALAN MACHANG BUBOK 1, TAMAN MACHANG BUBOK,5.327886111,100.5025139,PPD SEBERANG PRAI TENGAH,['RENDAH'],could not convert string to float: 'TAMAN MACHANG BUBOK'
PBA1012,SEKOLAH KEBANGSAAN TANJONG TOKONG,JALAN HAJI MOHD NOH, TANJONG TOKONG,5.458589,100.307094,PPD TIMUR LAUT,['RENDAH'],could not convert string to float: 'TANJONG TOKONG'
PBA1014,SEKOLAH KEBANGSAAN MINDEN HEIGHT,JALAN 13, CHANGKAT MINDEN ,5.36686,100.305,PPD TIMUR LAUT,['RENDAH'],could not convert string to float: 'CHANGKAT MINDEN'
PBA2007,SEKOLAH KEBANGSAAN KAMPONG TO'BEDOR,JALAN KLINIK, KAMPUNG TO' BEDOR,5.50674,100.482,PPD SEBERANG PERAI UTARA,['RENDAH'],"could not convert string to float: ""KAMPUNG TO' BEDOR"""
PBA2023,SEKOLAH KEBANGSAAN PULAU MERTAJAM,JALAN PULAU MERTAJAM, PULAU MERTAJAM,5.572722222,100.3646361,PPD SEBERANG PERAI UTARA,['RENDAH'],could not convert string to float: 'PULAU MERTAJAM'
PBA2025,SEKOLAH KEBANGSAAN SUNGAI PUYU,JALAN KG BENGGALI, SUNGAI PUYU,5.451363889,100.3956333,PPD SEBERANG PERAI UTARA,['RENDAH'],could not convert string to float: 'SUNGAI PUYU'
PBA2037,SEKOLAH KEBANGSAAN SERI GEMILANG,JALAN PADANG BENGGALI, TELOK AYER TAWAR,5.49894,100.382,PPD SEBERANG PERAI UTARA,['RENDAH'],could not convert string to float: 'TELOK AYER TAWAR'
PBA3011,SEKOLAH KEBANGSAAN TELOK BAHANG,805 SEK A, JLN TK BAHANG,5.45256,100.214,PPD BARAT DAYA,['RENDAH'],could not convert string to float: 'JLN TK BAHANG'
PBA3015,SEKOLAH KEBANGSAAN SERI RELAU,JALAN PAYA TERUBONG, RELAU,5.33338,100.275,PPD BARAT DAYA,['RENDAH'],could not convert string to float: 'RELAU'
PBA3019,SEKOLAH KEBANGSAAN SUNGAI BATU,SUNGAI BATU, TELUK KUMBAR,5.28893,100.242,PPD BARAT DAYA,['RENDAH'],could not convert string to float: 'TELUK KUMBAR'
PBA4015,SEKOLAH KEBANGSAAN SAUJANA INDAH,LOT. PT.342 MUKIM 9, JALAN TRANS KRIAN,5.15047,100.487,PPD SEBERANG PRAI SELATAN,['RENDAH'],could not convert string to float: 'JALAN TRANS KRIAN'
PBA4017,SEKOLAH KEBANGSAAN BATU KAWAN,JALAN TANJUNG 2,BATU KAWAN,5.271739,100.433575,PPD SEBERANG PRAI SELATAN,['RENDAH'],could not convert string to float: 'BATU KAWAN'
PBA4018,SEKOLAH KEBANGSAAN TASEK PERMAI,JLN PUTERI GUNUNG 13, TMN PUTERI GUNUNG,5.280519,100.504353,PPD SEBERANG PRAI SELATAN,['RENDAH'],could not convert string to float: 'TMN PUTERI GUNUNG'
PBB1032,SEKOLAH KEBANGSAAN PEREMPUAN METHODIST,42, JALAN ANSON,5.419175,100.3215778,PPD TIMUR LAUT,['RENDAH'],could not convert string to float: 'JALAN ANSON'
PBC0021,SEKOLAH JENIS KEBANGSAAN (CINA) PERMATANG TINGGI,JALAN BARU, PERMATANG TINGGI,5.29954,100.479,PPD SEBERANG PRAI TENGAH,['RENDAH'],could not convert string to float: 'PERMATANG TINGGI'
PBC0026,SEKOLAH JENIS KEBANGSAAN (CINA) JIT SIN 'A',JLN BERAPIT,  BUKIT MERTAJAM,5.3772,100.468,PPD SEBERANG PRAI TENGAH,['RENDAH'],could not convert string to float: 'BUKIT MERTAJAM'
PBC0029,SEKOLAH JENIS KEBANGSAAN (CINA) KEOW KUANG,1864, MUKIM 10,5.35662,100.452,PPD SEBERANG PRAI TENGAH,['RENDAH'],could not convert string to float: 'MUKIM 10'
PBC0036,SEKOLAH JENIS KEBANGSAAN (CINA) BENG TEIK (PUSAT),PT 2946 MUKIM 10, JALAN KOTA PERMAI,5.347586111,100.4570611,PPD SEBERANG PRAI TENGAH,['RENDAH'],could not convert string to float: 'JALAN KOTA PERMAI'
PBC1050,SEKOLAH JENIS KEBANGSAAN (CINA) JELUTONG,99-A, JALAN TAN SRI TEH EWE LIM,5.391436111,100.3104972,PPD TIMUR LAUT,['RENDAH'],could not convert string to float: 'JALAN TAN SRI TEH EWE LIM'
PBC1059,SEKOLAH JENIS KEBANGSAAN (CINA) KHENG TEAN,7, JALAN VAN PRAAGH,5.399069444,100.314725,PPD TIMUR LAUT,['RENDAH'],could not convert string to float: 'JALAN VAN PRAAGH'
PBC1060,SEKOLAH JENIS KEBANGSAAN (CINA) KONG MIN PUSAT,39-A, JALAN AIR ITAM,5.405119444,100.2827306,PPD TIMUR LAUT,['RENDAH'],could not convert string to float: 'JALAN AIR ITAM'
PBC1061,SEKOLAH JENIS KEBANGSAAN (CINA) KONG MIN CAWANGAN SATU,611-C, JALAN BALIK PULAU,5.400883333,100.2756028,PPD TIMUR LAUT,['RENDAH'],could not convert string to float: 'JALAN BALIK PULAU'
PBC1063,SEKOLAH JENIS KEBANGSAAN (CINA) KWANG HWA,JALAN SULTAN AZLAN SHAH, SUNGAI NIBONG,5.336227778,100.2968056,PPD TIMUR LAUT,['RENDAH'],could not convert string to float: 'SUNGAI NIBONG'
PBC1066,SEKOLAH JENIS KEBANGSAAN (CINA) LI TEK CAWANGAN,356,PENGKALAN WELD,5.405208,100.333563,PPD TIMUR LAUT,['RENDAH'],could not convert string to float: 'PENGKALAN WELD'
PBC1067,SEKOLAH JENIS KEBANGSAAN (CINA) MIN SIN,86, JALAN TUN DR. AWANG, RELAU,5.331675,100.282267,"['PPD TIMUR LAUT', 'RENDAH']",could not convert string to float: 'RELAU'
PBC1068,SEKOLAH JENIS KEBANGSAAN (CINA) MOH GHEE (PUSAT),114, LORONG PERAK,5.403427778,100.3166806,PPD TIMUR LAUT,['RENDAH'],could not convert string to float: 'LORONG PERAK'
PBC1069,SEKOLAH JENIS KEBANGSAAN (CINA) MOH GHEE CAWANGAN,136, JALAN JELUTONG,5.400491667,100.3216222,PPD TIMUR LAUT,['RENDAH'],could not convert string to float: 'JALAN JELUTONG'
PBC1070,SEKOLAH JENIS KEBANGSAAN (CINA) PAI CHAI,200, JALAN BATU FERINGGI,5.4749,100.2507611,PPD TIMUR LAUT,['RENDAH'],could not convert string to float: 'JALAN BATU FERINGGI'
PBC1073,SEKOLAH JENIS KEBANGSAAN (CINA) POAY WAH,725, JALAN TANJUNG BUNGA,5.462908,100.281811,PPD TIMUR LAUT,['RENDAH'],could not convert string to float: 'JALAN TANJUNG BUNGA'
PBC1075,SEKOLAH JENIS KEBANGSAAN (CINA) SHIH CHUNG CAWANGAN,7, LEBUH NIPAH DUA, SG. NIBONG,5.33551,100.296,"['PPD TIMUR LAUT', 'RENDAH']",could not convert string to float: 'SG. NIBONG'
PBC1076,SEKOLAH JENIS KEBANGSAAN (CINA) SIN KANG,JALAN THEAN TEIK, AYER ITAM,5.4003,100.291,PPD TIMUR LAUT,['RENDAH'],could not convert string to float: 'AYER ITAM'
PBC1077,SEKOLAH JENIS KEBANGSAAN (CINA) SUM MIN,1, LEBUH TYE SIN,5.409547,100.331153,PPD TIMUR LAUT,['RENDAH'],could not convert string to float: 'LEBUH TYE SIN'
PBC1079,SEKOLAH JENIS KEBANGSAAN (CINA) TONG SIAN,423, JALAN DATO KERAMAT,5.4126,100.317,PPD TIMUR LAUT,['RENDAH'],could not convert string to float: 'JALAN DATO KERAMAT'
PBC2039,SEKOLAH JENIS KEBANGSAAN (CINA) CHUNG HWA 2,JALAN BAGAN 1, TAMAN BAGAN,5.40637,100.384572,PPD SEBERANG PERAI UTARA,['RENDAH'],could not convert string to float: 'TAMAN BAGAN'
PBC4013,SEKOLAH JENIS KEBANGSAAN (CINA) BOON BENG,1677, JALAN TASEK MUTIARA 2,5.274219444,100.4873667,PPD SEBERANG PRAI SELATAN,['RENDAH'],could not convert string to float: 'JALAN TASEK MUTIARA 2'
PBC4015,SEKOLAH JENIS KEBANGSAAN (CINA) KAMPUNG VALDOR,JALAN 6, KAMPUNG VALDOR,5.240638889,100.4922167,PPD SEBERANG PRAI SELATAN,['RENDAH'],could not convert string to float: 'KAMPUNG VALDOR'
PBC4016,SEKOLAH JENIS KEBANGSAAN (CINA) CHONG KUANG,JALAN BESAR, SUNGAI BAKAP,5.231127778,100.493775,PPD SEBERANG PRAI SELATAN,['RENDAH'],could not convert string to float: 'SUNGAI BAKAP'
PBC4017,SEKOLAH JENIS KEBANGSAAN (CINA) KAMPUNG JAWI,SG BAKAP, S PERAI (S),5.214766667,100.4946556,PPD SEBERANG PRAI SELATAN,['RENDAH'],could not convert string to float: 'S PERAI (S)'
PBC4018,SEKOLAH JENIS KEBANGSAAN (CINA) KENG KOON,JALAN BUKIT TAMBUN, BUKIT TAMBUN,5.271505556,100.4514556,PPD SEBERANG PRAI SELATAN,['RENDAH'],could not convert string to float: 'BUKIT TAMBUN'
PBD0037,SEKOLAH JENIS KEBANGSAAN (TAMIL) LDG ALMA,JALAN ROZHAN, ALMA,5.33091,100.476,PPD SEBERANG PRAI TENGAH,['RENDAH'],could not convert string to float: 'ALMA'
PBD2080,SEKOLAH JENIS KEBANGSAAN (TAMIL) PERAI,LRG PERAI UTAMA 1, TMN PRIMA PRAI,5.38803,100.38,PPD SEBERANG PRAI TENGAH,['RENDAH'],could not convert string to float: 'TMN PRIMA PRAI'
PBD3032,SEKOLAH JENIS KEBANGSAAN (TAMIL) SUNGAI ARA,LORONG KENARI, TAMAN DESA RIA, SUNGAI ARA,5.322299,100.270899,"['PPD BARAT DAYA', 'RENDAH']",could not convert string to float: 'SUNGAI ARA'
PBD4026,SEKOLAH JENIS KEBANGSAAN (TAMIL) LADANG JAWI,LADANG JAWI , SUNGAI JAWI,5.202188889,100.4945722,PPD SEBERANG PRAI SELATAN,['RENDAH'],could not convert string to float: 'SUNGAI JAWI'
PBD4030,SEKOLAH JENIS KEBANGSAAN (TAMIL) TASEK PERMAI,KOMPLEKS SEKOLAH WAWASAN, JALAN TASEK,5.280428,100.503997,PPD SEBERANG PRAI SELATAN,['RENDAH'],could not convert string to float: 'JALAN TASEK'
PBD4032,SEKOLAH JENIS KEBANGSAAN (TAMIL) LADANG VALDOR,SUNGAI JAWI, SUNGAI BAKAP,5.246124,100.480436,PPD SEBERANG PRAI SELATAN,['RENDAH'],could not convert string to float: 'SUNGAI BAKAP'
PCT0002,SEKOLAH RENDAH ISLAM AL MASRIYAH,1267,JALAN ABDUL KADIR,5.37318,100.465,PPD SEBERANG PRAI TENGAH,['RENDAH'],could not convert string to float: 'JALAN ABDUL KADIR'
PEA0004,SEKOLAH MENENGAH KEBANGSAAN SEBERANG JAYA,LENGKOK SEMBILANG, SEBERANG JAYA,5.40275,100.4,PPD SEBERANG PRAI TENGAH,['MENENGAH'],could not convert string to float: 'SEBERANG JAYA'
PEA0007,SEKOLAH MENENGAH KEBANGSAAN TAMAN INDERAWASIH,TINGKAT KIKIK 8,TAMAN INDERAWASIH,5.38941,100.386,PPD SEBERANG PRAI TENGAH,['MENENGAH'],could not convert string to float: 'TAMAN INDERAWASIH'
PEA0014,SEKOLAH MENENGAH KEBANGSAAN TUN HUSSEIN ONN,JLN TUN HUSSEIN ONN, SEBERANG JAYA,5.389255556,100.4063694,PPD SEBERANG PRAI TENGAH,['MENENGAH'],could not convert string to float: 'SEBERANG JAYA'
PEA0015,SEKOLAH MENENGAH KEBANGSAAN TAMAN PERWIRA,TAMAN PERWIRA, PERMATANG TINGGI,5.29636,100.477,PPD SEBERANG PRAI TENGAH,['MENENGAH'],could not convert string to float: 'PERMATANG TINGGI'
PEA0017,SEKOLAH MENENGAH KEBANGSAAN MACHANG BUBUK,JALAN 3, TAMAN MACHANG BUBUK,5.32831,100.501,PPD SEBERANG PRAI TENGAH,['MENENGAH'],could not convert string to float: 'TAMAN MACHANG BUBUK'
PEA1210,SEKOLAH MENENGAH KEBANGSAAN HAMID KHAN,LORONG DELIMA 8, ISLAND GLADES,5.38135,100.303,PPD TIMUR LAUT,['MENENGAH'],could not convert string to float: 'ISLAND GLADES'
PEA2053,SEKOLAH MENENGAH KEBANGSAAN DATUK ONN,JALAN GANGSA, MUKIM 9,5.44821,100.382,PPD SEBERANG PERAI UTARA,['MENENGAH'],could not convert string to float: 'MUKIM 9'
PEA2090,SEKOLAH MENENGAH KEBANGSAAN GEMILANG,JLN PADANG BENGGALI, TELOK AIR TAWAR,5.49941,100.382,PPD SEBERANG PERAI UTARA,['MENENGAH'],could not convert string to float: 'TELOK AIR TAWAR'
PEA3037,SEKOLAH MENENGAH KEBANGSAAN SERI BAYU,JALAN KG MASJID, TELUK KUMBAR,5.29032,100.223,PPD BARAT DAYA,['MENENGAH'],could not convert string to float: 'TELUK KUMBAR'
PEA4002,SEKOLAH MENENGAH KEBANGSAAN VALDOR,JALAN VALDOR, SUNGAI BAKAP,5.237925,100.492075,PPD SEBERANG PRAI SELATAN,['MENENGAH'],could not convert string to float: 'SUNGAI BAKAP'
PEA4006,SEKOLAH MENENGAH KEBANGSAAN TAMAN WIDURI,LORONG 4 TAMAN WIDURI, TAMAN WIDURI,5.202016667,100.5288083,PPD SEBERANG PRAI SELATAN,['MENENGAH'],could not convert string to float: 'TAMAN WIDURI'
PEA4007,SEKOLAH MENENGAH KEBANGSAAN SAUJANA INDAH,JLN TRANSKRIAN,TRANSKRIAN,5.15163,100.487,PPD SEBERANG PRAI SELATAN,['MENENGAH'],could not convert string to float: 'TRANSKRIAN'
PEA4008,SEKOLAH MENENGAH KEBANGSAAN BATU KAWAN,JALAN TANJUNG TIGA, BATU KAWAN,5.272797222,100.4329694,PPD SEBERANG PRAI SELATAN,['MENENGAH'],could not convert string to float: 'BATU KAWAN'
PEA4011,SEKOLAH MENENGAH KEBANGSAAN JIT SIN II,LOT 1340,MUKIM 15,5.273029,100.514526,PPD SEBERANG PRAI SELATAN,['MENENGAH'],could not convert string to float: 'MUKIM 15'
PEB0042,SEKOLAH MENENGAH KEBANGSAAN TINGGI BUKIT MERTAJAM,77 , JALAN SRI BUKIT,5.358931,100.459622,PPD SEBERANG PRAI TENGAH,['MENENGAH'],could not convert string to float: 'JALAN SRI BUKIT'
PEB0043,SEKOLAH MENENGAH KEBANGSAAN JALAN DAMAI,JALAN DAMAI, KAMPUNG BARU,5.34075,100.474,PPD SEBERANG PRAI TENGAH,['MENENGAH'],could not convert string to float: 'KAMPUNG BARU'
PEB0045,SEKOLAH MENENGAH KEBANGSAAN JIT SIN,JLN BINJAI, TMN SRI RAMBAI,5.34357,100.446,PPD SEBERANG PRAI TENGAH,['MENENGAH'],could not convert string to float: 'TMN SRI RAMBAI'
PEB1093,SEKOLAH MENENGAH KEBANGSAAN PEREMPUAN CHINA PULAU PINANG,2, JALAN GOTTLIEB,5.4336,100.302,PPD TIMUR LAUT,['MENENGAH'],could not convert string to float: 'JALAN GOTTLIEB'
PEB1095,SEKOLAH MENENGAH KEBANGSAAN CHUNG HWA CONFUCIAN,2, PESIARAN TEMBAGA,5.39083,100.301,PPD TIMUR LAUT,['MENENGAH'],could not convert string to float: 'PESIARAN TEMBAGA'
PEB1098,SEKOLAH MENENGAH KEBANGSAAN CONVENT DATUK KERAMAT,421, JALAN DATUK KERAMAT,5.412291667,100.3178417,PPD TIMUR LAUT,['MENENGAH'],could not convert string to float: 'JALAN DATUK KERAMAT'
PEB1108,SEKOLAH MENENGAH KEBANGSAAN PHOR TAY,731, JALAN SUNGAI DUA,5.43872,100.306,PPD TIMUR LAUT,['MENENGAH'],could not convert string to float: 'JALAN SUNGAI DUA'
PEB1114,SEKOLAH MENENGAH KEBANGSAAN WESTLANDS,3, JALAN KHAW SIM BEE,5.422289115,100.3186389,PPD TIMUR LAUT,['MENENGAH'],could not convert string to float: 'JALAN KHAW SIM BEE'
PEE1101,SEKOLAH MENENGAH KEBANGSAAN DATUK HJ. MOHAMED NOR AHMAD,KAMPONG KASTAM, BUKIT GELUGOR,5.371097222,100.3046556,PPD TIMUR LAUT,['MENENGAH'],could not convert string to float: 'BUKIT GELUGOR'
PEE4036,SEKOLAH MENENGAH KEBANGSAAN TUN SYED SHEH BARAKBAH,JALAN SUNGAI DURI, SUNGAI BAKAP,5.21108,100.501,PPD SEBERANG PRAI SELATAN,['MENENGAH'],could not convert string to float: 'SUNGAI BAKAP'
PFT0003,SEKOLAH MENENGAH ISLAM AL-MASRIYAH,1267, JALAN ABDUL KADIR,5.373386,100.463703,PPD SEBERANG PRAI TENGAH,['MENENGAH'],could not convert string to float: 'JALAN ABDUL KADIR'
PFT3001,SMA MAAHAD AL MASHOOR AL ISLAMI,MUKIM G, JALAN SUNGAI NIPAH,5.331348,100.212975,PPD BARAT DAYA,['MENENGAH'],could not convert string to float: 'JALAN SUNGAI NIPAH'
RBA0003,SEKOLAH KEBANGSAAN BESERI,KM 12, JLN KAKI BUKIT, BESERI,6.535006,100.227947,"['JPN PERLIS', 'RENDAH']",could not convert string to float: 'BESERI'
RBA0006,SEKOLAH KEBANGSAAN RAJA PEREMPUAN BUDRIAH,CHEMUMAR, SIMPANG EMPAT,6.363069444,100.2614778,JPN PERLIS,['RENDAH'],could not convert string to float: 'SIMPANG EMPAT'
RBA0013,SEKOLAH KEBANGSAAN KAMPONG SALANG,KM. 4,  JALAN  KAKI  BUKIT,6.466515,100.210855,JPN PERLIS,['RENDAH'],could not convert string to float: 'JALAN  KAKI  BUKIT'
RBA0014,SEKOLAH KEBANGSAAN KAMPONG SERDANG,JLN KG. SERDANG, SIMPANG EMPAT,6.33405,100.229,JPN PERLIS,['RENDAH'],could not convert string to float: 'SIMPANG EMPAT'
RBA0027,SEKOLAH KEBANGSAAN PAYA,KM8.2, JLN  KAKI BUKIT,6.5019,100.224,JPN PERLIS,['RENDAH'],could not convert string to float: 'JLN  KAKI BUKIT'
RBA0029,SEKOLAH KEBANGSAAN SANTAN,KM.7, JALAN SANTAN,6.484836111,100.2334889,JPN PERLIS,['RENDAH'],could not convert string to float: 'JALAN SANTAN'
RBA0033,SEKOLAH KEBANGSAAN DATO AHMAD MUSA,KAMPUNG SUNGAI PADANG, SIMPANG EMPAT,6.316575,100.1765556,JPN PERLIS,['RENDAH'],could not convert string to float: 'SIMPANG EMPAT'
RBA0034,SEKOLAH KEBANGSAAN TAMBUN TULANG,KM 7, JALAN BN,6.37651,100.24,JPN PERLIS,['RENDAH'],could not convert string to float: 'JALAN BN'
RBA0037,SEKOLAH KEBANGSAAN SERI TUNJONG,KM 10, JLN BUKIT KETERI,6.51719,100.234,JPN PERLIS,['RENDAH'],could not convert string to float: 'JLN BUKIT KETERI'
RBA0077,SEKOLAH KEBANGSAAN LONG BOH,JLN TENGKU BUDRIAH, SIMPANG EMPAT,6.392405556,100.2272472,JPN PERLIS,['RENDAH'],could not convert string to float: 'SIMPANG EMPAT'
RBA0078,SEKOLAH KEBANGSAAN (FELDA) MATA AIR,KM 32, JLN PADANG BESAR (U),6.666558333,100.2804111,JPN PERLIS,['RENDAH'],could not convert string to float: 'JLN PADANG BESAR (U)'
RBA0080,SEKOLAH KEBANGSAAN LUBUK SIREH,KM 26, JLN PADANG BESAR (U), PDG. BESAR,6.648819444,100.2253417,"['JPN PERLIS', 'RENDAH']",could not convert string to float: 'PDG. BESAR'
RBC0052,SEKOLAH JENIS KEBANGSAAN (CINA) SIN MIN,JLN SYED HUSSAIN, PAUH,6.437511111,100.3022361,JPN PERLIS,['RENDAH'],could not convert string to float: 'PAUH'
RCT0004,SEKOLAH RENDAH ISLAM 1,KM 3, JALAN ABI TOK HASHIM,6.464586111,100.1934667,JPN PERLIS,['RENDAH'],could not convert string to float: 'JALAN ABI TOK HASHIM'
REA0055,SEKOLAH MENENGAH KEBANGSAAN SYED AHMAD,JALAN TAMBUN TULANG, KG. BOHOR MENTALON,6.382533333,100.24545,JPN PERLIS,['MENENGAH'],could not convert string to float: 'KG. BOHOR MENTALON'
REA0080,SEKOLAH MENENGAH KEBANGSAAN ABI,KM 7, JLN PADANG MELANGIT,6.49543,100.205858,JPN PERLIS,['MENENGAH'],could not convert string to float: 'JLN PADANG MELANGIT'
REA0085,SEKOLAH MENENGAH KEBANGSAAN BESERI,MUKIM BESERI, BESERI,6.552286111,100.2403583,JPN PERLIS,['MENENGAH'],could not convert string to float: 'BESERI'
REE0061,SEKOLAH MENENGAH KEBANGSAAN SYED SAFFI,KM12,  JALAN KANGAR-ALOR SETAR,6.331422222,100.1918917,JPN PERLIS,['MENENGAH'],could not convert string to float: 'JALAN KANGAR-ALOR SETAR'
REE0062,SEKOLAH MENENGAH KEBANGSAAN SYED SIRAJUDDIN,JEJAWI, JALAN BESAR KANGAR ARAU,6.44576,100.239,JPN PERLIS,['MENENGAH'],could not convert string to float: 'JALAN BESAR KANGAR ARAU'
REE0063,SEKOLAH MENENGAH KEBANGSAAN TENGKU SULAIMAN,JALAN BUKIT KETERI,BESERI,6.51809,100.234,JPN PERLIS,['MENENGAH'],could not convert string to float: 'BESERI'
TBA0001,SEKOLAH KEBANGSAAN KAMPONG RAJA,KAMPONG RAJA, BESUT TERENGGANU,5.79712,102.563,PPD BESUT,['RENDAH'],could not convert string to float: 'BESUT TERENGGANU'
TBA0025,SEKOLAH KEBANGSAAN TANAH MERAH,5.70612,102.517,PPD BESUT,RENDAH,,,could not convert string to float: 'PPD BESUT'
TBA0029,SEKOLAH KEBANGSAAN OH,KG  OH, BESUT,5.65608,102.531,PPD BESUT,['RENDAH'],could not convert string to float: 'BESUT'
TBA0067,SEKOLAH KEBANGSAAN (FELDA) SELASIH,KG.  FELDA SELASIH, WAKIL POS TOK DOR,5.64315,102.619,PPD BESUT,['RENDAH'],could not convert string to float: 'WAKIL POS TOK DOR'
TBA1017,SEKOLAH KEBANGSAAN DENDANG,KG. DENDANG, BUKIT BESI,4.81813,103.181,PPD DUNGUN,['RENDAH'],could not convert string to float: 'BUKIT BESI'
TBA1025,SEKOLAH KEBANGSAAN BATU 48,JALAN HOSPITAL, KG. PAK SABAH,4.753752038,103.4132266,PPD DUNGUN,['RENDAH'],could not convert string to float: 'KG. PAK SABAH'
TBA1026,SEKOLAH KEBANGSAAN TOK KAH,JALAN TOK KAH/JERANGAU, KG TOK KAH,4.804799265,103.3608833,PPD DUNGUN,['RENDAH'],could not convert string to float: 'KG TOK KAH'
TBA1030,SEKOLAH KEBANGSAAN LADANG GAJAH MATI,LADANG GAJAH MATI, BUKIT BESI,4.69416,103.207,PPD DUNGUN,['RENDAH'],could not convert string to float: 'BUKIT BESI'
TBA1031,SEKOLAH KEBANGSAAN KAMPUNG BARU KUALA ABANG,KAMPUNG BARU, KUALA ABANG,4.82487,103.402,PPD DUNGUN,['RENDAH'],could not convert string to float: 'KUALA ABANG'
TBA1035,SEKOLAH KEBANGSAAN BALAI BESAR,KAMPUNG PAYA, BALAI BESAR,4.73178,103.41,PPD DUNGUN,['RENDAH'],could not convert string to float: 'BALAI BESAR'
TBA1044,SEKOLAH KEBANGSAAN PAKA III,JALAN PERUMAHAN TNB, PAKA,4.607769,103.431064,PPD DUNGUN,['RENDAH'],could not convert string to float: 'PAKA'
TBA2010,SEKOLAH KEBANGSAAN IBOK,4.31817,103.368,PPD KEMAMAN,RENDAH,,,could not convert string to float: 'PPD KEMAMAN'
TBA2013,SEKOLAH KEBANGSAAN KIJAL,JALAN PANTAI, KG IBAI,4.33634,103.483,PPD KEMAMAN,['RENDAH'],could not convert string to float: 'KG IBAI'
TBA2016,SEKOLAH KEBANGSAAN AYER JERNEH,KG. AYER JERNEH, KEMASEK,4.40671,103.397,PPD KEMAMAN,['RENDAH'],could not convert string to float: 'KEMASEK'
TBA2018,SEKOLAH KEBANGSAAN PENGKALAN RANGGON,4.55263,103.406,PPD KEMAMAN,RENDAH,,,could not convert string to float: 'PPD KEMAMAN'
TBA2038,SEKOLAH KEBANGSAAN KAMPONG BAHARU FELDA NERAM I,3.99475,103.279,PPD KEMAMAN,RENDAH,,,could not convert string to float: 'PPD KEMAMAN'
TBA2041,SEKOLAH KEBANGSAAN SERI KEMAMAN,HADAPAN TADIKA YAYASAN LOT 144, KG. GONG LIMAU,4.24646,103.421,PPD KEMAMAN,['RENDAH'],could not convert string to float: 'KG. GONG LIMAU'
TBA2042,SEKOLAH KEBANGSAAN PAYOH,KG PAYOH,KEMASEK,4.38265,103.398,PPD KEMAMAN,['RENDAH'],could not convert string to float: 'KEMASEK'
TBA2044,SEKOLAH KEBANGSAAN SERI IMAN,JALAN KG. GONG LIMAU, CHUKAI,4.24384,103.42,PPD KEMAMAN,['RENDAH'],could not convert string to float: 'CHUKAI'
TBA2046,SEKOLAH KEBANGSAAN SUNGAI PERGAM,KG SUNGAI PERGAM,  D/A WAKIL POS CHENEH BARU,4.04376,103.289,PPD KEMAMAN,['RENDAH'],could not convert string to float: 'D/A WAKIL POS CHENEH BARU'
TBA2050,SEKOLAH KEBANGSAAN BANDAR BAHARU,KG. JAYA,JALAN AIR PUTEH,4.23685,103.403,PPD KEMAMAN,['RENDAH'],could not convert string to float: 'JALAN AIR PUTEH'
TBA2052,SEKOLAH KEBANGSAAN KG BARU KERTEH,JALAN CHABANG, KAMPUNG BARU KERTEH,4.48949,103.427,PPD KEMAMAN,['RENDAH'],could not convert string to float: 'KAMPUNG BARU KERTEH'
TBA3016,SEKOLAH KEBANGSAAN PULAU RUSA,JALAN KELANTAN, KG.PULAU RUSA,5.3114,103.094,PPD KUALA TERENGGANU,['RENDAH'],could not convert string to float: 'KG.PULAU RUSA'
TBA3019,SEKOLAH KEBANGSAAN PALOH,JALAN KELANTAN, KAMPUNG PALOH,5.31597,103.098,PPD KUALA TERENGGANU,['RENDAH'],could not convert string to float: 'KAMPUNG PALOH'
TBA3066,SEKOLAH KEBANGSAAN PULAU MANIS,MANIR , JALAN TELEMONG,5.24992,103.031,PPD KUALA TERENGGANU,['RENDAH'],could not convert string to float: 'JALAN TELEMONG'
TBA3077,SEKOLAH KEBANGSAAN KEBOR AYER,KG. KEBOR AYER, W/POS MANIR,5.31747,103.066,PPD KUALA TERENGGANU,['RENDAH'],could not convert string to float: 'W/POS MANIR'
TBA3079,SEKOLAH KEBANGSAAN PULAU BAHAGIA,W/P MANIR, KUALA TRENGGANU,5.26912,103.053,PPD KUALA TERENGGANU,['RENDAH'],could not convert string to float: 'KUALA TRENGGANU'
TBA3089,SEKOLAH KEBANGSAAN DURIAN BURUNG,JALAN CENGAL 8, KG. DURIAN BURONG,5.30272,103.108,PPD KUALA TERENGGANU,['RENDAH'],could not convert string to float: 'KG. DURIAN BURONG'
TBA3099,SEKOLAH KEBANGSAAN TELUK MENARA,KG. TELUK MENARA, MANIR,5.29739,103.086,PPD KUALA TERENGGANU,['RENDAH'],could not convert string to float: 'MANIR'
TBA4015,SEKOLAH KEBANGSAAN WAKAF TAPAI,KG WAKAF TAPAI, JALAN K. BERANG,5.13636,103.085,PPD MARANG,['RENDAH'],could not convert string to float: 'JALAN K. BERANG'
TBA4020,SEKOLAH KEBANGSAAN TASEK,KAMPONG TASEK, BUKIT PAYONG,5.23215,103.081,PPD MARANG,['RENDAH'],could not convert string to float: 'BUKIT PAYONG'
TBA5002,SEKOLAH KEBANGSAAN TELAGA,KG. TELAGA, JALAN SUNGAI TONG,5.085611098,102.9981841,PPD HULU TERENGGANU,['RENDAH'],could not convert string to float: 'JALAN SUNGAI TONG'
TBA5005,SEKOLAH KEBANGSAAN BUKIT DIMAN,KG. BUKIT DIMAN, JALAN JERANGAU,5.05142,103.107,PPD HULU TERENGGANU,['RENDAH'],could not convert string to float: 'JALAN JERANGAU'
TBA5006,SEKOLAH KEBANGSAAN PAUH,KAMPUNG PAUH, JLN. EMPANGAN SULTAN MAHMUD,5.073913047,102.9695527,PPD HULU TERENGGANU,['RENDAH'],could not convert string to float: 'JLN. EMPANGAN SULTAN MAHMUD'
TBA5011,SEKOLAH KEBANGSAAN BUKIT GEMUROH,KAMPUNG BUKIT GEMUROH, JALAN SEKAYU,5.0246,102.992,PPD HULU TERENGGANU,['RENDAH'],could not convert string to float: 'JALAN SEKAYU'
TBA5012,SEKOLAH KEBANGSAAN MATANG,KAMPUNG MATANG, JALAN SUNGAI TONG,5.14458,102.957,PPD HULU TERENGGANU,['RENDAH'],could not convert string to float: 'JALAN SUNGAI TONG'
TBA5013,SEKOLAH KEBANGSAAN TENGKAWANG,KAMPUNG TENGKAWANG, JALAN SUNGAI TONG,5.159965653,102.9297472,PPD HULU TERENGGANU,['RENDAH'],could not convert string to float: 'JALAN SUNGAI TONG'
TBA5014,SEKOLAH KEBANGSAAN MENERONG,4.93452,103.057,PPD HULU TERENGGANU,RENDAH,,,could not convert string to float: 'PPD HULU TERENGGANU'
TBA5015,SEKOLAH KEBANGSAAN SG BULOH,KG. PAYANG KAYU, JALAN SUNGAI TONG,5.14109,102.874,PPD HULU TERENGGANU,['RENDAH'],could not convert string to float: 'JALAN SUNGAI TONG'
TBA5016,SEKOLAH KEBANGSAAN KUALA PING,KAMPUNG TOK LAWIT, JALAN SUNGAI TONG,5.16385,102.901,PPD HULU TERENGGANU,['RENDAH'],could not convert string to float: 'JALAN SUNGAI TONG'
TBA5018,SEKOLAH KEBANGSAAN PADANG SETEBU,KG. BASUNG, JALAN PENGKALAN GAWI, TASIK KENYIR,5.18358,102.842,"['PPD HULU TERENGGANU', 'RENDAH']",could not convert string to float: 'TASIK KENYIR'
TBA5024,SEKOLAH KEBANGSAAN KUALA DURA,KG. KUALA DURA, JLN EMPANGAN SULTAN MAHMUD,5.06099,102.934,PPD HULU TERENGGANU,['RENDAH'],could not convert string to float: 'JLN EMPANGAN SULTAN MAHMUD'
TBA5025,SEKOLAH KEBANGSAAN BUKIT TADOK,KG. BUKIT TADOK, KUALA TELEMONG,5.18225,103.008,PPD HULU TERENGGANU,['RENDAH'],could not convert string to float: 'KUALA TELEMONG'
TBA5029,SEKOLAH KEBANGSAAN LEREK,JALAN JENAGOR, KAMPUNG LEREK,5.10834,102.94,PPD HULU TERENGGANU,['RENDAH'],could not convert string to float: 'KAMPUNG LEREK'
TBA5032,SEKOLAH KEBANGSAAN TAPAH,KG, TAPAH, JLN. EMPANGAN SULTAN MAHMUD,5.09808,102.912,"['PPD HULU TERENGGANU', 'RENDAH']",could not convert string to float: 'JLN. EMPANGAN SULTAN MAHMUD'
TBA5045,SEKOLAH KEBANGSAAN FELDA TERSAT,4.9621,103.044,PPD HULU TERENGGANU,RENDAH,,,could not convert string to float: 'PPD HULU TERENGGANU'
TBA5054,SEKOLAH KEBANGSAAN PADANG SETENGGE,KUALA BERANG, HULU TERENGGANU,5.084355,102.982276,PPD HULU TERENGGANU,['RENDAH'],could not convert string to float: 'HULU TERENGGANU'
TBA6009,SEKOLAH KEBANGSAAN KAMPUNG FIKRI,KG FIKRI PANTAI,SETIU,5.64187,102.744,PPD SETIU,['RENDAH'],could not convert string to float: 'SETIU'
TBA6034,SEKOLAH KEBANGSAAN BINTANG,BDR. PERMAISURI, SETIU,5.62947,102.674,PPD SETIU,['RENDAH'],could not convert string to float: 'SETIU'
TBA6037,SEKOLAH KEBANGSAAN KAMPONG BESUT,JALAN ULU SELADANG, KG BESUT,5.4866,102.706,PPD SETIU,['RENDAH'],could not convert string to float: 'KG BESUT'
TBA6068,SEKOLAH KEBANGSAAN SUNGAI TONG,KM 47,JALAN KELANTAN, KG. SUNGAI TONG,5.35462,102.884,"['PPD SETIU', 'RENDAH']",could not convert string to float: 'KG. SUNGAI TONG'
TBA6074,SEKOLAH KEBANGSAAN BUKIT MUNDOK,NO. 48, PETI SURAT MASYARAKAT,5.22176,102.932,PPD SETIU,['RENDAH'],could not convert string to float: 'PETI SURAT MASYARAKAT'
TBA6090,SEKOLAH KEBANGSAAN LEMBAH BIDONG,MERANG, SETIU,5.51098,102.983,PPD SETIU,['RENDAH'],could not convert string to float: 'SETIU'
TBA6091,SEKOLAH KEBANGSAAN LEMBAH JAYA,BANDAR PERMAISURI,SETIU,5.51789,102.768,PPD SETIU,['RENDAH'],could not convert string to float: 'SETIU'
TBA6119,SEKOLAH KEBANGSAAN SERI LANGKAP,LOT 5388, KG.SUNGAI TONG,5.1542,103.049,PPD SETIU,['RENDAH'],could not convert string to float: 'KG.SUNGAI TONG'
TBA7016,SEKOLAH KEBANGSAAN PULAU REDANG,PETI SURAT 104, PEJABAT POS BESAR,5.77548,103.01,PPD KUALA NERUS,['RENDAH'],could not convert string to float: 'PEJABAT POS BESAR'
TBA7024,SEKOLAH KEBANGSAAN TANJUNG GELAM,KAMPUNG PAK TUYU, MENGABANG TELIPOT,5.41278,103.08,PPD KUALA NERUS,['RENDAH'],could not convert string to float: 'MENGABANG TELIPOT'
TBA7026,SEKOLAH KEBANGSAAN KOMPLEKS SEBERANG TAKIR,KAMPUNG BATIN, SEBERANG TAKIR,5.34709,103.122,PPD KUALA NERUS,['RENDAH'],could not convert string to float: 'SEBERANG TAKIR'
TBB5038,SEKOLAH KEBANGSAAN TENGKU AMPUAN INTAN,KM.1, JALAN KUALA TERENGGANU,5.072024816,103.0306145,PPD HULU TERENGGANU,['RENDAH'],could not convert string to float: 'JALAN KUALA TERENGGANU'
TEA1042,SEKOLAH MENENGAH KEBANGSAAN BUKIT BESI,JALAN RAKSA, BUKIT BESI,4.75961,103.188,PPD DUNGUN,['MENENGAH'],could not convert string to float: 'BUKIT BESI'
TEA3112,SEKOLAH MENENGAH KEBANGSAAN SULTAN AHMAD,LOSONG HAJI MAT SHAFIE, CHABANG TIGA,5.31166,103.107,PPD KUALA TERENGGANU,['MENENGAH'],could not convert string to float: 'CHABANG TIGA'
TEA3130,SEKOLAH MENENGAH KEBANGSAAN TENGKU MUHAMMAD ISMAIL,JALAN HAJI ABDUL RAHMAN LIMBONG, KG. BANGGOL,5.295098,103.156784,PPD KUALA TERENGGANU,['MENENGAH'],could not convert string to float: 'KG. BANGGOL'
TEA4013,SEKOLAH MENENGAH KEBANGSAAN BUKIT SAWA,KG BUKIT SAWA, MARANG,5.18908,103.1,PPD MARANG,['MENENGAH'],could not convert string to float: 'MARANG'
TEA4014,SEKOLAH MENENGAH KEBANGSAAN TENGKU LELA SEGARA,JALAN SUNGAI KERAK, MRG,5.1844,103.216,PPD MARANG,['MENENGAH'],could not convert string to float: 'MRG'
TEA5035,SEKOLAH MENENGAH KEBANGSAAN MATANG,KAMPUNG MATANG, JALAN SUNGAI TONG,5.14668,102.965,PPD HULU TERENGGANU,['MENENGAH'],could not convert string to float: 'JALAN SUNGAI TONG'
TEA5037,SEKOLAH MENENGAH KEBANGSAAN LANDAS,KM 19, JALAN JERANGAU,4.94445,103.18,PPD HULU TERENGGANU,['MENENGAH'],could not convert string to float: 'JALAN JERANGAU'
TEA5041,SEKOLAH MENENGAH KEBANGSAAN JENAGOR,KG.JENAGOR,JLN STESEN JANAELEKTRIK SULTAN MAHMUD,5.04824,102.932,PPD HULU TERENGGANU,['MENENGAH'],could not convert string to float: 'JLN STESEN JANAELEKTRIK SULTAN MAHMUD'
TEA5042,SEKOLAH MENENGAH KEBANGSAAN KUALA JENDERIS,JALAN PENGKALAN GAWI, TASIK KENYIR,5.19172,102.876,PPD HULU TERENGGANU,['MENENGAH'],could not convert string to float: 'TASIK KENYIR'
TEA5043,SEKOLAH MENENGAH KEBANGSAAN TUN INDERA,KAMPUNG PELANDAN,JALAN KAMPUNG CHETING,4.99807,102.99,PPD HULU TERENGGANU,['MENENGAH'],could not convert string to float: 'JALAN KAMPUNG CHETING'
TEA5044,SEKOLAH MENENGAH KEBANGSAAN BUKIT DIMAN,JALAN BUKIT JABAR, KG. BUKIT DIMAN,5.0425,103.116,PPD HULU TERENGGANU,['MENENGAH'],could not convert string to float: 'KG. BUKIT DIMAN'
TEA6083,SEKOLAH MENENGAH KEBANGSAAN CHALOK,KM 65, KG.CHALOK,5.43764,102.835,PPD SETIU,['MENENGAH'],could not convert string to float: 'KG.CHALOK'
TEA7011,SEKOLAH SUKAN MALAYSIA TERENGGANU,LOT 50393, JALAN LAPANGAN TERBANG, KUALA TERENGGANU,5.368152,103.09423,"['PPD KUALA NERUS', 'MENENGAH']",could not convert string to float: 'KUALA TERENGGANU'
TFT5002,SMA MAHMUDIAH,KM 38, JALAN KUALA BERANG, HULU TERENGGANU,5.07024,103.029,"['PPD HULU TERENGGANU', 'MENENGAH']",could not convert string to float: 'HULU TERENGGANU'
THA0002,KOLEJ VOKASIONAL SULTAN MIZAN,JALAN BUKIT KELUANG, KOTA PUTRA,5.799848,102.594493,PPD BESUT,['MENENGAH'],could not convert string to float: 'KOTA PUTRA'
THA1001,KOLEJ VOKASIONAL DUNGUN,KM 5, JALAN PAKA,4.711460427,103.4062398,PPD DUNGUN,['MENENGAH'],could not convert string to float: 'JALAN PAKA'
THA2002,KOLEJ VOKASIONAL KEMAMAN ,KM6, JALAN AYER PUTEH, BINJAI,4.23698,103.372,"['PPD KEMAMAN', 'MENENGAH']",could not convert string to float: 'BINJAI'
WBA0005,SEKOLAH KEBANGSAAN TUN HUSSEIN ONN,JLN DUA, KG PANDAN,3.14327,101.739,PPW BANGSAR PUDU,['RENDAH'],could not convert string to float: 'KG PANDAN'
WBA0010,SEKOLAH KEBANGSAAN SETAPAK,JALAN CHAN CHIN MOOI, OFF JALAN PAHANG,3.18647,101.705,PPW KERAMAT,['RENDAH'],could not convert string to float: 'OFF JALAN PAHANG'
WBA0011,SEKOLAH KEBANGSAAN BUKIT BANDARAYA,JALAN BANGKUNG, BANGSAR,3.1376,101.671,PPW BANGSAR PUDU,['RENDAH'],could not convert string to float: 'BANGSAR'
WBA0013,SEKOLAH KEBANGSAAN KAMPUNG BHARU,JLN DATUK ABDUL RAZAK, KG BHARU,3.16288,101.702,PPW KERAMAT,['RENDAH'],could not convert string to float: 'KG BHARU'
WBA0014,SEKOLAH KEBANGSAAN TAMAN BUKIT MALURI,JALAN BURUNG KASAWARI, TAMAN BUKIT MALURI,3.2037,101.633,PPW SENTUL,['RENDAH'],could not convert string to float: 'TAMAN BUKIT MALURI'
WBA0015,SEKOLAH KEBANGSAAN WANGSA JAYA,WANGSA MAJU, SEKSYEN 4,3.20558,101.74,PPW KERAMAT,['RENDAH'],could not convert string to float: 'SEKSYEN 4'
WBA0016,SEKOLAH KEBANGSAAN WANGSA MAJU SEKSYEN 1,BANDAR BARU WANGSA MAJU, SETAPAK,3.20133,101.732,PPW KERAMAT,['RENDAH'],could not convert string to float: 'SETAPAK'
WBA0017,SEKOLAH KEBANGSAAN TAMAN MIDAH,JALAN MIDAH 11, TAMAN MIDAH CHERAS,3.0954,101.73,PPW BANGSAR PUDU,['RENDAH'],could not convert string to float: 'TAMAN MIDAH CHERAS'
WBA0018,SEKOLAH KEBANGSAAN TAMAN TUN DR ISMAIL 1,JLN. AMINUDDIN BAKI, TMN. TUN DR. ISMAIL,3.15332,101.62,PPW BANGSAR PUDU,['RENDAH'],could not convert string to float: 'TMN. TUN DR. ISMAIL'
WBA0021,SEKOLAH KEBANGSAAN KG BATU,BATU 4 1/2, JALAN IPOH,3.20208,101.677,PPW SENTUL,['RENDAH'],could not convert string to float: 'JALAN IPOH'
WBA0033,SEKOLAH KEBANGSAAN PETALING 1,KM 10,TAMAN KANAGAPURAM, OFF JALAN KLANG LAMA,3.079496,101.659176,"['PPW BANGSAR PUDU', 'RENDAH']",could not convert string to float: 'OFF JALAN KLANG LAMA'
WBA0036,SEKOLAH KEBANGSAAN SERI MEGA,JLN. HUJAN, TMN. OVERSEAS UNION,3.07728,101.671,PPW BANGSAR PUDU,['RENDAH'],could not convert string to float: 'TMN. OVERSEAS UNION'
WBA0037,SEKOLAH KEBANGSAAN BKT DAMANSARA,JLN BERINGIN, BKT DAMANSARA,3.15677,101.656,PPW BANGSAR PUDU,['RENDAH'],could not convert string to float: 'BKT DAMANSARA'
WBA0038,SEKOLAH KEBANGSAAN BUKIT PANTAI,JALAN CENDERAI, BANGSAR,3.12848,101.666,PPW BANGSAR PUDU,['RENDAH'],could not convert string to float: 'BANGSAR'
WBA0039,SEKOLAH KEBANGSAAN BANDAR TUN RAZAK 1,JLN YAACOB LATIF, CHERAS,3.09163,101.725,PPW BANGSAR PUDU,['RENDAH'],could not convert string to float: 'CHERAS'
WBA0040,SEKOLAH KEBANGSAAN BANDAR TUN RAZAK 2,JALAN YAACOB LATIF, BANDAR TUN RAZAK,3.09157,101.725,PPW BANGSAR PUDU,['RENDAH'],could not convert string to float: 'BANDAR TUN RAZAK'
WBA0043,SEKOLAH KEBANGSAAN BANDAR BARU SERI PETALING,JALAN WAN SENDARI, SRI PETALING,3.067583,101.697456,PPW BANGSAR PUDU,['RENDAH'],could not convert string to float: 'SRI PETALING'
WBA0045,SEKOLAH KEBANGSAAN SERI CHERAS,KM 5, JLN CHERAS, CHERAS,3.11503,101.728,"['PPW BANGSAR PUDU', 'RENDAH']",could not convert string to float: 'CHERAS'
WBA0047,SEKOLAH KEBANGSAAN WANGSA MAJU SEKSYEN 2,JALAN 4/27A, BANDAR BARU WANGSA MAJU,3.20807,101.734,PPW KERAMAT,['RENDAH'],could not convert string to float: 'BANDAR BARU WANGSA MAJU'
WBA0048,SEKOLAH KEBANGSAAN PENDIDIKAN KHAS KG BAHARU,JALAN RAJA ABDULLAH, KG. BAHARU,3.162038,101.702413,PPW KERAMAT,['RENDAH'],could not convert string to float: 'KG. BAHARU'
WBA0051,SEKOLAH KEBANGSAAN TAMAN DESA,JALAN DESA UTAMA, TAMAN DESA,3.1071,101.69,PPW BANGSAR PUDU,['RENDAH'],could not convert string to float: 'TAMAN DESA'
WBA0052,SEKOLAH KEBANGSAAN TAMAN MALURI,JALAN WIRAWATI 6, TAMAN MALURI,3.1422,101.729,PPW BANGSAR PUDU,['RENDAH'],could not convert string to float: 'TAMAN MALURI'
WBA0054,SEKOLAH KEBANGSAAN SERI PERAK,JALAN 1A/48A, BANDAR BARU SENTUL,3.18183,101.699,PPW SENTUL,['RENDAH'],could not convert string to float: 'BANDAR BARU SENTUL'
WBA0055,SEKOLAH KEBANGSAAN TAMAN SEGAR,JLN. MANIS, TAMAN SEGAR,3.09058,101.745,PPW BANGSAR PUDU,['RENDAH'],could not convert string to float: 'TAMAN SEGAR'
WBA0056,SEKOLAH KEBANGSAAN TAMAN KOPERASI POLIS,TAMAN KOPERASI POLIS FASA 2, BATU CAVES,3.22052,101.693,PPW SENTUL,['RENDAH'],could not convert string to float: 'BATU CAVES'
WBA0057,SEKOLAH KEBANGSAAN TAMAN TUN DR. ISMAIL (2),JALAN ABANG HJ. OPENG, TAMAN TUN DR. ISMAIL,3.1456,101.631,PPW BANGSAR PUDU,['RENDAH'],could not convert string to float: 'TAMAN TUN DR. ISMAIL'
WBA0058,SEKOLAH KEBANGSAAN SETIAWANGSA,JALAN SETIAWANGSA 13, TAMAN SETIAWANGSA,3.18032,101.741,PPW KERAMAT,['RENDAH'],could not convert string to float: 'TAMAN SETIAWANGSA'
WBA0060,SEKOLAH KEBANGSAAN TAMAN SERI RAMPAI,JALAN 67/26, TAMAN SRI RAMPAI, SETAPAK,3.19878,101.733,"['PPW KERAMAT', 'RENDAH']",could not convert string to float: 'SETAPAK'
WBA0061,SEKOLAH KEBANGSAAN DESA TUN HUSSEIN ONN,DESA TUN HUSSEIN ONN, JLN. JELATEK, KERAMAT,3.183797,101.735193,"['PPW KERAMAT', 'RENDAH']",could not convert string to float: 'KERAMAT'
WBA0064,SEKOLAH KEBANGSAAN MENJALARA,BANDAR MENJALARA, KEPONG,3.193969,101.637578,PPW SENTUL,['RENDAH'],could not convert string to float: 'KEPONG'
WBA0065,SEKOLAH KEBANGSAAN TAMAN SERI SINAR,JALAN 6/38A, TAMAN SRI SINAR,3.18827,101.654,PPW SENTUL,['RENDAH'],could not convert string to float: 'TAMAN SRI SINAR'
WBA0068,SEKOLAH KEBANGSAAN SETAPAK INDAH,JLN 2/6, SETAPAK INDAH,3.21563,101.72,PPW KERAMAT,['RENDAH'],could not convert string to float: 'SETAPAK INDAH'
WBA0069,SEKOLAH KEBANGSAAN TAMAN MIDAH 2,JALAN MIDAH 12, TAMAN MIDAH, CHERAS,3.09583,101.728,"['PPW BANGSAR PUDU', 'RENDAH']",could not convert string to float: 'CHERAS'
WBA0070,SEKOLAH KEBANGSAAN DANAU KOTA,JALAN 2/23E, TAMAN DANAU KOTA,3.20888,101.721,PPW KERAMAT,['RENDAH'],could not convert string to float: 'TAMAN DANAU KOTA'
WBA0071,SEKOLAH KEBANGSAAN DESA PANDAN,JALAN 4/76, DESA PANDAN,3.14973,101.738,PPW BANGSAR PUDU,['RENDAH'],could not convert string to float: 'DESA PANDAN'
WBA0073,SEKOLAH KEBANGSAAN SERI SURIA,JALAN 8A, TAMAN TAN YEW LAI OFF JLN PUCHONG,3.0709,101.662,PPW BANGSAR PUDU,['RENDAH'],could not convert string to float: 'TAMAN TAN YEW LAI OFF JLN PUCHONG'
WBA0075,SEKOLAH KEBANGSAAN BANDAR BARU SERI PETALING 2,JALAN RADIN, BANDAR BARU SERI PETALING,3.066444,101.689306,PPW BANGSAR PUDU,['RENDAH'],could not convert string to float: 'BANDAR BARU SERI PETALING'
WBA0076,SEKOLAH KEBANGSAAN DESA TASIK,JLN 11/146, BANDAR TASIK SELATAN,3.07115,101.713,PPW BANGSAR PUDU,['RENDAH'],could not convert string to float: 'BANDAR TASIK SELATAN'
WBA0078,SEKOLAH KEBANGSAAN SERI INDAH,JLN HUJAN BUKIT, TAMAN OVERSEAS UNION,3.06725,101.675,PPW BANGSAR PUDU,['RENDAH'],could not convert string to float: 'TAMAN OVERSEAS UNION'
WBA0079,SEKOLAH KEBANGSAAN SERI KEPONG,JLN LANG PERUT PUTIH 9, TAMAN KEPONG BARU TAMBAHAN,3.19127,101.647,PPW SENTUL,['RENDAH'],could not convert string to float: 'TAMAN KEPONG BARU TAMBAHAN'
WBA0082,SEKOLAH KEBANGSAAN DANAU PERDANA,JALAN DESA BAKTI 2, TAMAN DESA,3.10626,101.691254,PPW BANGSAR PUDU,['RENDAH'],could not convert string to float: 'TAMAN DESA'
WBA0083,SEKOLAH KEBANGSAAN BUKIT JALIL,JLN 3/155A, BUKIT JALIL GOLF RESORT,3.0502,101.687,PPW BANGSAR PUDU,['RENDAH'],could not convert string to float: 'BUKIT JALIL GOLF RESORT'
WBA0085,SEKOLAH KEBANGSAAN SERI TASIK,JALAN SRI PERMAISURI 1, BANDAR SRI PERMAISURI,3.096984,101.710667,PPW BANGSAR PUDU,['RENDAH'],could not convert string to float: 'BANDAR SRI PERMAISURI'
WBA0086,SEKOLAH KEBANGSAAN INTAN BAIDURI,JALAN INTAN BAIDURI 5D, TAMAN INTAN BAIDURI,3.229731122,101.6460846,PPW SENTUL,['RENDAH'],could not convert string to float: 'TAMAN INTAN BAIDURI'
WBA0087,SEKOLAH KEBANGSAAN SERI SAUJANA,JALAN MESRA RIA, BANDAR BARU SERI PETALING,3.068956412,101.6835191,PPW BANGSAR PUDU,['RENDAH'],could not convert string to float: 'BANDAR BARU SERI PETALING'
WBA0090,SEKOLAH KEBANGSAAN TAMAN MELATI,TAMAN MELATI,SETAPAK,3.22072,101.729,PPW KERAMAT,['RENDAH'],could not convert string to float: 'SETAPAK'
WBA0092,SEKOLAH KEBANGSAAN SERI ANGGERIK,JALAN 1/144A, TAMAN LEN SEN, CHERAS,3.07488,101.745,"['PPW BANGSAR PUDU', 'RENDAH']",could not convert string to float: 'CHERAS'
WBA0095,SEKOLAH KEBANGSAAN BATU MUDA,PPR BATU MUDA, JALAN IPOH,3.21262,101.684,PPW SENTUL,['RENDAH'],could not convert string to float: 'JALAN IPOH'
WBA0096,SEKOLAH KEBANGSAAN DANAU KOTA 2,LOT 21569, JALAN GENTING KLANG,3.20228,101.714,PPW KERAMAT,['RENDAH'],could not convert string to float: 'JALAN GENTING KLANG'
WBA0097,SEKOLAH KEBANGSAAN TIARA PERMAI,JALAN 8/18A, TAMAN MASTIARA, BATU 5, JALAN IPOH,3.2108,"['101.678', 'PPW SENTUL', 'RENDAH']",could not convert string to float: 'BATU 5'
WBA0098,SEKOLAH KEBANGSAAN SERI PERMAISURI,JALAN 6/106, BANDAR SRI PERMAISURI, CHERAS,3.104561,101.716918,"['PPW BANGSAR PUDU', 'RENDAH']",could not convert string to float: 'CHERAS'
WBA1012,SEKOLAH KEBANGSAAN LAYANG-LAYANGAN,JALAN MOHAMMAD SALLEH, KAMPUNG LAYANG-LAYANGAN,5.3269444,115.1952778,JPWP LABUAN,['RENDAH'],could not convert string to float: 'KAMPUNG LAYANG-LAYANGAN'
WBA1025,SEKOLAH KEBANGSAAN TANJUNG ARU,JALAN TANJUNG ARU, PETI SURAT 80994 ,5.3433333,115.24,JPWP LABUAN,['RENDAH'],could not convert string to float: 'PETI SURAT 80994'
WBA2001,SEKOLAH KEBANGSAAN PUTRAJAYA PRESINT 9(1),JLN P9 F, PRESINT 9,2.94274,101.677,JPWP PUTRAJAYA,['RENDAH'],could not convert string to float: 'PRESINT 9'
WBA2002,SEKOLAH KEBANGSAAN PUTRAJAYA PRESINT 8(1),NO 4, JALAN P8, PRESINT 8,2.93888,101.685,"['JPWP PUTRAJAYA', 'RENDAH']",could not convert string to float: 'PRESINT 8'
WBA2003,SEKOLAH KEBANGSAAN PUTRAJAYA PRESINT 16(1),JALAN P16G,PRESINT 16,2.93281,101.71,JPWP PUTRAJAYA,['RENDAH'],could not convert string to float: 'PRESINT 16'
WBA2004,SEKOLAH KEBANGSAAN PUTRAJAYA PRESINT 11(1),JALAN P11J1, PRESINT 11,2.95077,101.677,JPWP PUTRAJAYA,['RENDAH'],could not convert string to float: 'PRESINT 11'
WBA2005,SEKOLAH KEBANGSAAN PUTRAJAYA PRESINT 8(2),JALAN P8E2, PRESINT 8,2.93062,101.681,JPWP PUTRAJAYA,['RENDAH'],could not convert string to float: 'PRESINT 8'
WBA2006,SEKOLAH KEBANGSAAN PUTRAJAYA PRESINT 9 (2),JALAN P9A, PRESINT 9,2.93722,101.674,JPWP PUTRAJAYA,['RENDAH'],could not convert string to float: 'PRESINT 9'
WBA2007,SEKOLAH KEBANGSAAN PUTRAJAYA PRESINT 16 (2),JALAN  P16, PRESINT 16,2.92895,101.7,JPWP PUTRAJAYA,['RENDAH'],could not convert string to float: 'PRESINT 16'
WBA2008,SEKOLAH KEBANGSAAN PUTRAJAYA PRESINT 11 (3),NO.1,JALAN P 11/2,PRESINT 11,2.96144,101.666,"['JPWP PUTRAJAYA', 'RENDAH']",could not convert string to float: 'PRESINT 11'
WBA2009,SEKOLAH KEBANGSAAN PUTRAJAYA PRESINT 14(1),NO. 1A, JALAN P14, PRESINT 14,2.95353,101.724,"['JPWP PUTRAJAYA', 'RENDAH']",could not convert string to float: 'PRESINT 14'
WBA2010,SEKOLAH KEBANGSAAN PUTRAJAYA PRESINT 11(2),NO.1, JLN. P11C, PRESINT 11,2.968,101.671,"['JPWP PUTRAJAYA', 'RENDAH']",could not convert string to float: 'PRESINT 11'
WBA2011,SEKOLAH KEBANGSAAN PUTRAJAYA PRESINT 18(1),JALAN P18,PRESINT 18,2.92265,101.694,JPWP PUTRAJAYA,['RENDAH'],could not convert string to float: 'PRESINT 18'
WBA2012,SEKOLAH KEBANGSAAN PUTRAJAYA PRESINT 18(2),NO.3, JALAN P18G, PRESINT 18,2.91545,101.692,"['JPWP PUTRAJAYA', 'RENDAH']",could not convert string to float: 'PRESINT 18'
WBA2013,SEKOLAH KEBANGSAAN PUTRAJAYA PRESINT 5(1),JALAN P5A/5, PRESINT 5,2.88968,101.678,JPWP PUTRAJAYA,['RENDAH'],could not convert string to float: 'PRESINT 5'
WBA2014,SEKOLAH KEBANGSAAN PUTRAJAYA PRESINT 17(1),NO.1, JALAN P17C, PRESINT 17,2.923629,101.704079,"['JPWP PUTRAJAYA', 'RENDAH']",could not convert string to float: 'PRESINT 17'
WBA2015,SEKOLAH KEBANGSAAN PUTRAJAYA PRESINT 8 (3),D/A SMK PUTRAJAYA PRESINT 11 (2), NO.1, JALAN P11C, PRESINT 11,JPWP PUTRAJAYA,['RENDAH'],could not convert string to float: 'JALAN P11C'
WBA2016,SEKOLAH KEBANGSAAN PUTRAJAYA PRESINT 15 (1),D/A SMK PUTRAJAYA PRESINT 18 (1), JALAN P18, PRESINT 18,JPWP PUTRAJAYA,RENDAH,,could not convert string to float: 'PRESINT 18'
WBB0038,SEKOLAH KEBANGSAAN JALAN AIR PANAS,JALAN AIR PANAS, SETAPAK,3.18967,101.715,PPW KERAMAT,['RENDAH'],could not convert string to float: 'SETAPAK'
WBB0044,SEKOLAH KEBANGSAAN BRICKFIELDS 1,JALAN SULTAN ABDUL SAMAD, BRICKFIELDS,3.130492,101.68828,PPW BANGSAR PUDU,['RENDAH'],could not convert string to float: 'BRICKFIELDS'
WBB0045,SEKOLAH KEBANGSAAN BRICKFIELDS 2,JALAN SULTAN ABDUL SAMAD, BRICKFIELDS,3.130909,101.688732,PPW BANGSAR PUDU,['RENDAH'],could not convert string to float: 'BRICKFIELDS'
WBB0047,SEKOLAH KEBANGSAAN SERI BINTANG SELATAN,JALAN 3/91, TAMAN SHAMELIN PERKASA,3.118342,101.734879,PPW BANGSAR PUDU,['RENDAH'],could not convert string to float: 'TAMAN SHAMELIN PERKASA'
WBB0050,SEKOLAH KEBANGSAAN ST. TERESA BRICKFIELDS 1,LORONG ABDUL SAMAD, BRICKFIELDS,3.126742,101.685199,PPW BANGSAR PUDU,['RENDAH'],could not convert string to float: 'BRICKFIELDS'
WBB0053,SEKOLAH KEBANGSAAN CONVENT SENTUL 1,JALAN TANAH LAPANG, SENTUL,3.18527,101.694,PPW SENTUL,['RENDAH'],could not convert string to float: 'SENTUL'
WBB0054,SEKOLAH KEBANGSAAN CONVENT SENTUL 2,JALAN TANAH LAPANG, SENTUL,3.1855,101.694,PPW SENTUL,['RENDAH'],could not convert string to float: 'SENTUL'
WBB0060,SEKOLAH KEBANGSAAN (P) METHODIST (1) BRICKFIELDS,JALAN SULTAN ABDUL SAMAD, BRICKFIELDS,3.131566,101.689259,PPW BANGSAR PUDU,['RENDAH'],could not convert string to float: 'BRICKFIELDS'
WBB0063,SEKOLAH KEBANGSAAN PUTERI PANDAN 1,JALAN PERWIRA, KG PANDAN,3.1367,101.729,PPW BANGSAR PUDU,['RENDAH'],could not convert string to float: 'KG PANDAN'
WBB0064,SEKOLAH KEBANGSAAN PUTERI PANDAN 2,JALAN PERWIRA, KG PANDAN,3.136354,101.728613,PPW BANGSAR PUDU,['RENDAH'],could not convert string to float: 'KG PANDAN'
WBB0078,SEKOLAH KEBANGSAAN (P) PUDU 1,JALAN FOSS, PUDU,3.1311,101.713,PPW BANGSAR PUDU,['RENDAH'],could not convert string to float: 'PUDU'
WBB0082,SEKOLAH KEBANGSAAN ST. GABRIEL,JALAN PERWIRA, KG PANDAN,3.1361,101.73,PPW BANGSAR PUDU,['RENDAH'],could not convert string to float: 'KG PANDAN'
WBB0085,SEKOLAH KEBANGSAAN ST. MARY,JALAN INTAN BAIDURI 5D, TAMAN INTAN BAIDURI,3.230078,101.646831,PPW SENTUL,['RENDAH'],could not convert string to float: 'TAMAN INTAN BAIDURI'
WBB0088,SEKOLAH KEBANGSAAN SRI DHANDAYUTHAPANI,BATU 2 1/2, JALAN SULTAN AZLAN SHAH,3.17593,101.688,PPW SENTUL,['RENDAH'],could not convert string to float: 'JALAN SULTAN AZLAN SHAH'
WBB0090,SEKOLAH KEBANGSAAN JALAN SUNGAI BESI 2,BATU 3 3/4 , JALAN SUNGAI BESI,3.11023,101.705,PPW BANGSAR PUDU,['RENDAH'],could not convert string to float: 'JALAN SUNGAI BESI'
WBB0097,SEKOLAH KEBANGSAAN (1) BATU 4 JALAN IPOH,BT 4 1/2 , JALAN IPOH,3.20103,101.674,PPW SENTUL,['RENDAH'],could not convert string to float: 'JALAN IPOH'
WBB0101,SEKOLAH KEBANGSAAN SERI SETIA,BT 6 1/2, JLN KUCHAI LAMA,3.0928829,101.683978,PPW BANGSAR PUDU,['RENDAH'],could not convert string to float: 'JLN KUCHAI LAMA'
WBB0103,SEKOLAH KEBANGSAAN LA SALLE 1 JINJANG,EAST ROAD, JINJANG UTARA,3.213833,101.6618,PPW SENTUL,['RENDAH'],could not convert string to float: 'JINJANG UTARA'
WBB0107,SEKOLAH KEBANGSAAN SALAK SOUTH,JALAN GEMPITA 1, TAMAN SALAK SELATAN,3.080908339,101.6972446,PPW BANGSAR PUDU,['RENDAH'],could not convert string to float: 'TAMAN SALAK SELATAN'
WBB0113,SEKOLAH KEBANGSAAN KEPONG BARU,JALAN API-API EMPAT, KEPONG BARU,3.205899,101.645528,PPW SENTUL,['RENDAH'],could not convert string to float: 'KEPONG BARU'
WBB0217,SEKOLAH KEBANGSAAN LA SALLE 2 JINJANG,EAST ROAD, JINJANG UTARA,3.213833,101.6618,PPW SENTUL,['RENDAH'],could not convert string to float: 'JINJANG UTARA'
WBC0114,SEKOLAH JENIS KEBANGSAAN (CINA) CHIAO NAN,26-28, JALAN PAHANG,3.17889,101.7,PPW SENTUL,['RENDAH'],could not convert string to float: 'JALAN PAHANG'
WBC0116,SEKOLAH JENIS KEBANGSAAN (CINA) CHONG HWA,JALAN PAHANG, SETAPAK,3.184815,101.701245,PPW SENTUL,['RENDAH'],could not convert string to float: 'SETAPAK'
WBC0120,SEKOLAH JENIS KEBANGSAAN (CINA) CONFUCIAN,6 KM, JLN SG  BESI,3.109806,101.704117,PPW BANGSAR PUDU,['RENDAH'],could not convert string to float: 'JLN SG  BESI'
WBC0124,SEKOLAH JENIS KEBANGSAAN (CINA) KUNG MIN,JLN LANDAK, PUDU,3.136435,101.714125,PPW BANGSAR PUDU,['RENDAH'],could not convert string to float: 'PUDU'
WBC0126,SEKOLAH JENIS KEBANGSAAN (CINA) LA SALLE,NO:10, JALAN 2/149 , SRI PETALING,3.075479,101.68823,"['PPW BANGSAR PUDU', 'RENDAH']",could not convert string to float: 'SRI PETALING'
WBC0128,SEKOLAH JENIS KEBANGSAAN (CINA) LAI MENG,1, BLOK B, SEKOLAH LAI MENG, JALAN 15/155C,3.05796,"['101.669026', 'PPW BANGSAR PUDU', 'RENDAH']",could not convert string to float: 'SEKOLAH LAI MENG'
WBC0130,SEKOLAH JENIS KEBANGSAAN (CINA) MUN YEE,JALAN MAWAR, SETAPAK,3.196399,101.708431,PPW KERAMAT,['RENDAH'],could not convert string to float: 'SETAPAK'
WBC0131,SEKOLAH JENIS KEBANGSAAN (CINA) NAAM KHEUNG,BATU 3 1/2, JALAN CHERAS,3.118618,101.724609,PPW BANGSAR PUDU,['RENDAH'],could not convert string to float: 'JALAN CHERAS'
WBC0133,SEKOLAH JENIS KEBANGSAAN (CINA) CHONG FAH PHIT CHEE,JLN BRUNAI, PUDU,3.1387,101.713382,PPW BANGSAR PUDU,['RENDAH'],could not convert string to float: 'PUDU'
WBC0135,SEKOLAH JENIS KEBANGSAAN (CINA) SAM YOKE,KM 4, JALAN SUNGAI BESI,3.126607,101.70802,PPW BANGSAR PUDU,['RENDAH'],could not convert string to float: 'JALAN SUNGAI BESI'
WBC0137,SEKOLAH JENIS KEBANGSAAN (CINA) SENTUL PASAR,JALAN KAMPUNG BANDAR DALAM, SENTUL,3.195889,101.691213,PPW SENTUL,['RENDAH'],could not convert string to float: 'SENTUL'
WBC0140,SEKOLAH JENIS KEBANGSAAN (CINA) TSUN JIN,JALAN PERWIRA, KG. PANDAN,3.137284,101.730255,PPW BANGSAR PUDU,['RENDAH'],could not convert string to float: 'KG. PANDAN'
WBC0144,SEKOLAH JENIS KEBANGSAAN (CINA) CHOONG WEN,BATU 4 1/2, JALAN KELANG LAMA,3.09321,101.676,PPW BANGSAR PUDU,['RENDAH'],could not convert string to float: 'JALAN KELANG LAMA'
WBC0146,SEKOLAH JENIS KEBANGSAAN (CINA) JINJANG TENGAH 1,JALAN JINJANG PERMAI 8,JINJANG UTARA,3.215125,101.66318,PPW SENTUL,['RENDAH'],could not convert string to float: 'JINJANG UTARA'
WBC0147,SEKOLAH JENIS KEBANGSAAN (CINA) JINJANG UTARA,JALAN JINJANG DAMAI 1, JINJANG UTARA,3.222636,101.660383,PPW SENTUL,['RENDAH'],could not convert string to float: 'JINJANG UTARA'
WBC0148,SEKOLAH JENIS KEBANGSAAN (CINA) JINJANG SELATAN,JALAN JAMBU GAJUS, JALAN KEPONG, JINJANG SELATAN,3.204414,101.664717,"['PPW SENTUL', 'RENDAH']",could not convert string to float: 'JINJANG SELATAN'
WBC0149,SEKOLAH JENIS KEBANGSAAN (CINA) KEPONG 1,JALAN BESAR KEPONG, BELAKANG BALAI POLIS KEPONG,3.214727,101.634847,PPW SENTUL,['RENDAH'],could not convert string to float: 'BELAKANG BALAI POLIS KEPONG'
WBC0150,SEKOLAH JENIS KEBANGSAAN (CINA) KEPONG 2,JALAN BESAR KEPONG, BELAKANG BALAI POLIS KEPONG,3.215564,101.634744,PPW SENTUL,['RENDAH'],could not convert string to float: 'BELAKANG BALAI POLIS KEPONG'
WBC0154,SEKOLAH JENIS KEBANGSAAN (CINA) MUN CHOONG,KAMPUNG BATU, BATU 5, JALAN IPOH,3.2057,101.674,"['PPW SENTUL', 'RENDAH']",could not convert string to float: 'JALAN IPOH'
WBC0155,SEKOLAH JENIS KEBANGSAAN (CINA) NAN YIK 'LEE RUBBER',BATU 5, JLN GOMBAK,3.209447,101.710543,PPW KERAMAT,['RENDAH'],could not convert string to float: 'JLN GOMBAK'
WBC0168,SEKOLAH JENIS KEBANGSAAN (CINA) JINJANG TENGAH 2,JALAN JINJANG PERMAI 8, JINJANG,3.2161,101.663088,PPW SENTUL,['RENDAH'],could not convert string to float: 'JINJANG'
WBC0171,SEKOLAH JENIS KEBANGSAAN (CINA) TAMAN CONNAUGHT,JALAN GELIGA,TAMAN CONNAUGHT,3.083973,101.735862,PPW BANGSAR PUDU,['RENDAH'],could not convert string to float: 'TAMAN CONNAUGHT'
WBC0172,SEKOLAH JENIS KEBANGSAAN (CINA) KEPONG 3,1, JALAN SRI BINTANG UTAMA, DESA PARKCITY,3.18853,101.640709,"['PPW SENTUL', 'RENDAH']",could not convert string to float: 'DESA PARKCITY'
WBC0173,SEKOLAH JENIS KEBANGSAAN (CINA) WANGSA MAJU,10, JALAN USAHAWAN 2, DANAU KOTA,3.198983,101.720233,"['PPW KERAMAT', 'RENDAH']",could not convert string to float: 'DANAU KOTA'
WBD0168,SEKOLAH JENIS KEBANGSAAN (TAMIL) APPAR,JALAN MERPATI, OFF JALAN RAJA LAUT,3.15941,101.694,PPW SENTUL,['RENDAH'],could not convert string to float: 'OFF JALAN RAJA LAUT'
WBD0170,SEKOLAH JENIS KEBANGSAAN (TAMIL) CHERAS,BATU 2 1/2, JALAN CHERAS,3.12698,101.722,PPW BANGSAR PUDU,['RENDAH'],could not convert string to float: 'JALAN CHERAS'
WBD0177,SEKOLAH JENIS KEBANGSAAN (TAMIL) THAMBOOSAMY PILLAI,JALAN CEMPEDAK, SENTUL,3.179345,101.68917,PPW SENTUL,['RENDAH'],could not convert string to float: 'SENTUL'
WBD0181,SEKOLAH JENIS KEBANGSAAN (TAMIL) LADANG BUKIT JALIL,JALAN 5/155, TAMAN INDUSTRI BUKIT OUG,3.063109,101.665338,PPW BANGSAR PUDU,['RENDAH'],could not convert string to float: 'TAMAN INDUSTRI BUKIT OUG'
WBD0184,SEKOLAH JENIS KEBANGSAAN (TAMIL) LADANG EDINBURGH,TAMAN BUKIT MALURI, JALAN BURUNG JAMPUK, KEPONG,3.20258,101.633,"['PPW SENTUL', 'RENDAH']",could not convert string to float: 'KEPONG'
WBD0191,SEKOLAH JENIS KEBANGSAAN (TAMIL) SARASWATHY,KM 10  JALAN  KLANG  LAMA, PETALING ,3.083594,101.663381,PPW BANGSAR PUDU,['RENDAH'],could not convert string to float: 'PETALING'
WBD0192,SEKOLAH JENIS KEBANGSAAN (TAMIL) SEGAMBUT,JALAN UDANG KETAK, SEGAMBUT,3.195592,101.658441,PPW SENTUL,['RENDAH'],could not convert string to float: 'SEGAMBUT'
WEA0194,SEKOLAH MENENGAH KEBANGSAAN TAMAN BUKIT MALURI,JALAN BURUNG KASAWARI, TAMAN BUKIT MALURI,3.20245,101.634,PPW SENTUL,['MENENGAH'],could not convert string to float: 'TAMAN BUKIT MALURI'
WEA0197,SEKOLAH MENENGAH KEBANGSAAN PUTERI WILAYAH,JALAN DEWAN SULTAN SULAIMAN, KG. BHARU,3.161924,101.700685,PPW KERAMAT,['MENENGAH'],could not convert string to float: 'KG. BHARU'
WEA0208,SEKOLAH MENENGAH KEBANGSAAN KEPONG BARU,JALAN HELANG, KEPONG BARU,3.19777,101.647,PPW SENTUL,['MENENGAH'],could not convert string to float: 'KEPONG BARU'
WEA0210,SEKOLAH MENENGAH KEBANGSAAN TAMAN TUN DR. ISMAIL,JALAN LEONG YEW KOH, TAMAN TUN DR. ISMAIL,3.14675,101.624,PPW BANGSAR PUDU,['MENENGAH'],could not convert string to float: 'TAMAN TUN DR. ISMAIL'
WEA0211,SEKOLAH MENENGAH KEBANGSAAN PENDIDIKAN KHAS SETAPAK,JALAN GENTING KELANG, SETAPAK,3.20505,101.726,PPW KERAMAT,['MENENGAH'],could not convert string to float: 'SETAPAK'
WEA0212,SEKOLAH MENENGAH KEBANGSAAN TAMAN DESA,JALAN DESA BAKTI, OFF JALAN KLANG LAMA,3.10282,101.687,PPW BANGSAR PUDU,['MENENGAH'],could not convert string to float: 'OFF JALAN KLANG LAMA'
WEA0213,SEKOLAH MENENGAH KEBANGSAAN BUKIT BANDARAYA,LORONG MAAROF, BANGSAR,3.14282,101.672,PPW BANGSAR PUDU,['MENENGAH'],could not convert string to float: 'BANGSAR'
WEA0214,SEKOLAH MENENGAH KEBANGSAAN WANGSA MAJU SEKSYEN 2,SEKSYEN 2 WANGSA MAJU, JALAN 4A/27,SETAPAK,3.20802,101.735,"['PPW KERAMAT', 'MENENGAH']",could not convert string to float: 'SETAPAK'
WEA0215,SEKOLAH MENENGAH KEBANGSAAN ZON R1 WANGSA MAJU,WANGSA MAJU SEKSYEN 1, SETAPAK,3.20042,101.731,PPW KERAMAT,['MENENGAH'],could not convert string to float: 'SETAPAK'
WEA0216,SEKOLAH MENENGAH KEBANGSAAN TAMAN CONNAUGHT,JALAN AHLIMAN, TAMAN CONNAUGHT,3.08352,101.736,PPW BANGSAR PUDU,['MENENGAH'],could not convert string to float: 'TAMAN CONNAUGHT'
WEA0219,SEKOLAH MENENGAH KEBANGSAAN TAMAN YARL,LORONG AWAN CINA, TAMAN YARL,3.06747,101.667,PPW BANGSAR PUDU,['MENENGAH'],could not convert string to float: 'TAMAN YARL'
WEA0220,SEKOLAH MENENGAH KEBANGSAAN SERI HARTAMAS,JLN 48/70A, DESA SERI HARTAMAS,3.15748,101.647,PPW BANGSAR PUDU,['MENENGAH'],could not convert string to float: 'DESA SERI HARTAMAS'
WEA0221,SEKOLAH MENENGAH KEBANGSAAN TAMAN SERI RAMPAI,JALAN REJANG, SETAPAK,3.19192,101.732,PPW KERAMAT,['MENENGAH'],could not convert string to float: 'SETAPAK'
WEA0222,SEKOLAH MENENGAH KEBANGSAAN BANDAR TUN RAZAK,JALAN JAYA, BANDAR TUN RAZAK ,3.09148,101.724,PPW BANGSAR PUDU,['MENENGAH'],could not convert string to float: 'BANDAR TUN RAZAK'
WEA0223,SEKOLAH MENENGAH KEBANGSAAN DESA PERDANA,JALAN DESA UTAMA, TAMAN DESA,3.10619151,101.6906684,PPW BANGSAR PUDU,['MENENGAH'],could not convert string to float: 'TAMAN DESA'
WEA0226,SEKOLAH MENENGAH KEBANGSAAN DESA TUN HUSSEIN ONN,PERUMAHAN TENTERA, JALAN JELATEK,3.18455,101.735,PPW KERAMAT,['MENENGAH'],could not convert string to float: 'JALAN JELATEK'
WEA0227,SEKOLAH MENENGAH KEBANGSAAN MENJALARA,BANDAR MENJALARA, KEPONG,3.193501,101.636275,PPW SENTUL,['MENENGAH'],could not convert string to float: 'KEPONG'
WEA0233,SEKOLAH MENENGAH KEBANGSAAN BANDAR TASIK SELATAN,JALAN 21/146, BANDAR TASIK SELATAN,3.072738357,101.7191987,PPW BANGSAR PUDU,['MENENGAH'],could not convert string to float: 'BANDAR TASIK SELATAN'
WEA0235,SEKOLAH MENENGAH KEBANGSAAN SETAPAK INDAH,JALAN 2/6, TAMAN SETAPAK INDAH,3.21682,101.721,PPW KERAMAT,['MENENGAH'],could not convert string to float: 'TAMAN SETAPAK INDAH'
WEA0236,SEKOLAH MENENGAH KEBANGSAAN SINAR BINTANG,JALAN 34/38A TAMAN SRI BINTANG, SEGAMBUT,3.18868,101.645,PPW SENTUL,['MENENGAH'],could not convert string to float: 'SEGAMBUT'
WEA0237,SEKOLAH MENENGAH KEBANGSAAN SERI SAUJANA,JALAN MESRA RIA, BANDAR BARU SERI PETALING,3.067993611,101.6840713,PPW BANGSAR PUDU,['MENENGAH'],could not convert string to float: 'BANDAR BARU SERI PETALING'
WEA0238,SEKOLAH MENENGAH KEBANGSAAN MIHARJA,TAMAN MIHARJA, JALAN CHERAS,3.121472,101.721669,PPW BANGSAR PUDU,['MENENGAH'],could not convert string to float: 'JALAN CHERAS'
WEA0239,SEKOLAH MENENGAH KEBANGSAAN BUKIT JALIL,JALAN 3/155A, BUKIT JALIL GOLF & COUNTRY RESORT,3.05074,101.686,PPW BANGSAR PUDU,['MENENGAH'],could not convert string to float: 'BUKIT JALIL GOLF & COUNTRY RESORT'
WEA0241,SEKOLAH MENENGAH KEBANGSAAN SERI BINTANG SELATAN,JALAN 3/91A, TAMAN SHAMELIN PERKASA,3.11895,101.735,PPW BANGSAR PUDU,['MENENGAH'],could not convert string to float: 'TAMAN SHAMELIN PERKASA'
WEA0243,SEKOLAH MENENGAH KEBANGSAAN SEGAMBUT,JALAN SEGAMBUT, SEGAMBUT,3.18707,101.668,PPW SENTUL,['MENENGAH'],could not convert string to float: 'SEGAMBUT'
WEA0244,SEKOLAH MENENGAH KEBANGSAAN SERI MULIA,JALAN BUDIMAN 19, TAMAN MULIA, BANDAR TUN RAZAK,3.093455,101.713956,"['PPW BANGSAR PUDU', 'MENENGAH']",could not convert string to float: 'BANDAR TUN RAZAK'
WEA0245,SEKOLAH MENENGAH KEBANGSAAN SERI TASIK,JALAN 6/106, BANDAR SRI PERMAISURI, CHERAS,3.097235,101.711554,"['PPW BANGSAR PUDU', 'MENENGAH']",could not convert string to float: 'CHERAS'
WEA0247,SEKOLAH MENENGAH SAINS ALAM SHAH,JALAN YAACOB LATIF, BANDAR TUN RAZAK,3.1056,101.724,PPW BANGSAR PUDU,['MENENGAH'],could not convert string to float: 'BANDAR TUN RAZAK'
WEA0250,SEKOLAH MENENGAH KEBANGSAAN SERI MUTIARA,JALAN 31/119, TAMAN TAYNTON VIEW, CHERAS,3.08861,101.731,"['PPW BANGSAR PUDU', 'MENENGAH']",could not convert string to float: 'CHERAS'
WEA0252,SEKOLAH MENENGAH KEBANGSAAN ALAM DAMAI,PERSIARAN BESTARI, TAMAN ALAM DAMAI, CHERAS,3.0587,101.741,"['PPW BANGSAR PUDU', 'MENENGAH']",could not convert string to float: 'CHERAS'
WEA0253,SEKOLAH MENENGAH KEBANGSAAN SENTUL UTAMA,BATU 2 1/2, JALAN SULTAN AZLAN SHAH,3.1756,101.691,PPW SENTUL,['MENENGAH'],could not convert string to float: 'JALAN SULTAN AZLAN SHAH'
WEA0255,SEKOLAH BIMBINGAN JALINAN KASIH,LORONG HAJI HUSSEIN 2, OFF JALAN RAJA MUDA ABDUL AZIZ,3.166811,101.700233,PPW KERAMAT,['MENENGAH'],could not convert string to float: 'OFF JALAN RAJA MUDA ABDUL AZIZ'
WEA0256,KOLEJ TINGKATAN ENAM DESA MAHKOTA,JALAN SRI BINTANG  UTAMA, DESA PARK CITY,3.188694,101.639831,PPW SENTUL,['MENENGAH'],could not convert string to float: 'DESA PARK CITY'
WEA0257,SEKOLAH MENENGAH KEBANGSAAN ORKID DESA,JALAN 13/142, TAMAN ORKID DESA,3.077156,101.736661,PPW BANGSAR PUDU,['MENENGAH'],could not convert string to float: 'TAMAN ORKID DESA'
WEA0259,SEKOLAH MENENGAH KEBANGSAAN KERAMAT WANGSA,NO 3 JALAN 23/56, OFF TAMAN SETIAWANGSA,3.180148,101.752109,PPW KERAMAT,['MENENGAH'],could not convert string to float: 'OFF TAMAN SETIAWANGSA'
WEA0260,SEKOLAH MENENGAH KEBANGSAAN TIARA PERMAI,NO 2A, JALAN 2/18A, TAMAN MASTIARA, JALAN IPOH,3.209444,"['101.673991', 'PPW SENTUL', 'MENENGAH']",could not convert string to float: 'TAMAN MASTIARA'
WEA1001,SEKOLAH MENENGAH SAINS LABUAN,JALAN SUNGAI PAGAR, KAMPUNG SUNGAI PAGAR,5.284911,115.17537,JPWP LABUAN,['MENENGAH'],could not convert string to float: 'KAMPUNG SUNGAI PAGAR'
WEA1002,SEKOLAH MENENGAH KEBANGSAAN LAJAU,JALAN POHON BATU, KG LAJAU,5.3477778,115.2366667,JPWP LABUAN,['MENENGAH'],could not convert string to float: 'KG LAJAU'
WEA1005,SEKOLAH MENENGAH KEBANGSAAN RANCHA-RANCHA,JALAN BUKIT BESAR, KG. SG. LADA,5.3066668,115.18694,JPWP LABUAN,['MENENGAH'],could not convert string to float: 'KG. SG. LADA'
WEA2001,SEKOLAH MENENGAH KEBANGSAAN PUTRAJAYA PRESINT 8(1),NO. 4, JALAN P8, PRESINT 8,2.93994,101.685,"['JPWP PUTRAJAYA', 'MENENGAH']",could not convert string to float: 'PRESINT 8'
WEA2002,SEKOLAH MENENGAH KEBANGSAAN PUTRAJAYA PRESINT 9(1),JALAN P9F, PRESINT 9,2.94226,101.678,JPWP PUTRAJAYA,['MENENGAH'],could not convert string to float: 'PRESINT 9'
WEA2003,SEKOLAH MENENGAH KEBANGSAAN PUTRAJAYA PRESINT 16(1),JLN P16G, PRESINT 16,2.93237,101.709,JPWP PUTRAJAYA,['MENENGAH'],could not convert string to float: 'PRESINT 16'
WEA2004,SEKOLAH MENENGAH KEBANGSAAN PUTRAJAYA PRESINT 11(1),JALAN P11J1, PRESINT 11,2.94995,101.678,JPWP PUTRAJAYA,['MENENGAH'],could not convert string to float: 'PRESINT 11'
WEA2005,SEKOLAH MENENGAH KEBANGSAAN PUTRAJAYA PRESINT 9(2),JALAN P9A, PRESINT 9,2.93661,101.676,JPWP PUTRAJAYA,['MENENGAH'],could not convert string to float: 'PRESINT 9'
WEA2006,SEKOLAH SULTAN ALAM SHAH,PARCEL G, PRESINT 1,2.94649,101.712,JPWP PUTRAJAYA,['MENENGAH'],could not convert string to float: 'PRESINT 1'
WEA2007,SEKOLAH MENENGAH KEBANGSAAN PUTRAJAYA PRESINT 14(1),NO. 1A, JALAN P14, PRESINT 14,2.95332,101.722,"['JPWP PUTRAJAYA', 'MENENGAH']",could not convert string to float: 'PRESINT 14'
WEA2008,SEKOLAH MENENGAH KEBANGSAAN PUTRAJAYA PRESINT 11(2),NO 1, JALAN P11C, PRESINT 11,2.96872,101.672,"['JPWP PUTRAJAYA', 'MENENGAH']",could not convert string to float: 'PRESINT 11'
WEA2009,SEKOLAH MENENGAH KEBANGSAAN PUTRAJAYA PRESINT 18(1),JALAN P18, PRESINT 18,2.92203,101.694,JPWP PUTRAJAYA,['MENENGAH'],could not convert string to float: 'PRESINT 18'
WEA2010,SEKOLAH MENENGAH KEBANGSAAN PUTRAJAYA PRESINT 5(1),JALAN P5A/5, PRESINT 5 ,2.8897222,101.6766268,JPWP PUTRAJAYA,['MENENGAH'],could not convert string to float: 'PRESINT 5'
WEB0208,SEKOLAH MENENGAH KEBANGSAAN (P) AIR PANAS,JALAN AIR PANAS, SETAPAK,3.19108,101.716,PPW KERAMAT,['MENENGAH'],could not convert string to float: 'SETAPAK'
WEB0209,SEKOLAH MENENGAH KEBANGSAAN SERI BINTANG UTARA,JALAN 3/91, TAMAN SHAMELIN PERKASA, CHERAS,3.121022,101.734586,"['PPW BANGSAR PUDU', 'MENENGAH']",could not convert string to float: 'CHERAS'
WEB0210,SEKOLAH MENENGAH KEBANGSAAN CHERAS,JALAN YAACOB LATIF, BANDAR TUN RAZAK,3.10927,101.727,PPW BANGSAR PUDU,['MENENGAH'],could not convert string to float: 'BANDAR TUN RAZAK'
WEB0211,SEKOLAH MENENGAH KEBANGSAAN COCHRANE,JALAN SHAHBANDAR, OFF JALAN COCHRANE,3.13108,101.726,PPW BANGSAR PUDU,['MENENGAH'],could not convert string to float: 'OFF JALAN COCHRANE'
WEB0219,SEKOLAH MENENGAH KEBANGSAAN (L) METHODIST,JLN HANG JEBAT, KUALA LUMPUR,3.14347,101.701,PPW BANGSAR PUDU,['MENENGAH'],could not convert string to float: 'KUALA LUMPUR'
WEB0221,SEKOLAH MENENGAH KEBANGSAAN (P) PUDU,JALAN FOSS, PUDU,3.131774,101.714903,PPW BANGSAR PUDU,['MENENGAH'],could not convert string to float: 'PUDU'
WEB0222,SEKOLAH MENENGAH KEBANGSAAN ST. GABRIEL,JALAN PERWIRA, KG PANDAN,3.135732421,101.7294637,PPW BANGSAR PUDU,['MENENGAH'],could not convert string to float: 'KG PANDAN'
WEB0224,SEKOLAH MENENGAH KEBANGSAAN ST. MARY,7, JALAN INTAN BAIDURI 5D, TAMAN INTAN BAIDURI,3.23043,101.649,"['PPW SENTUL', 'MENENGAH']",could not convert string to float: 'TAMAN INTAN BAIDURI'
WEB0232,SEKOLAH MENENGAH KEBANGSAAN TAMAN MALURI,JLN WIRAWATI 6, TAMAN MALURI,3.14085,101.73,PPW BANGSAR PUDU,['MENENGAH'],could not convert string to float: 'TAMAN MALURI'
WEB0235,SEKOLAH MENENGAH KEBANGSAAN VIVEKANANDA,JALAN ROZARIO,  BRICKFIELDS,PPW BANGSAR PUDU,MENENGAH,,,could not convert string to float: 'PPW BANGSAR PUDU'
WEB0237,SEKOLAH MENENGAH KEBANGSAAN YAACOB LATIF,LORONG PEEL, OFF JALAN PEEL,3.128,101.726,PPW BANGSAR PUDU,['MENENGAH'],could not convert string to float: 'OFF JALAN PEEL'
WEB0243,SEKOLAH MENENGAH KEBANGSAAN DHARMA,KM 10, JLN PUCHONG,3.075266667,101.66265,PPW BANGSAR PUDU,['MENENGAH'],could not convert string to float: 'JLN PUCHONG'
WEB0249,SEKOLAH MENENGAH KEBANGSAAN JINJANG,JALAN JINJANG SETIA, JINJANG UTARA,3.22255,101.655,PPW SENTUL,['MENENGAH'],could not convert string to float: 'JINJANG UTARA'
WEB0256,SEKOLAH MENENGAH KEBANGSAAN BANGSAR,LORONG MAAROF 1, BANGSAR PARK, BANGSAR,3.132561,101.676511,"['PPW BANGSAR PUDU', 'MENENGAH']",could not convert string to float: 'BANGSAR'
WFT0001,SMA MAJLIS AGAMA ISLAM WILAYAH PERSEKUTUAN,NO.2 JALAN SRI PERMAISURI, BDR SRI PERMAISURI,3.094785,101.711802,PPW BANGSAR PUDU,['MENENGAH'],could not convert string to float: 'BDR SRI PERMAISURI'
WHA0001,KOLEJ VOKASIONAL ERT SETAPAK,JALAN GENTING KLANG, SETAPAK,3.2051,101.727,PPW KERAMAT,['MENENGAH'],could not convert string to float: 'SETAPAK'
WKB0001,SMT CHERAS,JALAN YAACOB LATIF, BANDAR TUN RAZAK,3.10325,101.722,PPW BANGSAR PUDU,['MENENGAH'],could not convert string to float: 'BANDAR TUN RAZAK'
WRA0004,SMA KUALA LUMPUR,JALAN 2/62 BANDAR MENJALARA, KEPONG,3.19737,101.626,PPW SENTUL,['MENENGAH'],could not convert string to float: 'KEPONG'
WRA2001,SEKOLAH MENENGAH KEBANGSAAN AGAMA PUTRAJAYA,NO.3, JALAN MELINJAU P11E, PRESINT 11,2.96875,101.672,"['JPWP PUTRAJAYA', 'MENENGAH']",could not convert string to float: 'PRESINT 11'
XBA1120,SEKOLAH KEBANGSAAN BABALITAN,P/S 62, PPD NABAWAN,4.4509,116.4349833,PPD PENSIANGAN,['RENDAH'],could not convert string to float: 'PPD NABAWAN'
XBA1211,SEKOLAH KEBANGSAAN PEGALAN KUSOB,PETI SURAT 80,KAMPUNG MAKATIP,5.70481,116.42824,PPD TAMBUNAN,['RENDAH'],could not convert string to float: 'KAMPUNG MAKATIP'
XBA1227,SEKOLAH KEBANGSAAN SINTUONG-TUONG,PETI SURAT 27,PEJABAT PENDIDIKAN DAERAH,5.89507,116.49481,PPD TAMBUNAN,['RENDAH'],could not convert string to float: 'PEJABAT PENDIDIKAN DAERAH'
XBA1351,SEKOLAH KEBANGSAAN KAPULU,PETI SURAT 194, PPD TENOM,4.82555,116.0031,PPD TENOM,['RENDAH'],could not convert string to float: 'PPD TENOM'
XBA2007,SEKOLAH KEBANGSAAN KUALA SUAN LAMBA,W.D.T 22, KOTA KINABATANGAN,5.64922,118.12998,PPD KINABATANGAN,['RENDAH'],could not convert string to float: 'KOTA KINABATANGAN'
XBA2010,SEKOLAH KEBANGSAAN GAS,W.D.T 231, JALAN BATU SAPI,5.80387,118.04249,PPD SANDAKAN,['RENDAH'],could not convert string to float: 'JALAN BATU SAPI'
XBA2081,SEKOLAH KEBANGSAAN PITAS,BEG BERKUNCI 02, WISMA PERSEKUTUAN SANDAKAN,5.79905,118.37766,PPD SANDAKAN,['RENDAH'],could not convert string to float: 'WISMA PERSEKUTUAN SANDAKAN'
XBA2084,SEKOLAH KEBANGSAAN MUHIBBAH,BATU 4,  JALAN CECILY UTARA,5.85157,118.07327,PPD SANDAKAN,['RENDAH'],could not convert string to float: 'JALAN CECILY UTARA'
XBA2090,SEKOLAH KEBANGSAAN KG PERTANIAN,BEG BERKUNCI 02, WISMA PERSEKUTUAN,5.81962,117.82298,PPD SANDAKAN,['RENDAH'],could not convert string to float: 'WISMA PERSEKUTUAN'
XBA2101,SEKOLAH KEBANGSAAN BAWANG,P/S PEJABAT PENDIDIKAN DAERAH BELURAN, PETI SURAT 27,6.48395,117.36028,PPD LABUK & SUGUT,['RENDAH'],could not convert string to float: 'PETI SURAT 27'
XBA2126,SEKOLAH KEBANGSAAN TANJUNG NIPIS,LEBUHRAYA SAPI-NANGOH, KG TANJUNG NIPIS,6.43398,117.42739,PPD LABUK & SUGUT,['RENDAH'],could not convert string to float: 'KG TANJUNG NIPIS'
XBA2138,SEKOLAH KEBANGSAAN BOTITION,PETI SURAT 110, BELURAN,6.04236,117.34376,PPD LABUK & SUGUT,['RENDAH'],could not convert string to float: 'BELURAN'
XBA3074,SEKOLAH KEBANGSAAN MELODI,PETI SURAT 2024 , BATU 2 1/2, JALAN PANTAI, TAWAU LAMA,4.24496,"['117.90739', 'PPD TAWAU', 'RENDAH']",could not convert string to float: 'JALAN PANTAI'
XBA3130,SEKOLAH KEBANGSAAN TANJUNG LABIAN,KILOMETER 155, JALAN FELDA SAHABAT, KG TG LABIAN,5.1693,119.2349,"['PPD LAHAD DATU', 'RENDAH']",could not convert string to float: 'KG TG LABIAN'
XBA4010,SEKOLAH KEBANGSAAN GUDON MENGGATAL,W.D.T 41, INANAM,6.05129,116.15492,PPD KOTA KINABALU,['RENDAH'],could not convert string to float: 'INANAM'
XBA4220,SEKOLAH KEBANGSAAN KAYAU,SK KAYAU, WDT 04,5.67985,116.0107,PPD PAPAR,['RENDAH'],could not convert string to float: 'WDT 04'
XBA4261,SEKOLAH KEBANGSAAN PEKAN KIMANIS,PETI SURAT 458, PAPAR,5.61461,115.89,PPD PAPAR,['RENDAH'],could not convert string to float: 'PAPAR'
XBA5204,SEKOLAH KEBANGSAAN KUSILAD,WDT 42, PITAS,6.69381,117.07751,PPD PITAS,['RENDAH'],could not convert string to float: 'PITAS'
XBA5208,SEKOLAH KEBANGSAAN PANTAI,PETI SURAT 130,PITAS,6.62981,117.25204,PPD PITAS,['RENDAH'],could not convert string to float: 'PITAS'
XBA5212,SEKOLAH KEBANGSAAN TELAGA,PETI SURAT 235,PITAS,6.8398,117.0742,PPD PITAS,['RENDAH'],could not convert string to float: 'PITAS'
XBA6327,SEKOLAH KEBANGSAAN TENAMBAK,PETI SURAT 26, KG. TENAMBAK,5.60161,115.58412,PPD KUALA PENYU,['RENDAH'],could not convert string to float: 'KG. TENAMBAK'
XBC4002,SEKOLAH KEBANGSAAN (CINA) ANGLO-CHINESE,P.W.D. 7975 TAMAN JINDO, LORONG PALAS, LUYANG,5.94247,116.09221,"['PPD KOTA KINABALU', 'RENDAH']",could not convert string to float: 'LUYANG'
XCA4047,SEKOLAH KEBANGSAAN ST AGNES,PETI SURAT 224, JLN TELUK LIKAS,5.99103,116.10539,PPD KOTA KINABALU,['RENDAH'],could not convert string to float: 'JLN TELUK LIKAS'
XCA4235,SEKOLAH KEBANGSAAN OUR LADY,W.D.T 34,PAPAR,5.64348,115.95378,PPD PAPAR,['RENDAH'],could not convert string to float: 'PAPAR'
XEA2075,SEKOLAH MENENGAH KEBANGSAAN MUHIBBAH,BATU 4, JALAN CECILY UTARA,5.85003,118.07197,PPD SANDAKAN,['MENENGAH'],could not convert string to float: 'JALAN CECILY UTARA'
XEA2083,SEKOLAH MENENGAH KEBANGSAAN ELOPURA DUA,TINGKAT 5, WISMA PERSEKUTUAN,5.85366,118.05056,PPD SANDAKAN,['MENENGAH'],could not convert string to float: 'WISMA PERSEKUTUAN'
XEA2220,SEKOLAH MENENGAH KEBANGSAAN BUKIT GARAM,WDT 12, KOTA KINABATANGAN,5.59522,117.83049,PPD KINABATANGAN,['MENENGAH'],could not convert string to float: 'KOTA KINABATANGAN'
XEA2225,SEKOLAH MENENGAH KEBANGSAAN SUKAU,WDT 212, KOTA KINABATANGAN,5.51846,118.26572,PPD KINABATANGAN,['MENENGAH'],could not convert string to float: 'KOTA KINABATANGAN'
XEA3105,SEKOLAH MENENGAH KEBANGSAAN DESA KENCANA,PETI SURAT 344, BANDAR CENDERAWASIH, FELDA SAHABAT,5.08029,119.06715,"['PPD LAHAD DATU', 'MENENGAH']",could not convert string to float: 'FELDA SAHABAT'
XEA5025,SEKOLAH MENENGAH KEBANGSAAN SIKUATI II,WDT 100, SMK SIKUATI II,6.87439,116.69177,PPD KUDAT,['MENENGAH'],could not convert string to float: 'SMK SIKUATI II'
XFE4051,SEKOLAH MENENGAH KEBANGSAAN ST FRANCIS CONVENT,NO. 2A, JALAN KINABALU INTERNATIONAL SCHOOL, BUKIT PADANG,5.96396,116.07597,"['PPD KOTA KINABALU', 'MENENGAH']",could not convert string to float: 'BUKIT PADANG'
XFE4055,SEKOLAH MENENGAH KEBANGSAAN ST PETER TELIPOK,PETI SURAT 183, TELIPOK ,6.0884,116.19452,PPD KOTA KINABALU,['MENENGAH'],could not convert string to float: 'TELIPOK'
YBA1201,SEKOLAH KEBANGSAAN MERPATI JEPANG,D/A PEJABAT PENDIDIKAN DAERAH KUCHING, JALAN DIPLOMATIK OFF JALAN BAKO PETRA JAYA,1.563083333,110.3318167,PPD KUCHING,['RENDAH'],could not convert string to float: 'JALAN DIPLOMATIK OFF JALAN BAKO PETRA JAYA'
YBA1202,SEKOLAH KEBANGSAAN RANCANGAN PERUMAHAN RAKYAT 'RPR',D/A PEJABAT PENDIDIKAN DAERAH KUCHING, JALAN DIPLOMATIK OFF JALAN BAKO PETRA JAYA,1.571533333,110.33475,PPD KUCHING,['RENDAH'],could not convert string to float: 'JALAN DIPLOMATIK OFF JALAN BAKO PETRA JAYA'
YBA1203,SEKOLAH KEBANGSAAN SATRIA JAYA,D/A PEJABAT PENDIDIKAN DAERAH KUCHING, JALAN DIPLOMATIK OFF JALAN BAKO PETRA JAYA,1.509933333,110.36575,PPD KUCHING,['RENDAH'],could not convert string to float: 'JALAN DIPLOMATIK OFF JALAN BAKO PETRA JAYA'
YBA1204,SEKOLAH KEBANGSAAN LAKSAMANA,D/A PEJABAT PENDIDIKAN DAERAH KUCHING, JALAN DIPLOMATIK OFF JALAN BAKO PETRA JAYA,1.51725,110.3456333,PPD KUCHING,['RENDAH'],could not convert string to float: 'JALAN DIPLOMATIK OFF JALAN BAKO PETRA JAYA'
YBA1205,SEKOLAH KEBANGSAAN SG. MAONG HILIR KUCHING,D/A PEJABAT PENDIDIKAN DAERAH PADAWAN, LORONG 17, OFF JALAN KAPOR, SUNGAI MAONG HILIR,1.536463,"['110.316758', 'PPD PADAWAN', 'RENDAH']",could not convert string to float: 'OFF JALAN KAPOR'
YBA1206,SEKOLAH KEBANGSAAN MATANG JAYA,KM 6, JALAN MATANG,1.57845,110.2977833,PPD PADAWAN,['RENDAH'],could not convert string to float: 'JALAN MATANG'
YBA1207,SEKOLAH KEBANGSAAN RPR BATU KAWA,LOT 1813 RPR BT.KAWA, FASA 2, JALAN BATU KAWA,1.5232,110.3191167,"['PPD PADAWAN', 'RENDAH']",could not convert string to float: 'JALAN BATU KAWA'
YBA1208,SEKOLAH KEBANGSAAN JALAN ARANG,LOT 4542, BLOK 225, JALAN KHONG PING,1.495833,110.3135,"['PPD PADAWAN', 'RENDAH']",could not convert string to float: 'JALAN KHONG PING'
YBA1209,SEKOLAH KEBANGSAAN SIOL KANAN,D/A PEJABAT PENDIDIKAN DAERAH KUCHING, JALAN DIPLOMATIK OFF JALAN BAKO PETRA JAYA,1.5986,110.34097,PPD KUCHING,['RENDAH'],could not convert string to float: 'JALAN DIPLOMATIK OFF JALAN BAKO PETRA JAYA'
YBA1210,SEKOLAH KEBANGSAAN TABUAN HILIR,D/A PEJABAT PENDIDIKAN DAERAH KUCHING, JALAN DIPLOMATIK OFF JALAN BAKO PETRA JAYA,1.537033333,110.3858167,PPD KUCHING,['RENDAH'],could not convert string to float: 'JALAN DIPLOMATIK OFF JALAN BAKO PETRA JAYA'
YBA1211,SEKOLAH KEBANGSAAN BANDAR SAMARIANG,D/A PEJABAT PENDIDIKAN DAERAH KUCHING, JALAN DIPLOMATIK OFF JALAN BAKO PETRA JAYA ,1.6386111,110.3377778,PPD KUCHING,['RENDAH'],could not convert string to float: 'JALAN DIPLOMATIK OFF JALAN BAKO PETRA JAYA'
YBA1212,SEKOLAH KEBANGSAAN TAN SRI DATUK DR. HJ. SULAIMAN DAUD,LOT 8683, SEKSYEN 65, JALAN MATANG,1.564676,110.3113335,"['PPD KUCHING', 'RENDAH']",could not convert string to float: 'JALAN MATANG'
YBA1302,SEKOLAH KEBANGSAAN BERADEK,D/A PEJABAT PENDIDIKAN DAERAH PADAWAN, LORONG 17, OFF JALAN KAPOR, SUNGAI MAONG HILIR,1.60981,"['110.498059', 'PPD PADAWAN', 'RENDAH']",could not convert string to float: 'OFF JALAN KAPOR'
YBA1304,SEKOLAH KEBANGSAAN BATU KITANG,D/A PEJABAT PENDIDIKAN DAERAH PADAWAN, LORONG 17, OFF JALAN KAPOR, SUNGAI MAONG HILIR,1.447433,"['110.283167', 'PPD PADAWAN', 'RENDAH']",could not convert string to float: 'OFF JALAN KAPOR'
YBA1307,SEKOLAH KEBANGSAAN MUHIBBAH,D/A PEJABAT PENDIDIKAN DAERAH KUCHING, JALAN DIPLOMATIK OFF JALAN BAKO PETRA JAYA,1.548304,110.397717,PPD KUCHING,['RENDAH'],could not convert string to float: 'JALAN DIPLOMATIK OFF JALAN BAKO PETRA JAYA'
YBA1308,SEKOLAH KEBANGSAAN PAYA MEBI,D/A PEJABAT PENDIDIKAN DAERAH PADAWAN, LORONG 17, OFF JALAN KAPOR, SUNGAI MAONG HILIR,1.411338,"['110.29408', 'PPD PADAWAN', 'RENDAH']",could not convert string to float: 'OFF JALAN KAPOR'
YBA1311,SEKOLAH KEBANGSAAN MATANG,D/A PEJABAT PENDIDIKAN DAERAH PADAWAN, LORONG 17, OFF JALAN KAPOR, SUNGAI MAONG HILIR,1.582233,"['110.237133', 'PPD PADAWAN', 'RENDAH']",could not convert string to float: 'OFF JALAN KAPOR'
YBA1312,SEKOLAH KEBANGSAAN ENCIK BUYONG,D/A PEJABAT PENDIDIKAN DAERAH KUCHING, JALAN DIPLOMATIK OFF JALAN BAKO PETRA JAYA,1.5708,110.3416833,PPD KUCHING,['RENDAH'],could not convert string to float: 'JALAN DIPLOMATIK OFF JALAN BAKO PETRA JAYA'
YBA1313,SEKOLAH KEBANGSAAN GERSIK,LOT 1429, 5020 & 8741, JALAN GERSIK, PETRA JAYA,1.561133333,"['110.35085', 'PPD KUCHING', 'RENDAH']",could not convert string to float: 'JALAN GERSIK'
YBA1314,SEKOLAH KEBANGSAAN SANTUBONG,D/A PEJABAT PENDIDIKAN DAERAH KUCHING, JALAN DIPLOMATIK OFF JALAN BAKO PETRA JAYA,1.72,110.31621,PPD KUCHING,['RENDAH'],could not convert string to float: 'JALAN DIPLOMATIK OFF JALAN BAKO PETRA JAYA'
YBA1317,SEKOLAH KEBANGSAAN MUARA TEBAS,KAMPUNG MUARA TEBAS, JALAN BAKO,1.648,110.4825333,PPD KUCHING,['RENDAH'],could not convert string to float: 'JALAN BAKO'
YBA1319,SEKOLAH KEBANGSAAN PASIR PANDAK,D/A PEJABAT PENDIDIKAN DAERAH KUCHING, JALAN DIPLOMATIK OFF JALAN BAKO PETRA JAYA,1.69711,110.31091,PPD KUCHING,['RENDAH'],could not convert string to float: 'JALAN DIPLOMATIK OFF JALAN BAKO PETRA JAYA'
YBA1321,SEKOLAH KEBANGSAAN GITA,D/A PEJABAT PENDIDIKAN DAERAH KUCHING, JALAN DIPLOMATIK OFF JALAN BAKO PETRA JAYA,1.563816667,110.3189,PPD KUCHING,['RENDAH'],could not convert string to float: 'JALAN DIPLOMATIK OFF JALAN BAKO PETRA JAYA'
YBA1322,SEKOLAH KEBANGSAAN PULO,D/A PEJABAT PENDIDIKAN DAERAH KUCHING, JALAN DIPLOMATIK OFF JALAN BAKO PETRA JAYA ,1.560733333,110.3651167,PPD KUCHING,['RENDAH'],could not convert string to float: 'JALAN DIPLOMATIK OFF JALAN BAKO PETRA JAYA'
YBA1324,SEKOLAH KEBANGSAAN GOEBILT,D/A PEJABAT PENDIDIKAN DAERAH KUCHING, JALAN DIPLOMATIK OFF JALAN BAKO PETRA JAYA,1.63485,110.4581667,PPD KUCHING,['RENDAH'],could not convert string to float: 'JALAN DIPLOMATIK OFF JALAN BAKO PETRA JAYA'
YBA1325,SEKOLAH KEBANGSAAN TABUAN,D/A PEJABAT PENDIDIKAN DAERAH KUCHING, JALAN DIPLOMATIK OFF JALAN BAKO PETRA JAYA,1.535,110.391783,PPD KUCHING,['RENDAH'],could not convert string to float: 'JALAN DIPLOMATIK OFF JALAN BAKO PETRA JAYA'
YBA1332,SEKOLAH KEBANGSAAN ASTANA,D/A PEJABAT PENDIDIKAN DAERAH KUCHING, JALAN DIPLOMATIK OFF JALAN BAKO PETRA JAYA,1.580616667,110.3595167,PPD KUCHING,['RENDAH'],could not convert string to float: 'JALAN DIPLOMATIK OFF JALAN BAKO PETRA JAYA'
YBA1333,SEKOLAH KEBANGSAAN TEMENGGONG,D/A PEJABAT PENDIDIKAN DAERAH PADAWAN, LORONG 17, OFF JALAN KAPOR, SUNGAI MAONG HILIR,1.6325,"['110.207617', 'PPD PADAWAN', 'RENDAH']",could not convert string to float: 'OFF JALAN KAPOR'
YBA1334,SEKOLAH KEBANGSAAN TG BAKO,D/A PEJABAT PENDIDIKAN DAERAH PADAWAN, LORONG 17, OFF JALAN KAPOR, SUNGAI MAONG HILIR,1.575883,"['110.429032', 'PPD PADAWAN', 'RENDAH']",could not convert string to float: 'OFF JALAN KAPOR'
YBA1336,SEKOLAH KEBANGSAAN TABUAN ULU,D/A PEJABAT PENDIDIKAN DAERAH KUCHING, JALAN DIPLOMATIK OFF JALAN BAKO PETRA JAYA,1.539,110.37045,PPD KUCHING,['RENDAH'],could not convert string to float: 'JALAN DIPLOMATIK OFF JALAN BAKO PETRA JAYA'
YBA1337,SEKOLAH KEBANGSAAN SALAK,D/A PEJABAT PENDIDIKAN DAERAH KUCHING, JALAN DIPLOMATIK OFF JALAN BAKO PETRA JAYA ,1.66625,110.29501,PPD KUCHING,['RENDAH'],could not convert string to float: 'JALAN DIPLOMATIK OFF JALAN BAKO PETRA JAYA'
YBA1339,SEKOLAH KEBANGSAAN SEMARIANG,JALAN SEMARIANG BATU, PETRA JAYA,1.6022125,110.3264907,PPD KUCHING,['RENDAH'],could not convert string to float: 'PETRA JAYA'
YBA1341,SEKOLAH KEBANGSAAN SG AUR,D/A PEJABAT PENDIDIKAN DAERAH PADAWAN, LORONG 17, OFF JALAN KAPOR, SUNGAI MAONG HILIR,1.675883333,"['110.2491833', 'PPD PADAWAN', 'RENDAH']",could not convert string to float: 'OFF JALAN KAPOR'
YBA1343,SEKOLAH KEBANGSAAN TABUAN JAYA,D/A PEJABAT PENDIDIKAN DAERAH KUCHING, JALAN DIPLOMATIK OFF JALAN BAKO PETRA JAYA ,1.52525,110.36675,PPD KUCHING,['RENDAH'],could not convert string to float: 'JALAN DIPLOMATIK OFF JALAN BAKO PETRA JAYA'
YBA1346,SEKOLAH KEBANGSAAN RANTAU PANJANG,D/A PEJABAT PENDIDIKAN DAERAH PADAWAN, LORONG 17, OFF JALAN KAPOR, SUNGAI MAONG HILIR,1.501083,"['110.270967', 'PPD PADAWAN', 'RENDAH']",could not convert string to float: 'OFF JALAN KAPOR'
YBA1347,SEKOLAH KEBANGSAAN TAN SRI DATUK HAJI MOHAMED,TAMAN MALIHAH, JALAN BELATOK, MATANG,1.5534,110.248367,"['PPD PADAWAN', 'RENDAH']",could not convert string to float: 'MATANG'
YBA1348,SEKOLAH KEBANGSAAN TELAGA AIR,D/A PEJABAT PENDIDIKAN DAERAH PADAWAN, LORONG 17, OFF JALAN KAPOR, SUNGAI MAONG HILIR ,1.672516667,"['110.20875', 'PPD PADAWAN', 'RENDAH']",could not convert string to float: 'OFF JALAN KAPOR'
YBA1349,SEKOLAH KEBANGSAAN WIRA JAYA,D/A PEJABAT PENDIDIKAN DAERAH SAMARAHAN, JALAN DATO MOHD MUSA,1.4469,110.32685,PPD SAMARAHAN,['RENDAH'],could not convert string to float: 'JALAN DATO MOHD MUSA'
YBA1350,SEKOLAH KEBANGSAAN SEMERAH PADI,D/A PEJABAT PENDIDIKAN DAERAH KUCHING, JALAN DIPLOMATIK OFF JALAN BAKO PETRA JAYA,1.582593,110.317288,PPD KUCHING,['RENDAH'],could not convert string to float: 'JALAN DIPLOMATIK OFF JALAN BAKO PETRA JAYA'
YBA1351,SEKOLAH KEBANGSAAN RAMPANGI,D/A PEJABAT PENDIDIKAN DAERAH KUCHING, JALAN DIPLOMATIK OFF JALAN BAKO PETRA JAYA,1.65527,110.33245,PPD KUCHING,['RENDAH'],could not convert string to float: 'JALAN DIPLOMATIK OFF JALAN BAKO PETRA JAYA'
YBA1352,SEKOLAH KEBANGSAAN PETRA JAYA,D/A PEJABAT PENDIDIKAN DAERAH PADAWAN, LORONG 17, OFF JALAN KAPOR, SUNGAI MAONG HILIR,1.5787,"['110.3062333', 'PPD PADAWAN', 'RENDAH']",could not convert string to float: 'OFF JALAN KAPOR'
YBA1353,SEKOLAH KEBANGSAAN MAJ GEN DATU IBRAHIM,KEM SEMENGGO, JLN LAPANGAN TERBANG LAMA,KUCHING,1.472376,110.338963,"['PPD KUCHING', 'RENDAH']",could not convert string to float: 'KUCHING'
YBA2103,SEKOLAH KEBANGSAAN MUNGGU BRINGIN,D/A PEJABAT PENDIDIKAN DAERAH SRI AMAN, TINGKAT 2, WISMA PERSEKUTUAN, JALAN ABANG AING,1.14,"['111.23', 'PPD SRI AMAN', 'RENDAH']",could not convert string to float: 'WISMA PERSEKUTUAN'
YBA2105,SEKOLAH KEBANGSAAN PULAU SEDUKU,D/A PEJABAT PENDIDIKAN DAERAH SRI AMAN, TINGKAT 2, WISMA PERSEKUTUAN, JALAN ABANG AING,1.363875,"['111.286596', 'PPD SRI AMAN', 'RENDAH']",could not convert string to float: 'WISMA PERSEKUTUAN'
YBA2106,SEKOLAH KEBANGSAAN LELA PAHLAWAN,D/A PEJABAT PENDIDIKAN DAERAH SRI AMAN, TINGKAT 2, WISMA PERSEKUTUAN, JALAN ABANG AING,1.353976,"['111.171247', 'PPD SRI AMAN', 'RENDAH']",could not convert string to float: 'WISMA PERSEKUTUAN'
YBA2108,SEKOLAH KEBANGSAAN MALUDAM,D/A PEJABAT PENDIDIKAN DAERAH BETONG, JALAN YONG SHAU NEN,1.656454,111.036435,PPD BETONG,['RENDAH'],could not convert string to float: 'JALAN YONG SHAU NEN'
YBA2109,SEKOLAH KEBANGSAAN ABANG AING,D/A PEJABAT PENDIDIKAN DAERAH SRI AMAN, TINGKAT 2, WISMA PERSEKUTUAN, JALAN ABANG AING,1.238416667,"['111.4596333', 'PPD SRI AMAN', 'RENDAH']",could not convert string to float: 'WISMA PERSEKUTUAN'
YBA2111,SEKOLAH KEBANGSAAN BAKONG,D/A PEJABAT PENDIDIKAN DAERAH SRI AMAN, TINGKAT 2, WISMA PERSEKUTUAN, JALAN ABANG AING,1.330332,"['111.303352', 'PPD SRI AMAN', 'RENDAH']",could not convert string to float: 'WISMA PERSEKUTUAN'
YBA2114,SEKOLAH KEBANGSAAN KEM PAKIT,D/A PEJABAT PENDIDIKAN DAERAH SRI AMAN, TINGKAT 2, WISMA PERSEKUTUAN, JALAN ABANG AING,1.148516667,"['111.47695', 'PPD SRI AMAN', 'RENDAH']",could not convert string to float: 'WISMA PERSEKUTUAN'
YBA2116,SEKOLAH KEBANGSAAN ENGKRANJI,D/A PEJABAT PENDIDIKAN DAERAH SRI AMAN, TINGKAT 2, WISMA PERSEKUTUAN, JALAN ABANG AING,1.266783,"['111.150017', 'PPD SRI AMAN', 'RENDAH']",could not convert string to float: 'WISMA PERSEKUTUAN'
YBA2117,SEKOLAH KEBANGSAAN APING,D/A PEJABAT PENDIDIKAN DAERAH SRI AMAN, TINGKAT 2, WISMA PERSEKUTUAN, JALAN ABANG AING,1.082673,"['111.47695', 'PPD SRI AMAN', 'RENDAH']",could not convert string to float: 'WISMA PERSEKUTUAN'
YBA2118,SEKOLAH KEBANGSAAN SRI AMAN,D/A PEJABAT PENDIDIKAN DAERAH SRI AMAN, TINGKAT 2, WISMA PERSEKUTUAN, JALAN ABANG AING,1.2227,"['111.45785', 'PPD SRI AMAN', 'RENDAH']",could not convert string to float: 'WISMA PERSEKUTUAN'
YBA2201,SEKOLAH KEBANGSAAN TO' EMAN,D/A PEJABAT PENDIDIKAN DAERAH SARATOK, TINGKAT 1, WISMA PERSEKUTUAN, JALAN SARATOK,1.941655,"['111.189929', 'PPD SARATOK', 'RENDAH']",could not convert string to float: 'WISMA PERSEKUTUAN'
YBA2202,SEKOLAH KEBANGSAAN KG EMPLAM,D/A PEJABAT PENDIDIKAN DAERAH SARATOK, TINGKAT 1, WISMA PERSEKUTUAN, JALAN SARATOK,1.8792156,"['111.2036937', 'PPD SARATOK', 'RENDAH']",could not convert string to float: 'WISMA PERSEKUTUAN'
YBA2203,SEKOLAH KEBANGSAAN PERPAT,D/A PEJABAT PENDIDIKAN DAERAH SARATOK, TINGKAT 1, WISMA PERSEKUTUAN, JALAN SARATOK,1.7514222,"['111.1587194', 'PPD SARATOK', 'RENDAH']",could not convert string to float: 'WISMA PERSEKUTUAN'
YBA2204,SEKOLAH KEBANGSAAN HJ JUNID,D/A PEJABAT PENDIDIKAN DAERAH SARATOK, TINGKAT 1, WISMA PERSEKUTUAN, JALAN SARATOK,2.04,"['111.19', 'PPD SARATOK', 'RENDAH']",could not convert string to float: 'WISMA PERSEKUTUAN'
YBA2205,SEKOLAH KEBANGSAAN KG PALOH,KG PALOH, KABONG,1.779256,111.107026,PPD SARATOK,['RENDAH'],could not convert string to float: 'KABONG'
YBA2206,SEKOLAH KEBANGSAAN ABG. MOH SESSANG,KAMPUNG SESSANG, KABONG,1.8875,111.1902778,PPD SARATOK,['RENDAH'],could not convert string to float: 'KABONG'
YBA2207,SEKOLAH KEBANGSAAN KPG ALIT,D/A PEJABAT PENDIDIKAN DAERAH SARATOK, TINGKAT 1, WISMA PERSEKUTUAN, JALAN SARATOK,1.924064,"['111.153839', 'PPD SARATOK', 'RENDAH']",could not convert string to float: 'WISMA PERSEKUTUAN'
YBA2208,SEKOLAH KEBANGSAAN ABANG LEMAN,D/A PEJABAT PENDIDIKAN DAERAH SARATOK, TINGKAT 1, WISMA PERSEKUTUAN, JALAN SARATOK,1.803263,"['111.121817', 'PPD SARATOK', 'RENDAH']",could not convert string to float: 'WISMA PERSEKUTUAN'
YBA2209,SEKOLAH KEBANGSAAN ABANG ABDUL RAHMAN,D/A PEJABAT PENDIDIKAN DAERAH SARATOK, TINGKAT 1, WISMA PERSEKUTUAN, JALAN SARATOK,1.741007,"['111.338691', 'PPD SARATOK', 'RENDAH']",could not convert string to float: 'WISMA PERSEKUTUAN'
YBA2210,SEKOLAH KEBANGSAAN HAJI BOLLAH,D/A PEJABAT PENDIDIKAN DAERAH SARATOK, TINGKAT 1, WISMA PERSEKUTUAN, JALAN SARATOK,1.7297727,"['111.2075535', 'PPD SARATOK', 'RENDAH']",could not convert string to float: 'WISMA PERSEKUTUAN'
YBA2211,SEKOLAH KEBANGSAAN KG KUPANG,LOT 1,6 & 7 BLOK 11 AWIK-KRIAN,1.74464,111.28832,PPD SARATOK,['RENDAH'],could not convert string to float: '6 & 7 BLOK 11 AWIK-KRIAN'
YBA2212,SEKOLAH KEBANGSAAN SG PASIR,D/A PEJABAT PENDIDIKAN DAERAH SARATOK, TINGKAT 1, WISMA PERSEKUTUAN, JALAN SARATOK,1.932495,"['111.2118718', 'PPD SARATOK', 'RENDAH']",could not convert string to float: 'WISMA PERSEKUTUAN'
YBA2213,SEKOLAH KEBANGSAAN ULU SEBETAN,D/A PEJABAT PENDIDIKAN DAERAH SARATOK, TINGKAT 1, WISMA PERSEKUTUAN, JALAN SARATOK,1.74,"['111.36', 'PPD SARATOK', 'RENDAH']",could not convert string to float: 'WISMA PERSEKUTUAN'
YBA2401,SEKOLAH KEBANGSAAN BALINGAN,D/A PEJABAT PENDIDIKAN DAERAH BETONG, JALAN YONG SHAU NEN,1.431336,111.45793,PPD BETONG,['RENDAH'],could not convert string to float: 'JALAN YONG SHAU NEN'
YBA2402,SEKOLAH KEBANGSAAN MANGUT,D/A PEJABAT PENDIDIKAN DAERAH BETONG, JALAN YONG SHAU NEN,1.509072,111.350513,PPD BETONG,['RENDAH'],could not convert string to float: 'JALAN YONG SHAU NEN'
YBA2403,SEKOLAH KEBANGSAAN SEREMBANG,D/A PEJABAT PENDIDIKAN DAERAH BETONG, JALAN YONG SHAU NEN,1.476296,111.397848,PPD BETONG,['RENDAH'],could not convert string to float: 'JALAN YONG SHAU NEN'
YBA2405,SEKOLAH KEBANGSAAN SEBEMBAN,D/A PEJABAT PENDIDIKAN DAERAH BETONG, JALAN YONG SHAU NEN,1.453301,111.452351,PPD BETONG,['RENDAH'],could not convert string to float: 'JALAN YONG SHAU NEN'
YBA2406,SEKOLAH KEBANGSAAN SPINANG,D/A PEJABAT PENDIDIKAN DAERAH BETONG, JALAN YONG SHAU NEN,1.67908,111.121087,PPD BETONG,['RENDAH'],could not convert string to float: 'JALAN YONG SHAU NEN'
YBA2407,SEKOLAH KEBANGSAAN SPAOH,D/A PEJABAT PENDIDIKAN DAERAH BETONG, JALAN YONG SHAU NEN,1.44678,111.482649,PPD BETONG,['RENDAH'],could not convert string to float: 'JALAN YONG SHAU NEN'
YBA2408,SEKOLAH KEBANGSAAN ABANG ABDUL KADIR,D/A PEJABAT PENDIDIKAN DAERAH BETONG, JALAN YONG SHAU NEN,1.413716667,111.5270667,PPD BETONG,['RENDAH'],could not convert string to float: 'JALAN YONG SHAU NEN'
YBA2409,SEKOLAH KEBANGSAAN BELADIN,D/A PEJABAT PENDIDIKAN DAERAH BETONG, JALAN YONG SHAU NEN,1.63414,111.2054,PPD BETONG,['RENDAH'],could not convert string to float: 'JALAN YONG SHAU NEN'
YBA2410,SEKOLAH KEBANGSAAN PUSA,D/A PEJABAT PENDIDIKAN DAERAH BETONG, JALAN YONG SHAU NEN,1.592727,111.306503,PPD BETONG,['RENDAH'],could not convert string to float: 'JALAN YONG SHAU NEN'
YBA2411,SEKOLAH KEBANGSAAN DATUK BANDAR,D/A PEJABAT PENDIDIKAN DAERAH BETONG, JALAN YONG SHAU NEN,1.56,111.43,PPD BETONG,['RENDAH'],could not convert string to float: 'JALAN YONG SHAU NEN'
YBA2412,SEKOLAH KEBANGSAAN TANJUNG ASSAM,D/A PEJABAT PENDIDIKAN DAERAH BETONG, JALAN YONG SHAU NEN,1.47,111.41,PPD BETONG,['RENDAH'],could not convert string to float: 'JALAN YONG SHAU NEN'
YBA2413,SEKOLAH KEBANGSAAN TUI,D/A PEJABAT PENDIDIKAN DAERAH BETONG, JALAN YONG SHAU NEN,1.5404323,111.3516283,PPD BETONG,['RENDAH'],could not convert string to float: 'JALAN YONG SHAU NEN'
YBA2414,SEKOLAH KEBANGSAAN SEMARANG,D/A PEJABAT PENDIDIKAN DAERAH BETONG, JALAN YONG SHAU NEN,1.6808,111.100204,PPD BETONG,['RENDAH'],could not convert string to float: 'JALAN YONG SHAU NEN'
YBA2415,SEKOLAH KEBANGSAAN BATANG MARO,D/A PEJABAT PENDIDIKAN DAERAH SARATOK, TINGKAT 1, WISMA PERSEKUTUAN, JALAN SARATOK,1.75788,"['111.09814', 'PPD SARATOK', 'RENDAH']",could not convert string to float: 'WISMA PERSEKUTUAN'
YBA2416,SEKOLAH KEBANGSAAN TAMBAK,D/A PEJABAT PENDIDIKAN DAERAH BETONG, JALAN YONG SHAU NEN,1.594704,111.306868,PPD BETONG,['RENDAH'],could not convert string to float: 'JALAN YONG SHAU NEN'
YBA2418,SEKOLAH KEBANGSAAN SUPA,D/A PEJABAT PENDIDIKAN DAERAH BETONG, JALAN YONG SHAU NEN ,1.485434,111.284595,PPD BETONG,['RENDAH'],could not convert string to float: 'JALAN YONG SHAU NEN'
YBA2419,SEKOLAH KEBANGSAAN BUNGIN,D/A PEJABAT PENDIDIKAN DAERAH BETONG, JALAN YONG SHAU NEN,1.469646,111.442995,PPD BETONG,['RENDAH'],could not convert string to float: 'JALAN YONG SHAU NEN'
YBA2420,SEKOLAH KEBANGSAAN MEDANG,D/A PEJABAT PENDIDIKAN DAERAH BETONG, JALAN YONG SHAU NEN,1.410935,111.534276,PPD BETONG,['RENDAH'],could not convert string to float: 'JALAN YONG SHAU NEN'
YBA2421,SEKOLAH KEBANGSAAN NG. SPAK,D/A PEJABAT PENDIDIKAN DAERAH BETONG, JALAN YONG SHAU NEN,1.528562,111.610444,PPD BETONG,['RENDAH'],could not convert string to float: 'JALAN YONG SHAU NEN'
YBA2423,SEKOLAH KEBANGSAAN NG. PASSA,D/A PEJABAT PENDIDIKAN DAERAH BETONG, JALAN YONG SHAU NEN,1.61898,111.288371,PPD BETONG,['RENDAH'],could not convert string to float: 'JALAN YONG SHAU NEN'
YBA3101,SEKOLAH KEBANGSAAN KG BAHAGIA JAYA,D/A PEJABAT PENDIDIKAN DAERAH SIBU, TINGKAT 6, WISMA PERSEKUTUAN, BLOK 3, LOT 462,"[' BROOKE DRIVE', '2.352183333', '111.8575833', 'PPD SIBU', 'RENDAH']",could not convert string to float: 'WISMA PERSEKUTUAN'
YBA3102,SEKOLAH KEBANGSAAN PENDIDIKAN KHAS SIBU,D/A PEJABAT PENDIDIKAN DAERAH SIBU, TINGKAT 6, WISMA PERSEKUTUAN, BLOK 3, LOT 462,"[' BROOKE DRIVE', '2.314283333', '111.8249', 'PPD SIBU', 'RENDAH']",could not convert string to float: 'WISMA PERSEKUTUAN'
YBA3104,SEKOLAH KEBANGSAAN SEDC,D/A PEJABAT PENDIDIKAN DAERAH SIBU, TINGKAT 6, WISMA PERSEKUTUAN, BLOK 3, LOT 462,"[' BROOKE DRIVE', '2.252233333', '111.8527167', 'PPD SIBU', 'RENDAH']",could not convert string to float: 'WISMA PERSEKUTUAN'
YBA3201,SEKOLAH KEBANGSAAN BATU 10 JALAN OYA,D/A PEJABAT PENDIDIKAN DAERAH SIBU, TINGKAT 6, WISMA PERSEKUTUAN, BLOK 3, LOT 462,"[' BROOKE DRIVE', '2.29719', '111.950036', 'PPD SIBU', 'RENDAH']",could not convert string to float: 'WISMA PERSEKUTUAN'
YBA3204,SEKOLAH KEBANGSAAN SINGAT,D/A PEJABAT PENDIDIKAN DAERAH SIBU, TINGKAT 6, WISMA PERSEKUTUAN, BLOK 3, LOT 462,"[' BROOKE DRIVE', '2.344594', '111.60735', 'PPD SIBU', 'RENDAH']",could not convert string to float: 'WISMA PERSEKUTUAN'
YBA3205,SEKOLAH KEBANGSAAN SIBU JAYA,D/A PEJABAT PENDIDIKAN DAERAH SIBU, TINGKAT 6, WISMA PERSEKUTUAN, BLOK 3, LOT 462,"[' BROOKE DRIVE', '2.23901', '111.965961', 'PPD SIBU', 'RENDAH']",could not convert string to float: 'WISMA PERSEKUTUAN'
YBA3206,SEKOLAH KEBANGSAAN BUKIT ARIP,D/A PEJABAT PENDIDIKAN DAERAH SELANGAU, LOT 363, BLOK 15, NEW TOWNSHIP, SELANGAU,"['2.73765', '112.66935', 'PPD SELANGAU', 'RENDAH']",could not convert string to float: 'BLOK 15'
YBA3400,SEKOLAH KEBANGSAAN MUKAH,D/A PEJABAT PENDIDIKAN DAERAH MUKAH, JALAN HAJI MOHAMAD FAUZI,2.886556,112.079412,PPD MUKAH,['RENDAH'],could not convert string to float: 'JALAN HAJI MOHAMAD FAUZI'
YBA3401,SEKOLAH KEBANGSAAN KAMPUNG SAU,D/A PEJABAT PENDIDIKAN DAERAH MUKAH, JALAN HAJI MOHAMAD FAUZI,2.835404,112.186317,PPD MUKAH,['RENDAH'],could not convert string to float: 'JALAN HAJI MOHAMAD FAUZI'
YBA3402,SEKOLAH KEBANGSAAN KG PETANAK,D/A PEJABAT PENDIDIKAN DAERAH MUKAH, JALAN HAJI MOHAMAD FAUZI,2.886877,112.071689,PPD MUKAH,['RENDAH'],could not convert string to float: 'JALAN HAJI MOHAMAD FAUZI'
YBA3403,SEKOLAH KEBANGSAAN DUA SUNGAI,D/A PEJABAT PENDIDIKAN DAERAH MUKAH, JALAN HAJI MOHAMAD FAUZI,2.8847515,111.9868183,PPD MUKAH,['RENDAH'],could not convert string to float: 'JALAN HAJI MOHAMAD FAUZI'
YBA3404,SEKOLAH KEBANGSAAN SG LIUK,D/A PEJABAT PENDIDIKAN DAERAH MUKAH, JALAN HAJI MOHAMAD FAUZI,3.0079111,112.5133527,PPD MUKAH,['RENDAH'],could not convert string to float: 'JALAN HAJI MOHAMAD FAUZI'
YBA3405,SEKOLAH KEBANGSAAN SG KEMENA,D/A PEJABAT PENDIDIKAN DAERAH SELANGAU, LOT 363, BLOK 15, NEW TOWNSHIP, SELANGAU,"['2.655183333', '112.6185333', 'PPD SELANGAU', 'RENDAH']",could not convert string to float: 'BLOK 15'
YBA3406,SEKOLAH KEBANGSAAN SUNGAI DUAN,D/A PEJABAT PENDIDIKAN DAERAH MUKAH, JALAN HAJI MOHAMAD FAUZI,2.705861,112.42695,PPD MUKAH,['RENDAH'],could not convert string to float: 'JALAN HAJI MOHAMAD FAUZI'
YBA3407,SEKOLAH KEBANGSAAN SLDB LADANG 3,D/A PEJABAT PENDIDIKAN DAERAH MUKAH, JALAN HAJI MOHAMAD FAUZI,2.702217,112.361906,PPD MUKAH,['RENDAH'],could not convert string to float: 'JALAN HAJI MOHAMAD FAUZI'
YBA3408,SEKOLAH KEBANGSAAN DIJIH,D/A PEJABAT PENDIDIKAN DAERAH SELANGAU, LOT 363, BLOK 15, NEW TOWNSHIP, SELANGAU,"['2.525066667', '112.2664167', 'PPD SELANGAU', 'RENDAH']",could not convert string to float: 'BLOK 15'
YBA3409,SEKOLAH KEBANGSAAN PENAKUP ULU,D/A PEJABAT PENDIDIKAN DAERAH MUKAH, JALAN HAJI MOHAMAD FAUZI,2.879654,112.148087,PPD MUKAH,['RENDAH'],could not convert string to float: 'JALAN HAJI MOHAMAD FAUZI'
YBA3410,SEKOLAH KEBANGSAAN SG BAYAN,D/A PEJABAT PENDIDIKAN DAERAH MUKAH, JALAN HAJI MOHAMAD FAUZI,2.8642,112.3838,PPD MUKAH,['RENDAH'],could not convert string to float: 'JALAN HAJI MOHAMAD FAUZI'
YBA3501,SEKOLAH KEBANGSAAN BATU 36,D/A PEJABAT PENDIDIKAN DAERAH SELANGAU, LOT 363, BLOK 15, NEW TOWNSHIP, SELANGAU,"['2.418866667', '112.2128', 'PPD SELANGAU', 'RENDAH']",could not convert string to float: 'BLOK 15'
YBA4101,SEKOLAH KEBANGSAAN JALAN BINTANG,D/A PEJABAT PENDIDIKAN DAERAH MIRI, TINGKAT 2, WISMA PERSEKUTUAN, JALAN KIPAS,4.40105,"['113.9954', 'PPD MIRI', 'RENDAH']",could not convert string to float: 'WISMA PERSEKUTUAN'
YBA4102,SEKOLAH KEBANGSAAN RIAM BATU DUA,D/A PEJABAT PENDIDIKAN DAERAH MIRI, TINGKAT 2, WISMA PERSEKUTUAN, JALAN KIPAS,4.3487,"['113.99005', 'PPD MIRI', 'RENDAH']",could not convert string to float: 'WISMA PERSEKUTUAN'
YBA4103,SEKOLAH KEBANGSAAN ANCHI,D/A PEJABAT PENDIDIKAN DAERAH MIRI, TINGKAT 2, WISMA PERSEKUTUAN, JALAN KIPAS,4.4277,"['114.0073', 'PPD MIRI', 'RENDAH']",could not convert string to float: 'WISMA PERSEKUTUAN'
YBA4104,SEKOLAH KEBANGSAAN KUALA BARAM,D/A PEJABAT PENDIDIKAN DAERAH MIRI, TINGKAT 2, WISMA PERSEKUTUAN, JALAN KIPAS,4.5889776,"['113.9871588', 'PPD MIRI', 'RENDAH']",could not convert string to float: 'WISMA PERSEKUTUAN'
YBA4105,SEKOLAH KEBANGSAAN KG. BAKAM,D/A PEJABAT PENDIDIKAN DAERAH MIRI, TINGKAT 2, WISMA PERSEKUTUAN, JALAN KIPAS ,4.2483,"['113.9252667', 'PPD MIRI', 'RENDAH']",could not convert string to float: 'WISMA PERSEKUTUAN'
YBA4106,SEKOLAH KEBANGSAAN PUJUT CORNER,D/A PEJABAT PENDIDIKAN DAERAH MIRI, TINGKAT 2, WISMA PERSEKUTUAN, JALAN KIPAS,4.421716667,"['114.0198833', 'PPD MIRI', 'RENDAH']",could not convert string to float: 'WISMA PERSEKUTUAN'
YBA4107,SEKOLAH KEBANGSAAN KG. LUAK,D/A PEJABAT PENDIDIKAN DAERAH MIRI, TINGKAT 2, WISMA PERSEKUTUAN, JALAN KIPAS,4.346783333,"['113.9758', 'PPD MIRI', 'RENDAH']",could not convert string to float: 'WISMA PERSEKUTUAN'
YBA4108,SEKOLAH KEBANGSAAN PULAU MELAYU,D/A PEJABAT PENDIDIKAN DAERAH MIRI, TINGKAT 2, WISMA PERSEKUTUAN, JALAN KIPAS,4.4171323,"['113.9923865', 'PPD MIRI', 'RENDAH']",could not convert string to float: 'WISMA PERSEKUTUAN'
YBA4110,SEKOLAH KEBANGSAAN TEMENGGONG DATUK MUIP,D/A PEJABAT PENDIDIKAN DAERAH MIRI, TINGKAT 2, WISMA PERSEKUTUAN, JALAN KIPAS,4.31975,"['113.99805', 'PPD MIRI', 'RENDAH']",could not convert string to float: 'WISMA PERSEKUTUAN'
YBA4111,SEKOLAH KEBANGSAAN TUDAN,D/A PEJABAT PENDIDIKAN DAERAH MIRI, TINGKAT 2, WISMA PERSEKUTUAN, JALAN KIPAS,4.479416667,"['114.0275', 'PPD MIRI', 'RENDAH']",could not convert string to float: 'WISMA PERSEKUTUAN'
YBA4112,SEKOLAH KEBANGSAAN PENDIDIKAN KHAS MIRI,D/A PEJABAT PENDIDIKAN DAERAH MIRI, TINGKAT 2, WISMA PERSEKUTUAN, JALAN KIPAS,4.426733333,"['114.0076167', 'PPD MIRI', 'RENDAH']",could not convert string to float: 'WISMA PERSEKUTUAN'
YBA4113,SEKOLAH KEBANGSAAN MERBAU,D/A PEJABAT PENDIDIKAN DAERAH MIRI, TINGKAT 2, WISMA PERSEKUTUAN, JALAN KIPAS,4.455416667,"['114.0442167', 'PPD MIRI', 'RENDAH']",could not convert string to float: 'WISMA PERSEKUTUAN'
YBA4114,SEKOLAH KEBANGSAAN KUALA BARAM II,D/A PEJABAT PENDIDIKAN DAERAH MIRI, TINGKAT 2, WISMA PERSEKUTUAN, JALAN KIPAS,4.5505649,"['114.007616', 'PPD MIRI', 'RENDAH']",could not convert string to float: 'WISMA PERSEKUTUAN'
YBA4115,SEKOLAH KEBANGSAAN SENADIN,D/A PEJABAT PENDIDIKAN DAERAH MIRI, TINGKAT 2, WISMA PERSEKUTUAN, JALAN KIPAS,4.48665,"['114.0125', 'PPD MIRI', 'RENDAH']",could not convert string to float: 'WISMA PERSEKUTUAN'
YBA4116,SEKOLAH KEBANGSAAN MIRI,D/A PEJABAT PENDIDIKAN DAERAH MIRI, TINGKAT 2, WISMA PERSEKUTUAN, JALAN KIPAS,4.40842,"['113.99947', 'PPD MIRI', 'RENDAH']",could not convert string to float: 'WISMA PERSEKUTUAN'
YBA4301,SEKOLAH KEBANGSAAN LONG SAIT,D/A PEJABAT PENDIDIKAN DAERAH BARAM, JALAN KAMPUNG NARUM,3.3057917,115.1944361,PPD BARAM,['RENDAH'],could not convert string to float: 'JALAN KAMPUNG NARUM'
YBA4302,SEKOLAH KEBANGSAAN LEPONG AJAI,D/A PEJABAT PENDIDIKAN DAERAH MIRI, TINGKAT 2, WISMA PERSEKUTUAN, JALAN KIPAS,4.159883,"['114.028838', 'PPD MIRI', 'RENDAH']",could not convert string to float: 'WISMA PERSEKUTUAN'
YBA4303,SEKOLAH KEBANGSAAN LONG TERAN KANAN,D/A PEJABAT PENDIDIKAN DAERAH BARAM, JALAN KAMPUNG NARUM,3.61522,114.14751,PPD BARAM,['RENDAH'],could not convert string to float: 'JALAN KAMPUNG NARUM'
YBA4304,SEKOLAH KEBANGSAAN LONG PELUTAN,D/A PEJABAT PENDIDIKAN DAERAH BARAM, JALAN KAMPUNG NARUM,3.5558,114.4907833,PPD BARAM,['RENDAH'],could not convert string to float: 'JALAN KAMPUNG NARUM'
YBA4306,SEKOLAH KEBANGSAAN LONG LUTENG,D/A PEJABAT PENDIDIKAN DAERAH BARAM, JALAN KAMPUNG NARUM,3.5493,114.75848,PPD BARAM,['RENDAH'],could not convert string to float: 'JALAN KAMPUNG NARUM'
YBA4307,SEKOLAH KEBANGSAAN UMA BAWANG,D/A PEJABAT PENDIDIKAN DAERAH BARAM, JALAN KAMPUNG NARUM,3.637633,114.408789,PPD BARAM,['RENDAH'],could not convert string to float: 'JALAN KAMPUNG NARUM'
YBA4308,SEKOLAH KEBANGSAAN LONG LAPOK,D/A PEJABAT PENDIDIKAN DAERAH BARAM, JALAN KAMPUNG NARUM,4.177822,114.315134,PPD BARAM,['RENDAH'],could not convert string to float: 'JALAN KAMPUNG NARUM'
YBA4309,SEKOLAH KEBANGSAAN LONG KEVOK,D/A PEJABAT PENDIDIKAN DAERAH BARAM, JALAN KAMPUNG NARUM,4.18982,114.339845,PPD BARAM,['RENDAH'],could not convert string to float: 'JALAN KAMPUNG NARUM'
YBA4310,SEKOLAH KEBANGSAAN BATU BUNGAN,D/A PEJABAT PENDIDIKAN DAERAH BARAM, JALAN KAMPUNG NARUM,4.053206,114.816549,PPD BARAM,['RENDAH'],could not convert string to float: 'JALAN KAMPUNG NARUM'
YBA4311,SEKOLAH KEBANGSAAN LONG JEKITAN,D/A PEJABAT PENDIDIKAN DAERAH BARAM, JALAN KAMPUNG NARUM,3.26,114.86,PPD BARAM,['RENDAH'],could not convert string to float: 'JALAN KAMPUNG NARUM'
YBA4401,SEKOLAH KEBANGSAAN KUALA NYALAU,D/A PEJABAT PENDIDIKAN DAERAH BINTULU, KM. 5, JALAN SULTAN ISKANDAR,3.637866667,113.3787,"['PPD BINTULU', 'RENDAH']",could not convert string to float: 'JALAN SULTAN ISKANDAR'
YBA5101,SEKOLAH KEBANGSAAN BUKIT LUBA,D/A PEJABAT PENDIDIKAN DAERAH LIMBANG, TINGKAT 1, WISMA PERSEKUTUAN, JALAN MUHIBBAH,4.664533333,"['114.9434667', 'PPD LIMBANG', 'RENDAH']",could not convert string to float: 'WISMA PERSEKUTUAN'
YBA5102,SEKOLAH KEBANGSAAN KUBONG,D/A PEJABAT PENDIDIKAN DAERAH LIMBANG, TINGKAT 1, WISMA PERSEKUTUAN, JALAN MUHIBBAH,4.63225,"['115.0375833', 'PPD LIMBANG', 'RENDAH']",could not convert string to float: 'WISMA PERSEKUTUAN'
YBA5103,SEKOLAH KEBANGSAAN BATU EMPAT,D/A PEJABAT PENDIDIKAN DAERAH LIMBANG, TINGKAT 1, WISMA PERSEKUTUAN, JALAN MUHIBBAH,4.724,"['115.0146833', 'PPD LIMBANG', 'RENDAH']",could not convert string to float: 'WISMA PERSEKUTUAN'
YBA5104,SEKOLAH KEBANGSAAN KAMPUNG PAHLAWAN,D/A PEJABAT PENDIDIKAN DAERAH LIMBANG, TINGKAT 1, WISMA PERSEKUTUAN, JALAN MUHIBBAH,4.68765,"['115.02525', 'PPD LIMBANG', 'RENDAH']",could not convert string to float: 'WISMA PERSEKUTUAN'
YBA5105,SEKOLAH KEBANGSAAN LIMPAKU PINANG,D/A PEJABAT PENDIDIKAN DAERAH LIMBANG, TINGKAT 1, WISMA PERSEKUTUAN, JALAN MUHIBBAH,4.88,"['115.02', 'PPD LIMBANG', 'RENDAH']",could not convert string to float: 'WISMA PERSEKUTUAN'
YBA5107,SEKOLAH KEBANGSAAN TEDUNGAN (BAMBANGAN),D/A PEJABAT PENDIDIKAN DAERAH LIMBANG, TINGKAT 1, WISMA PERSEKUTUAN, JALAN MUHIBBAH,4.732416667,"['114.8025667', 'PPD LIMBANG', 'RENDAH']",could not convert string to float: 'WISMA PERSEKUTUAN'
YBA5108,SEKOLAH KEBANGSAAN MELAYU PUSAT,D/A PEJABAT PENDIDIKAN DAERAH LIMBANG, TINGKAT 1, WISMA PERSEKUTUAN, JALAN MUHIBBAH,4.75655,"['115.0082333', 'PPD LIMBANG', 'RENDAH']",could not convert string to float: 'WISMA PERSEKUTUAN'
YBA5109,SEKOLAH KEBANGSAAN GADONG,D/A PEJABAT PENDIDIKAN DAERAH LIMBANG, TINGKAT 1, WISMA PERSEKUTUAN, JALAN MUHIBBAH,4.77017,"['114.93524', 'PPD LIMBANG', 'RENDAH']",could not convert string to float: 'WISMA PERSEKUTUAN'
YBA5110,SEKOLAH KEBANGSAAN BATU DANAU,D/A PEJABAT PENDIDIKAN DAERAH LIMBANG, TINGKAT 1, WISMA PERSEKUTUAN, JALAN MUHIBBAH,4.652416667,"['114.82755', 'PPD LIMBANG', 'RENDAH']",could not convert string to float: 'WISMA PERSEKUTUAN'
YBA5111,SEKOLAH KEBANGSAAN LIMPAKI,D/A PEJABAT PENDIDIKAN DAERAH LIMBANG, TINGKAT 1, WISMA PERSEKUTUAN, JALAN MUHIBBAH,4.785933333,"['115.0184833', 'PPD LIMBANG', 'RENDAH']",could not convert string to float: 'WISMA PERSEKUTUAN'
YBA5112,SEKOLAH KEBANGSAAN TELAHAK,D/A PEJABAT PENDIDIKAN DAERAH LIMBANG, TINGKAT 1, WISMA PERSEKUTUAN, JALAN MUHIBBAH,4.7759345,"['114.8744228', 'PPD LIMBANG', 'RENDAH']",could not convert string to float: 'WISMA PERSEKUTUAN'
YBA5113,SEKOLAH KEBANGSAAN SUNGAI POYAN,D/A PEJABAT PENDIDIKAN DAERAH LIMBANG, TINGKAT 1, WISMA PERSEKUTUAN, JALAN MUHIBBAH,4.72365,"['114.9912333', 'PPD LIMBANG', 'RENDAH']",could not convert string to float: 'WISMA PERSEKUTUAN'
YBA5114,SEKOLAH KEBANGSAAN KUALA AWANG,D/A PEJABAT PENDIDIKAN DAERAH LIMBANG, TINGKAT 1, WISMA PERSEKUTUAN, JALAN MUHIBBAH,4.706962,"['114.827173', 'PPD LIMBANG', 'RENDAH']",could not convert string to float: 'WISMA PERSEKUTUAN'
YBA5116,SEKOLAH KEBANGSAAN PENGKALAN JAWA,D/A PEJABAT PENDIDIKAN DAERAH LIMBANG, TINGKAT 1, WISMA PERSEKUTUAN, JALAN MUHIBBAH,4.633922,"['114.847338', 'PPD LIMBANG', 'RENDAH']",could not convert string to float: 'WISMA PERSEKUTUAN'
YBA5117,SEKOLAH KEBANGSAAN MERAMBUT,D/A PEJABAT PENDIDIKAN DAERAH LIMBANG, TINGKAT 1, WISMA PERSEKUTUAN, JALAN MUHIBBAH,4.7142225,"['114.9331659', 'PPD LIMBANG', 'RENDAH']",could not convert string to float: 'WISMA PERSEKUTUAN'
YBA5118,SEKOLAH KEBANGSAAN TIGA KAMPUNG,D/A PEJABAT PENDIDIKAN DAERAH LIMBANG, TINGKAT 1, WISMA PERSEKUTUAN, JALAN MUHIBBAH,4.7786111,"['114.9061111', 'PPD LIMBANG', 'RENDAH']",could not convert string to float: 'WISMA PERSEKUTUAN'
YBA5120,SEKOLAH KEBANGSAAN TANJONG,D/A PEJABAT PENDIDIKAN DAERAH LIMBANG, TINGKAT 1, WISMA PERSEKUTUAN, JALAN MUHIBBAH,4.653037,"['114.82732', 'PPD LIMBANG', 'RENDAH']",could not convert string to float: 'WISMA PERSEKUTUAN'
YBA5121,SEKOLAH KEBANGSAAN LUBOK TEKUROK,D/A PEJABAT PENDIDIKAN DAERAH LIMBANG, TINGKAT 1, WISMA PERSEKUTUAN, JALAN MUHIBBAH,4.32023,"['114.837941', 'PPD LIMBANG', 'RENDAH']",could not convert string to float: 'WISMA PERSEKUTUAN'
YBA5122,SEKOLAH KEBANGSAAN MERITAM,D/A PEJABAT PENDIDIKAN DAERAH LIMBANG, TINGKAT 1, WISMA PERSEKUTUAN, JALAN MUHIBBAH,4.738462,"['114.862715', 'PPD LIMBANG', 'RENDAH']",could not convert string to float: 'WISMA PERSEKUTUAN'
YBA5123,SEKOLAH KEBANGSAAN BANDAR LIMBANG,D/A PEJABAT PENDIDIKAN DAERAH LIMBANG, TINGKAT 1, WISMA PERSEKUTUAN, JALAN MUHIBBAH,4.768066667,"['115.0182', 'PPD LIMBANG', 'RENDAH']",could not convert string to float: 'WISMA PERSEKUTUAN'
YBA5125,SEKOLAH KEBANGSAAN LIMBANG,D/A PEJABAT PENDIDIKAN DAERAH LIMBANG, TINGKAT 1, WISMA PERSEKUTUAN, JALAN MUHIBBAH,4.750467,"['115.020017', 'PPD LIMBANG', 'RENDAH']",could not convert string to float: 'WISMA PERSEKUTUAN'
YBA5201,SEKOLAH KEBANGSAAN KUALA LAWAS,D/A PEJABAT PENDIDIKAN DAERAH LAWAS, TINGKAT BAWAH, WISMA PERSEKUTUAN,4.953483333,115.42295,"['PPD LAWAS', 'RENDAH']",could not convert string to float: 'WISMA PERSEKUTUAN'
YBA5202,SEKOLAH KEBANGSAAN MERAPOK,D/A PEJABAT PENDIDIKAN DAERAH LAWAS, TINGKAT BAWAH, WISMA PERSEKUTUAN,4.956416667,115.5040167,"['PPD LAWAS', 'RENDAH']",could not convert string to float: 'WISMA PERSEKUTUAN'
YBA5203,SEKOLAH KEBANGSAAN PUNANG,D/A PEJABAT PENDIDIKAN DAERAH LAWAS, TINGKAT BAWAH, WISMA PERSEKUTUAN,4.892133333,115.3499833,"['PPD LAWAS', 'RENDAH']",could not convert string to float: 'WISMA PERSEKUTUAN'
YBA5204,SEKOLAH KEBANGSAAN AWAT-AWAT,D/A PEJABAT PENDIDIKAN DAERAH LAWAS, TINGKAT BAWAH, WISMA PERSEKUTUAN,4.9421068,115.2368724,"['PPD LAWAS', 'RENDAH']",could not convert string to float: 'WISMA PERSEKUTUAN'
YBA5205,SEKOLAH KEBANGSAAN SUNDAR,D/A PEJABAT PENDIDIKAN DAERAH LAWAS, TINGKAT BAWAH, WISMA PERSEKUTUAN,4.890303,115.207103,"['PPD LAWAS', 'RENDAH']",could not convert string to float: 'WISMA PERSEKUTUAN'
YBA5206,SEKOLAH KEBANGSAAN TRUSAN,D/A PEJABAT PENDIDIKAN DAERAH LAWAS, TINGKAT BAWAH, WISMA PERSEKUTUAN,4.798833333,115.2703667,"['PPD LAWAS', 'RENDAH']",could not convert string to float: 'WISMA PERSEKUTUAN'
YBA5207,SEKOLAH KEBANGSAAN ULU MERAPOK,D/A PEJABAT PENDIDIKAN DAERAH LAWAS, TINGKAT BAWAH, WISMA PERSEKUTUAN,4.964416667,115.5540667,"['PPD LAWAS', 'RENDAH']",could not convert string to float: 'WISMA PERSEKUTUAN'
YBA5208,SEKOLAH KEBANGSAAN BATU LIMA,D/A PEJABAT PENDIDIKAN DAERAH LAWAS, TINGKAT BAWAH, WISMA PERSEKUTUAN,4.8462,115.35965,"['PPD LAWAS', 'RENDAH']",could not convert string to float: 'WISMA PERSEKUTUAN'
YBA5209,SEKOLAH KEBANGSAAN KG SEBERANG,D/A PEJABAT PENDIDIKAN DAERAH LAWAS, TINGKAT BAWAH, WISMA PERSEKUTUAN,4.950566667,115.4360167,"['PPD LAWAS', 'RENDAH']",could not convert string to float: 'WISMA PERSEKUTUAN'
YBA5210,SEKOLAH KEBANGSAAN KERANGAN,D/A PEJABAT PENDIDIKAN DAERAH LAWAS, TINGKAT BAWAH, WISMA PERSEKUTUAN,4.82105,115.4432333,"['PPD LAWAS', 'RENDAH']",could not convert string to float: 'WISMA PERSEKUTUAN'
YBA5211,SEKOLAH KEBANGSAAN LUAGAN,D/A PEJABAT PENDIDIKAN DAERAH LAWAS, TINGKAT BAWAH, WISMA PERSEKUTUAN,4.872167,115.225265,"['PPD LAWAS', 'RENDAH']",could not convert string to float: 'WISMA PERSEKUTUAN'
YBA5212,SEKOLAH KEBANGSAAN ARU BARU,D/A PEJABAT PENDIDIKAN DAERAH LAWAS, TINGKAT BAWAH, WISMA PERSEKUTUAN,4.881487,115.213585,"['PPD LAWAS', 'RENDAH']",could not convert string to float: 'WISMA PERSEKUTUAN'
YBA5213,SEKOLAH KEBANGSAAN PURU SIA,D/A PEJABAT PENDIDIKAN DAERAH LAWAS, TINGKAT BAWAH, WISMA PERSEKUTUAN,3.973904,115.614581,"['PPD LAWAS', 'RENDAH']",could not convert string to float: 'WISMA PERSEKUTUAN'
YBA6102,SEKOLAH KEBANGSAAN SG SENTEBU,D/A PEJABAT PENDIDIKAN DAERAH SARIKEI, TINGKAT 1, WISMA PERSEKUTUAN, JALAN BANGUNAN KERAJAAN,2.11615,"['111.4944', 'PPD SARIKEI', 'RENDAH']",could not convert string to float: 'WISMA PERSEKUTUAN'
YBA6107,SEKOLAH KEBANGSAAN MANDOR ARIS,D/A PEJABAT PENDIDIKAN DAERAH SARIKEI, TINGKAT 1, WISMA PERSEKUTUAN, JALAN BANGUNAN KERAJAAN,2.01955,"['111.3167', 'PPD SARIKEI', 'RENDAH']",could not convert string to float: 'WISMA PERSEKUTUAN'
YBA6109,SEKOLAH KEBANGSAAN BUKIT KINYAU,D/A PEJABAT PENDIDIKAN DAERAH SARIKEI, TINGKAT 1, WISMA PERSEKUTUAN, JALAN BANGUNAN KERAJAAN,2.13,"['111.37', 'PPD SARIKEI', 'RENDAH']",could not convert string to float: 'WISMA PERSEKUTUAN'
YBA6111,SEKOLAH KEBANGSAAN SARIKEI,D/A PEJABAT PENDIDIKAN DAERAH SARIKEI, TINGKAT 1, WISMA PERSEKUTUAN, JALAN BANGUNAN KERAJAAN,2.1324,"['111.4996167', 'PPD SARIKEI', 'RENDAH']",could not convert string to float: 'WISMA PERSEKUTUAN'
YBA6302,SEKOLAH KEBANGSAAN MUPONG ULIN,D/A PEJABAT PENDIDIKAN DAERAH MERADONG, JALAN BERJAYA,2.15,111.62,PPD MARADONG,['RENDAH'],could not convert string to float: 'JALAN BERJAYA'
YBA6303,SEKOLAH KEBANGSAAN SG SIAN,D/A PEJABAT PENDIDIKAN DAERAH MERADONG, JALAN BERJAYA,2.20622,111.63485,PPD MARADONG,['RENDAH'],could not convert string to float: 'JALAN BERJAYA'
YBA7101,SEKOLAH KEBANGSAAN NG PERARAN,D/A PEJABAT PENDIDIKAN DAERAH KAPIT, TINGKAT 1 & 2, WISMA PERSEKUTUAN, JALAN PENGHULU NYANGGAU,2.19578,"['113.12163', 'PPD KAPIT', 'RENDAH']",could not convert string to float: 'WISMA PERSEKUTUAN'
YBA7102,SEKOLAH KEBANGSAAN BEBANGAN,D/A PEJABAT PENDIDIKAN DAERAH KAPIT, TINGKAT 1 & 2, WISMA PERSEKUTUAN, JALAN PENGHULU NYANGGAU,2.171769,"['113.437443', 'PPD KAPIT', 'RENDAH']",could not convert string to float: 'WISMA PERSEKUTUAN'
YBA7104,SEKOLAH KEBANGSAAN OYAN TENGAH,D/A PEJABAT PENDIDIKAN DAERAH KAPIT, TINGKAT 1 & 2, WISMA PERSEKUTUAN, JALAN PENGHULU NYANGGAU,2.0941667,"['113.2505556', 'PPD KAPIT', 'RENDAH']",could not convert string to float: 'WISMA PERSEKUTUAN'
YBA7105,SEKOLAH KEBANGSAAN RANTAU PANJAI,D/A PEJABAT PENDIDIKAN DAERAH KAPIT, TINGKAT 1 & 2, WISMA PERSEKUTUAN, JALAN PENGHULU NYANGGAU,1.94,"['113.09', 'PPD KAPIT', 'RENDAH']",could not convert string to float: 'WISMA PERSEKUTUAN'
YBA7107,SEKOLAH KEBANGSAAN LUBOK BAYA,D/A PEJABAT PENDIDIKAN DAERAH KAPIT, TINGKAT 1 & 2, WISMA PERSEKUTUAN, JALAN PENGHULU NYANGGAU,2.085,"['113.2216667', 'PPD KAPIT', 'RENDAH']",could not convert string to float: 'WISMA PERSEKUTUAN'
YBA7108,SEKOLAH KEBANGSAAN SG TUNOH,D/A PEJABAT PENDIDIKAN DAERAH KAPIT, TINGKAT 1 & 2, WISMA PERSEKUTUAN, JALAN PENGHULU NYANGGAU,2.0411111,"['113.6669444', 'PPD KAPIT', 'RENDAH']",could not convert string to float: 'WISMA PERSEKUTUAN'
YBA7109,SEKOLAH KEBANGSAAN NG BAWAI,D/A PEJABAT PENDIDIKAN DAERAH KAPIT, TINGKAT 1 & 2, WISMA PERSEKUTUAN, JALAN PENGHULU NYANGGAU,2.009283333,"['113.0861333', 'PPD KAPIT', 'RENDAH']",could not convert string to float: 'WISMA PERSEKUTUAN'
YBA7110,SEKOLAH KEBANGSAAN KAPIT,D/A PEJABAT PENDIDIKAN DAERAH KAPIT, TINGKAT 1 & 2, WISMA PERSEKUTUAN, JALAN PENGHULU NYANGGAU,2.0123,"['112.9195333', 'PPD KAPIT', 'RENDAH']",could not convert string to float: 'WISMA PERSEKUTUAN'
YBA7206,SEKOLAH KEBANGSAAN METALUN,PROGRAM PENEMPATAN SEMULA MURUM, TEGULANG DAN METALUN,2.677733,114.741442,PPD BELAGA,['RENDAH'],could not convert string to float: 'TEGULANG DAN METALUN'
YBA8101,SEKOLAH KEBANGSAAN MERANEK,D/A PEJABAT PENDIDIKAN DAERAH SAMARAHAN, JALAN DATO MOHD MUSA,1.445536,110.459805,PPD SAMARAHAN,['RENDAH'],could not convert string to float: 'JALAN DATO MOHD MUSA'
YBA8102,SEKOLAH KEBANGSAAN MANG,D/A PEJABAT PENDIDIKAN DAERAH SAMARAHAN, JALAN DATO MOHD MUSA,1.38034,110.53202,PPD SAMARAHAN,['RENDAH'],could not convert string to float: 'JALAN DATO MOHD MUSA'
YBA8103,SEKOLAH KEBANGSAAN SERPAN,D/A PEJABAT PENDIDIKAN DAERAH SAMARAHAN, JALAN DATO MOHD MUSA,1.5639685,110.5964471,PPD SAMARAHAN,['RENDAH'],could not convert string to float: 'JALAN DATO MOHD MUSA'
YBA8104,SEKOLAH KEBANGSAAN MATA PARANG,D/A PEJABAT PENDIDIKAN DAERAH SAMARAHAN, JALAN DATO MOHD MUSA,1.45,110.52,PPD SAMARAHAN,['RENDAH'],could not convert string to float: 'JALAN DATO MOHD MUSA'
YBA8105,SEKOLAH KEBANGSAAN TAMBIRAT,D/A PEJABAT PENDIDIKAN DAERAH SAMARAHAN, JALAN DATO MOHD MUSA,1.544535,110.516383,PPD SAMARAHAN,['RENDAH'],could not convert string to float: 'JALAN DATO MOHD MUSA'
YBA8107,SEKOLAH KEBANGSAAN DATO TRAOH MUARA TUANG,D/A PEJABAT PENDIDIKAN DAERAH SAMARAHAN, JALAN DATO MOHD MUSA,1.4586472,110.4985639,PPD SAMARAHAN,['RENDAH'],could not convert string to float: 'JALAN DATO MOHD MUSA'
YBA8108,SEKOLAH KEBANGSAAN KG BARU,D/A PEJABAT PENDIDIKAN DAERAH SAMARAHAN, JALAN DATO MOHD MUSA,1.49156,110.50508,PPD SAMARAHAN,['RENDAH'],could not convert string to float: 'JALAN DATO MOHD MUSA'
YBA8109,SEKOLAH KEBANGSAAN ENDAP,D/A PEJABAT PENDIDIKAN DAERAH SAMARAHAN, JALAN DATO MOHD. MUSA,1.379788,110.442762,PPD SAMARAHAN,['RENDAH'],could not convert string to float: 'JALAN DATO MOHD. MUSA'
YBA8110,SEKOLAH KEBANGSAAN SAMBIR,D/A PEJABAT PENDIDIKAN DAERAH SAMARAHAN, JALAN DATO MOHD MUSA,1.57,110.55,PPD SAMARAHAN,['RENDAH'],could not convert string to float: 'JALAN DATO MOHD MUSA'
YBA8111,SEKOLAH KEBANGSAAN TANJONG APONG,D/A PEJABAT PENDIDIKAN DAERAH SAMARAHAN, JALAN DATO MOHD MUSA,1.54,110.48,PPD SAMARAHAN,['RENDAH'],could not convert string to float: 'JALAN DATO MOHD MUSA'
YBA8112,SEKOLAH KEBANGSAAN KG MELAYU,D/A PEJABAT PENDIDIKAN KOTA SAMARAHAN, JALAN DATO MOHD MUSA,1.407251,110.526334,PPD SAMARAHAN,['RENDAH'],could not convert string to float: 'JALAN DATO MOHD MUSA'
YBA8113,SEKOLAH KEBANGSAAN SEBANDI MATANG,D/A PEJABAT PENDIDIKAN DAERAH SAMARAHAN, JALAN DATO MOHD MUSA,1.583278,110.549562,PPD SAMARAHAN,['RENDAH'],could not convert string to float: 'JALAN DATO MOHD MUSA'
YBA8114,SEKOLAH KEBANGSAAN TAMBAY,D/A PEJABAT PENDIDIKAN DAERAH SAMARAHAN, JALAN DATO MOHD MUSA,1.57857,110.581169,PPD SAMARAHAN,['RENDAH'],could not convert string to float: 'JALAN DATO MOHD MUSA'
YBA8115,SEKOLAH KEBANGSAAN KG EMPILA,D/A PEJABAT PENDIDIKAN DAERAH SAMARAHAN, JALAN DATO MOHD MUSA,1.428793,110.504115,PPD SAMARAHAN,['RENDAH'],could not convert string to float: 'JALAN DATO MOHD MUSA'
YBA8116,SEKOLAH KEBANGSAAN NIUP,D/A PEJABAT PENDIDIKAN DAERAH SAMARAHAN, JALAN DATO MOHD MUSA,1.404881,110.5127,PPD SAMARAHAN,['RENDAH'],could not convert string to float: 'JALAN DATO MOHD MUSA'
YBA8118,SEKOLAH KEBANGSAAN MOYAN LAUT,D/A PEJABAT PENDIDIKAN DAERAH SAMARAHAN, JALAN DATO MOHD MUSA,1.565443,110.579013,PPD SAMARAHAN,['RENDAH'],could not convert string to float: 'JALAN DATO MOHD MUSA'
YBA8119,SEKOLAH KEBANGSAAN SEBANDI ULU,D/A PEJABAT PENDIDIKAN DAERAH SAMARAHAN, JALAN DATO MOHD MUSA,1.563719,110.560961,PPD SAMARAHAN,['RENDAH'],could not convert string to float: 'JALAN DATO MOHD MUSA'
YBA8120,SEKOLAH KEBANGSAAN DATO MOHD MUSA,D/A PEJABAT PENDIDIKAN DAERAH SAMARAHAN, JALAN DATO MOHD MUSA,1.439158,110.352532,PPD SAMARAHAN,['RENDAH'],could not convert string to float: 'JALAN DATO MOHD MUSA'
YBA8201,SEKOLAH KEBANGSAAN TEPOI,D/A PEJABAT PENDIDIKAN DAERAH SERIAN, BATU 1, JALAN SERIAN/SRI AMAN,1.068358,110.278873,"['PPD SERIAN', 'RENDAH']",could not convert string to float: 'JALAN SERIAN/SRI AMAN'
YBA8202,SEKOLAH KEBANGSAAN MUBOK BERAWAN,D/A PEJABAT PENDIDIKAN DAERAH SERIAN, BATU 1, JALAN SERIAN/SRI AMAN,1.26,110.52,"['PPD SERIAN', 'RENDAH']",could not convert string to float: 'JALAN SERIAN/SRI AMAN'
YBA8302,SEKOLAH KEBANGSAAN JEMUKAN,D/A PEJABAT PENDIDIKAN DAERAH SAMARAHAN, JALAN DATO MOHD MUSA,1.533357,110.685424,PPD SAMARAHAN,['RENDAH'],could not convert string to float: 'JALAN DATO MOHD MUSA'
YBA8304,SEKOLAH KEBANGSAAN IBOI/PELANDUK,D/A PEJABAT PENDIDIKAN DAERAH SAMARAHAN, JALAN DATO MOHD MUSA,1.5215134,110.7377672,PPD SAMARAHAN,['RENDAH'],could not convert string to float: 'JALAN DATO MOHD MUSA'
YBA8308,SEKOLAH KEBANGSAAN HJ BUJANG SEBANGAN,KAMPUNG MENIK, SEBANGAN,1.558333333,110.77325,PPD SIMUNJAN,['RENDAH'],could not convert string to float: 'SEBANGAN'
YBA8311,SEKOLAH KEBANGSAAN HAJI KELALI SEMERA,D/A PEJABAT PENDIDIKAN DAERAH SAMARAHAN, JALAN DATO MOHD MUSA,1.55,110.67,PPD SAMARAHAN,['RENDAH'],could not convert string to float: 'JALAN DATO MOHD MUSA'
YBA9101,SEKOLAH KEBANGSAAN ORANG KAYA MOHAMMAD,D/A PEJABAT PENDIDIKAN DAERAH BINTULU, KM. 5, JALAN SULTAN ISKANDAR,PPD BINTULU,RENDAH,,could not convert string to float: 'JALAN SULTAN ISKANDAR'
YBA9102,SEKOLAH KEBANGSAAN KAMPUNG JEPAK,D/A PEJABAT PENDIDIKAN DAERAH BINTULU, KM. 5, JALAN SULTAN ISKANDAR,3.160233,113.043883,"['PPD BINTULU', 'RENDAH']",could not convert string to float: 'JALAN SULTAN ISKANDAR'
YBA9104,SEKOLAH KEBANGSAAN KG BARU,D/A PEJABAT PENDIDIKAN DAERAH BINTULU, KM. 5, JALAN SULTAN ISKANDAR,3.1955556,113.0583333,"['PPD BINTULU', 'RENDAH']",could not convert string to float: 'JALAN SULTAN ISKANDAR'
YBA9105,SEKOLAH KEBANGSAAN PANDAN,D/A PEJABAT PENDIDIKAN DAERAH SEBAUH, KM 1, JALAN SEBAUH/BINTULU,3.151183333,113.3734333,"['PPD TATAU/SEBAUH', 'RENDAH']",could not convert string to float: 'JALAN SEBAUH/BINTULU'
YBA9106,SEKOLAH KEBANGSAAN SEBAUH,KM 1, JLN SEBAUH-BINTULU,3.11275,113.2730333,PPD TATAU/SEBAUH,['RENDAH'],could not convert string to float: 'JLN SEBAUH-BINTULU'
YBA9107,SEKOLAH KEBANGSAAN BUKIT MAWANG,D/A PEJABAT PENDIDIKAN DAERAH SEBAUH, KM 1, JALAN SEBAUH/BINTULU,2.953916667,113.4722667,"['PPD TATAU/SEBAUH', 'RENDAH']",could not convert string to float: 'JALAN SEBAUH/BINTULU'
YBA9109,SEKOLAH KEBANGSAAN KIDURONG,D/A PEJABAT PENDIDIKAN DAERAH BINTULU, KM. 5, JALAN SULTAN ISKANDAR,3.231283333,113.0765667,"['PPD BINTULU', 'RENDAH']",could not convert string to float: 'JALAN SULTAN ISKANDAR'
YBA9110,SEKOLAH KEBANGSAAN BINTULU,D/A PEJABAT PENDIDIKAN DAERAH BINTULU, KM. 5, JALAN SULTAN ISKANDAR,3.172483333,113.0487833,"['PPD BINTULU', 'RENDAH']",could not convert string to float: 'JALAN SULTAN ISKANDAR'
YBA9112,SEKOLAH KEBANGSAAN DESA LAVANG,D/A PEJABAT PENDIDIKAN DAERAH BINTULU, KM. 5, JALAN SULTAN ISKANDAR,3.377832,113.597459,"['PPD BINTULU', 'RENDAH']",could not convert string to float: 'JALAN SULTAN ISKANDAR'
YBA9113,SEKOLAH KEBANGSAAN ASYAKIRIN,D/A PEJABAT PENDIDIKAN DAERAH BINTULU, KM. 5, JALAN SULTAN ISKANDAR,3.190766667,113.0629,"['PPD BINTULU', 'RENDAH']",could not convert string to float: 'JALAN SULTAN ISKANDAR'
YBA9114,SEKOLAH KEBANGSAAN TANJUNG BATU,D/A PEJABAT PENDIDIKAN DAERAH BINTULU, KM. 5, JALAN SULTAN ISKANDAR,3.2681,113.111,"['PPD BINTULU', 'RENDAH']",could not convert string to float: 'JALAN SULTAN ISKANDAR'
YBA9201,SEKOLAH KEBANGSAAN KUALA TATAU,D/A PEJABAT PENDIDIKAN DAERAH TATAU, JALAN KAMPUNG DAGANG,3.077466667,112.8026333,PPD TATAU/SEBAUH,['RENDAH'],could not convert string to float: 'JALAN KAMPUNG DAGANG'
YBA9202,SEKOLAH KEBANGSAAN NG PENYARAI,D/A PEJABAT PENDIDIKAN DAERAH TATAU, JALAN KAMPUNG DAGANG,2.637766667,113.1536,PPD TATAU/SEBAUH,['RENDAH'],could not convert string to float: 'JALAN KAMPUNG DAGANG'
YBA9203,SEKOLAH KEBANGSAAN ULU KAKUS,D/A PEJABAT PENDIDIKAN DAERAH TATAU, JALAN KAMPUNG DAGANG,2.65185,113.62335,PPD TATAU/SEBAUH,['RENDAH'],could not convert string to float: 'JALAN KAMPUNG DAGANG'
YBA9204,SEKOLAH KEBANGSAAN KELAWIT,D/A PEJABAT PENDIDIKAN DAERAH TATAU, JALAN KAMPUNG DAGANG,2.853833333,112.7923167,PPD TATAU/SEBAUH,['RENDAH'],could not convert string to float: 'JALAN KAMPUNG DAGANG'
YBB1204,SEKOLAH KEBANGSAAN PENDIDIKAN KHAS KOTA SAMARAHAN,D/A PEJABAT PENDIDIKAN DAERAH SAMARAHAN, JALAN DATO MOHD MUSA,1.44788,110.46818,PPD SAMARAHAN,['RENDAH'],could not convert string to float: 'JALAN DATO MOHD MUSA'
YBB1206,SEKOLAH KEBANGSAAN JLN.ONG TIANG SWEE,D/A PEJABAT PENDIDIKAN DAERAH KUCHING, JALAN DIPLOMATIK OFF JALAN BAKO PETRA JAYA,1.52675,110.3447667,PPD KUCHING,['RENDAH'],could not convert string to float: 'JALAN DIPLOMATIK OFF JALAN BAKO PETRA JAYA'
YBB1207,SEKOLAH KEBANGSAAN GREEN ROAD,D/A PEJABAT PENDIDIKAN DAERAH KUCHING, JALAN DIPLOMATIK OFF JALAN BAKO PETRA JAYA ,1.54205,110.3346,PPD KUCHING,['RENDAH'],could not convert string to float: 'JALAN DIPLOMATIK OFF JALAN BAKO PETRA JAYA'
YBB1301,SEKOLAH KEBANGSAAN SG STUTONG,OFF TMN SATRIA JAYA, BDC, STAMPIN,1.510933333,110.3693833,"['PPD KUCHING', 'RENDAH']",could not convert string to float: 'STAMPIN'
YBB1304,SEKOLAH KEBANGSAAN PELAMAN SIGANDAR,KM 58, JALAN PUNCAK BORNEO, PADAWAN,1.244318,110.259733,"['PPD PADAWAN', 'RENDAH']",could not convert string to float: 'PADAWAN'
YBB1305,SEKOLAH KEBANGSAAN BENGOH,D/A PEJABAT PENDIDIKAN DAERAH PADAWAN, LORONG 17, OFF JALAN KAPOR, SUNGAI MAONG HILIR,1.241487,"['110.26278', 'PPD PADAWAN', 'RENDAH']",could not convert string to float: 'OFF JALAN KAPOR'
YBB1306,SEKOLAH KEBANGSAAN PURUH KARU,D/A PEJABAT PENDIDIKAN DAERAH PADAWAN, LORONG 17, OFF JALAN KAPOR, SUNGAI MAONG HILIR ,1.284756,"['110.28052', 'PPD PADAWAN', 'RENDAH']",could not convert string to float: 'OFF JALAN KAPOR'
YBB1310,SEKOLAH KEBANGSAAN SIBURAN BATU,D/A PEJABAT PENDIDIKAN DAERAH PADAWAN, LORONG 17, OFF JALAN KAPOR, SUNGAI MAONG HILIR,1.359656,"['110.320169', 'PPD PADAWAN', 'RENDAH']",could not convert string to float: 'OFF JALAN KAPOR'
YBB1314,SEKOLAH KEBANGSAAN PELAMAN SIDUNUK,D/A PEJABAT PENDIDIKAN DAERAH PADAWAN, LORONG 17, OFF JALAN KAPOR, SUNGAI MAONG HILIR,1.214328,"['110.522633', 'PPD PADAWAN', 'RENDAH']",could not convert string to float: 'OFF JALAN KAPOR'
YBB1315,SEKOLAH KEBANGSAAN SIBU LAUT,D/A PEJABAT PENDIDIKAN DAERAH PADAWAN, LORONG 17, OFF JALAN KAPOR, SUNGAI MAONG HILIR,1.698983,"['110.219083', 'PPD PADAWAN', 'RENDAH']",could not convert string to float: 'OFF JALAN KAPOR'
YBB1316,SEKOLAH KEBANGSAAN SITANG PETAG,D/A PEJABAT PENDIDIKAN DAERAH PADAWAN, LORONG 17, OFF JALAN KAPOR, SUNGAI MAONG HILIR,1.32,"['110.34', 'PPD PADAWAN', 'RENDAH']",could not convert string to float: 'OFF JALAN KAPOR'
YBB1317,SEKOLAH KEBANGSAAN PATUNG,D/A PEJABAT PENDIDIKAN DAERAH PADAWAN, LORONG 17, OFF JALAN KAPOR, SUNGAI MAONG HILIR,1.33,"['110.39', 'PPD PADAWAN', 'RENDAH']",could not convert string to float: 'OFF JALAN KAPOR'
YBB1318,SEKOLAH KEBANGSAAN KAMBUG,D/A PEJABAT PENDIDIKAN DAERAH PADAWAN, LORONG 17, OFF JALAN KAPOR, SUNGAI MAONG HILIR,1.1833333,"['110.2316667', 'PPD PADAWAN', 'RENDAH']",could not convert string to float: 'OFF JALAN KAPOR'
YBB1319,SEKOLAH KEBANGSAAN PANGKALAN AMPAT,D/A PEJABAT PENDIDIKAN DAERAH PADAWAN, LORONG 17, OFF JALAN KAPOR, SUNGAI MAONG HILIR,1.19,"['110.25', 'PPD PADAWAN', 'RENDAH']",could not convert string to float: 'OFF JALAN KAPOR'
YBB1320,SEKOLAH KEBANGSAAN TABA SAIT,OFF JLN. BORNEO HEIGHTS, ULU SUNGAI BENGOH,1.2394444,110.2202778,PPD PADAWAN,['RENDAH'],could not convert string to float: 'ULU SUNGAI BENGOH'
YBB1403,SEKOLAH KEBANGSAAN SEBIRIS,KAMPUNG SEBIRIS, JALAN LUNDU - SEMATAN,1.6974,109.7838,PPD LUNDU,['RENDAH'],could not convert string to float: 'JALAN LUNDU - SEMATAN'
YBB1417,SEKOLAH KEBANGSAAN SEBANDI,Kampung Sebandi , Jalan Bau Lundu,1.6046,109.8523,PPD LUNDU,['RENDAH'],could not convert string to float: 'Jalan Bau Lundu'
YBB2101,SEKOLAH KEBANGSAAN GRAN/STUMBIN,D/A PEJABAT PENDIDIKAN DAERAH SRI AMAN, TINGKAT 2, WISMA PERSEKUTUAN, JALAN ABANG AING,1.299312,"['111.386256', 'PPD SRI AMAN', 'RENDAH']",could not convert string to float: 'WISMA PERSEKUTUAN'
YBB2102,SEKOLAH KEBANGSAAN BATU LINTANG,D/A PEJABAT PENDIDIKAN DAERAH SRI AMAN, TINGKAT 2, WISMA PERSEKUTUAN, JALAN ABANG AING,1.019033333,"['111.5552667', 'PPD SRI AMAN', 'RENDAH']",could not convert string to float: 'WISMA PERSEKUTUAN'
YBB2103,SEKOLAH KEBANGSAAN PANTU,D/A PEJABAT PENDIDIKAN DAERAH SRI AMAN, TINGKAT 2, WISMA PERSEKUTUAN, JALAN ABANG AING,1.135873,"['111.113276', 'PPD SRI AMAN', 'RENDAH']",could not convert string to float: 'WISMA PERSEKUTUAN'
YBB2104,SEKOLAH KEBANGSAAN MELUGU,D/A PEJABAT PENDIDIKAN DAERAH SRI AMAN, TINGKAT 2, WISMA PERSEKUTUAN, JALAN ABANG AING,1.118983333,"['111.4208833', 'PPD SRI AMAN', 'RENDAH']",could not convert string to float: 'WISMA PERSEKUTUAN'
YBB2105,SEKOLAH KEBANGSAAN ABOK,D/A PEJABAT PENDIDIKAN DAERAH SRI AMAN, TINGKAT 2, WISMA PERSEKUTUAN, JALAN ABANG AING,1.075562,"['111.016877', 'PPD SRI AMAN', 'RENDAH']",could not convert string to float: 'WISMA PERSEKUTUAN'
YBB2108,SEKOLAH KEBANGSAAN SELEPONG,D/A PEJABAT PENDIDIKAN DAERAH SRI AMAN, TINGKAT 2, WISMA PERSEKUTUAN, JALAN ABANG AING,1.070504,"['111.359053', 'PPD SRI AMAN', 'RENDAH']",could not convert string to float: 'WISMA PERSEKUTUAN'
YBB2109,SEKOLAH KEBANGSAAN JAONG,D/A PEJABAT PENDIDIKAN DAERAH SRI AMAN, TINGKAT 2, WISMA PERSEKUTUAN, JALAN ABANG AING,1.13603,"['110.992916', 'PPD SRI AMAN', 'RENDAH']",could not convert string to float: 'WISMA PERSEKUTUAN'
YBB2111,SEKOLAH KEBANGSAAN TG BIJAT,D/A PEJABAT PENDIDIKAN DAERAH SRI AMAN, TINGKAT 2, WISMA PERSEKUTUAN, JALAN ABANG AING,1.309405,"['111.392999', 'PPD SRI AMAN', 'RENDAH']",could not convert string to float: 'WISMA PERSEKUTUAN'
YBB2112,SEKOLAH KEBANGSAAN SELANJAN,D/A PEJABAT PENDIDIKAN DAERAH SRI AMAN, TINGKAT 2, WISMA PERSEKUTUAN, JALAN ABANG AING,1.187435,"['111.279092', 'PPD SRI AMAN', 'RENDAH']",could not convert string to float: 'WISMA PERSEKUTUAN'
YBB2113,SEKOLAH KEBANGSAAN KERANGGAS,D/A PEJABAT PENDIDIKAN DAERAH SRI AMAN, TINGKAT 2, WISMA PERSEKUTUAN, JALAN ABANG AING,1.250164,"['111.132331', 'PPD SRI AMAN', 'RENDAH']",could not convert string to float: 'WISMA PERSEKUTUAN'
YBB2116,SEKOLAH KEBANGSAAN ISSU/BANGAT,D/A PEJABAT PENDIDIKAN DAERAH BETONG, JALAN YONG SHAU NEN,1.331909,111.54182,PPD BETONG,['RENDAH'],could not convert string to float: 'JALAN YONG SHAU NEN'
YBB2117,SEKOLAH KEBANGSAAN NG KLASSEN,D/A PEJABAT PENDIDIKAN DAERAH SRI AMAN, TINGKAT 2, WISMA PERSEKUTUAN, JALAN ABANG AING,1.11425,"['111.5487167', 'PPD SRI AMAN', 'RENDAH']",could not convert string to float: 'WISMA PERSEKUTUAN'
YBB2124,SEKOLAH KEBANGSAAN NG SKRANG,D/A PEJABAT PENDIDIKAN DAERAH SRI AMAN, TINGKAT 2, WISMA PERSEKUTUAN, JALAN ABANG AING,1.277151,"['111.624387', 'PPD SRI AMAN', 'RENDAH']",could not convert string to float: 'WISMA PERSEKUTUAN'
YBB2128,SEKOLAH KEBANGSAAN NG. ENTEBAN,D/A PEJABAT PENDIDIKAN DAERAH BETONG, JALAN YONG SHAU NEN,1.358079,111.612167,PPD BETONG,['RENDAH'],could not convert string to float: 'JALAN YONG SHAU NEN'
YBB2131,SEKOLAH KEBANGSAAN PAKU,D/A PEJABAT PENDIDIKAN DAERAH SRI AMAN, TINGKAT 2, WISMA PERSEKUTUAN, JALAN ABANG AING,1.044704,"['111.594729', 'PPD SRI AMAN', 'RENDAH']",could not convert string to float: 'WISMA PERSEKUTUAN'
YBB2136,SEKOLAH KEBANGSAAN TEMUDOK KEM,D/A PEJABAT PENDIDIKAN DAERAH SRI AMAN, TINGKAT 2, WISMA PERSEKUTUAN, JALAN ABANG AING,1.168783333,"['111.471', 'PPD SRI AMAN', 'RENDAH']",could not convert string to float: 'WISMA PERSEKUTUAN'
YBB2139,SEKOLAH KEBANGSAAN SEMBAYANG,D/A PEJABAT PENDIDIKAN DAERAH SRI AMAN, TINGKAT 2, WISMA PERSEKUTUAN, JALAN ABANG AING,1.352652,"['111.170448', 'PPD SRI AMAN', 'RENDAH']",could not convert string to float: 'WISMA PERSEKUTUAN'
YBB2142,SEKOLAH KEBANGSAAN NG. LIDONG,D/A PEJABAT PENDIDIKAN DAERAH BETONG, JALAN YONG SHAU NEN,1.276835,111.531535,PPD BETONG,['RENDAH'],could not convert string to float: 'JALAN YONG SHAU NEN'
YBB2201,SEKOLAH KEBANGSAAN SUNGAI KLAMPAI,D/A PEJABAT PENDIDIKAN DAERAH SARATOK, TINGKAT 1, WISMA PERSEKUTUAN, JALAN SARATOK,1.832645,"['111.338281', 'PPD SARATOK', 'RENDAH']",could not convert string to float: 'WISMA PERSEKUTUAN'
YBB2202,SEKOLAH KEBANGSAAN NG GRENJANG,D/A PEJABAT PENDIDIKAN DAERAH SARATOK, TINGKAT 1, WISMA PERSEKUTUAN, JALAN SARATOK,1.704853,"['111.566688', 'PPD SARATOK', 'RENDAH']",could not convert string to float: 'WISMA PERSEKUTUAN'
YBB2203,SEKOLAH KEBANGSAAN LICHOK,KPG LICHOK, ROBAN ,1.893872,111.363013,PPD SARATOK,['RENDAH'],could not convert string to float: 'ROBAN'
YBB2205,SEKOLAH KEBANGSAAN ENGKABANG,D/A PEJABAT PENDIDIKAN DAERAH SARATOK, TINGKAT 1, WISMA PERSEKUTUAN, JALAN SARATOK,1.778889,"['111.105556', 'PPD SARATOK', 'RENDAH']",could not convert string to float: 'WISMA PERSEKUTUAN'
YBB2206,SEKOLAH KEBANGSAAN SUNGEI ANTU,D/A PEJABAT PENDIDIKAN DAERAH SARATOK, TINGKAT 1, WISMA PERSEKUTUAN, JALAN SARATOK,1.74708,"['111.366261', 'PPD SARATOK', 'RENDAH']",could not convert string to float: 'WISMA PERSEKUTUAN'
YBB2207,SEKOLAH KEBANGSAAN ENGKUDU,D/A PEJABAT PENDIDIKAN DAERAH SARATOK, TINGKAT 1, WISMA PERSEKUTUAN, JALAN SARATOK,1.786475,"['111.304873', 'PPD SARATOK', 'RENDAH']",could not convert string to float: 'WISMA PERSEKUTUAN'
YBB2209,SEKOLAH KEBANGSAAN BABANG,D/A PEJABAT PENDIDIKAN DAERAH SARATOK, TINGKAT 1, WISMA PERSEKUTUAN, JALAN SARATOK,1.73263,"['111.494252', 'PPD SARATOK', 'RENDAH']",could not convert string to float: 'WISMA PERSEKUTUAN'
YBB2211,SEKOLAH KEBANGSAAN NG BUDU,D/A PEJABAT PENDIDIKAN DAERAH SARATOK, TINGKAT 1, WISMA PERSEKUTUAN, JALAN SARATOK,1.765602,"['111.502219', 'PPD SARATOK', 'RENDAH']",could not convert string to float: 'WISMA PERSEKUTUAN'
YBB2212,SEKOLAH KEBANGSAAN KABO HILIR,D/A PEJABAT PENDIDIKAN DAERAH SARATOK, TINGKAT 1, WISMA PERSEKUTUAN, JALAN SARATOK,1.782778,"['111.483889', 'PPD SARATOK', 'RENDAH']",could not convert string to float: 'WISMA PERSEKUTUAN'
YBB2213,SEKOLAH KEBANGSAAN ORANG KAYA TEMENGGONG TANDUK,D/A PEJABAT PENDIDIKAN DAERAH SARATOK, TINGKAT 1, WISMA PERSEKUTUAN, JALAN SARATOK,1.765602,"['111.502219', 'PPD SARATOK', 'RENDAH']",could not convert string to float: 'WISMA PERSEKUTUAN'
YBB2214,SEKOLAH KEBANGSAAN NG ATOI,D/A PEJABAT PENDIDIKAN DAERAH SARATOK, TINGKAT 1, WISMA PERSEKUTUAN, JALAN SARATOK,1.844247,"['111.415121', 'PPD SARATOK', 'RENDAH']",could not convert string to float: 'WISMA PERSEKUTUAN'
YBB2216,SEKOLAH KEBANGSAAN ULU BUDU,D/A PEJABAT PENDIDIKAN DAERAH SARATOK, TINGKAT 1, WISMA PERSEKUTUAN, JALAN SARATOK,1.757022,"['111.549082', 'PPD SARATOK', 'RENDAH']",could not convert string to float: 'WISMA PERSEKUTUAN'
YBB2217,SEKOLAH KEBANGSAAN ULU KABO,1.883644,111.483679,PPD SARATOK,RENDAH,,,could not convert string to float: 'PPD SARATOK'
YBB2218,SEKOLAH KEBANGSAAN MENDAS,D/A PEJABAT PENDIDIKAN DAERAH SARATOK, TINGKAT 1, WISMA PERSEKUTUAN, JALAN SARATOK,1.747414,"['111.338969', 'PPD SARATOK', 'RENDAH']",could not convert string to float: 'WISMA PERSEKUTUAN'
YBB2219,SEKOLAH KEBANGSAAN BERAYANG,D/A PEJABAT PENDIDIKAN DAERAH SARATOK, TINGKAT 1, WISMA PERSEKUTUAN, JALAN SARATOK,1.9117383,"['111.3853598', 'PPD SARATOK', 'RENDAH']",could not convert string to float: 'WISMA PERSEKUTUAN'
YBB2220,SEKOLAH KEBANGSAAN MUDONG,D/A PEJABAT PENDIDIKAN DAERAH SARATOK, TINGKAT 1, WISMA PERSEKUTUAN, JALAN SARATOK,1.96,"['111.42', 'PPD SARATOK', 'RENDAH']",could not convert string to float: 'WISMA PERSEKUTUAN'
YBB2221,SEKOLAH KEBANGSAAN NG ASSAM,D/A PEJABAT PENDIDIKAN DAERAH SARATOK, TINGKAT 1, WISMA PERSEKUTUAN, JALAN SARATOK,1.77673,"['111.382142', 'PPD SARATOK', 'RENDAH']",could not convert string to float: 'WISMA PERSEKUTUAN'
YBB2223,SEKOLAH KEBANGSAAN LEMPA,D/A PEJABAT PENDIDIKAN DAERAH SARATOK, TINGKAT 1, WISMA PERSEKUTUAN, JALAN SARATOK,1.7585882,"['111.4158089', 'PPD SARATOK', 'RENDAH']",could not convert string to float: 'WISMA PERSEKUTUAN'
YBB2224,SEKOLAH KEBANGSAAN SUPOK,D/A PEJABAT PENDIDIKAN DAERAH SARATOK, TINGKAT 1, WISMA PERSEKUTUAN, JALAN SARATOK,1.9012728,"['111.3273382', 'PPD SARATOK', 'RENDAH']",could not convert string to float: 'WISMA PERSEKUTUAN'
YBB2225,SEKOLAH KEBANGSAAN TEMUDOK AWIK,D/A PEJABAT PENDIDIKAN DAERAH SARATOK, TINGKAT 1, WISMA PERSEKUTUAN, JALAN SARATOK,1.7474993,"['111.3708115', 'PPD SARATOK', 'RENDAH']",could not convert string to float: 'WISMA PERSEKUTUAN'
YBB2228,SEKOLAH KEBANGSAAN NG ABU,D/A PEJABAT PENDIDIKAN DAERAH SARATOK, TINGKAT 1, WISMA PERSEKUTUAN, JALAN SARATOK,1.70665,"['111.385032', 'PPD SARATOK', 'RENDAH']",could not convert string to float: 'WISMA PERSEKUTUAN'
YBB2229,SEKOLAH KEBANGSAAN PRAJA,1.7362,111.3528391,PPD SARATOK,RENDAH,,,could not convert string to float: 'PPD SARATOK'
YBB2230,SEKOLAH KEBANGSAAN NG MALONG,KM1, JALAN SIMPANG MALONG ,1.774117,111.354932,PPD SARATOK,['RENDAH'],could not convert string to float: 'JALAN SIMPANG MALONG'
YBB2231,SEKOLAH KEBANGSAAN LUBOK NIBONG,D/A PEJABAT PENDIDIKAN DAERAH SARATOK, TINGKAT 1, WISMA PERSEKUTUAN, JALAN SARATOK,1.7035556,"['111.1729111', 'PPD SARATOK', 'RENDAH']",could not convert string to float: 'WISMA PERSEKUTUAN'
YBB2232,SEKOLAH KEBANGSAAN WONG BESI,D/A PEJABAT PENDIDIKAN DAERAH SARATOK, TINGKAT 1, WISMA PERSEKUTUAN, JALAN SARATOK,1.832645,"['111.400723', 'PPD SARATOK', 'RENDAH']",could not convert string to float: 'WISMA PERSEKUTUAN'
YBB2234,SEKOLAH KEBANGSAAN ULU AWIK,D/A PEJABAT PENDIDIKAN DAERAH SARATOK, TINGKAT 1, WISMA PERSEKUTUAN, JALAN SARATOK,1.86031,"['111.442738', 'PPD SARATOK', 'RENDAH']",could not convert string to float: 'WISMA PERSEKUTUAN'
YBB2235,SEKOLAH KEBANGSAAN SG NYIAR,D/A PEJABAT PENDIDIKAN DAERAH SARATOK, TINGKAT 1, WISMA PERSEKUTUAN, JALAN SARATOK,1.737204,"['111.350899', 'PPD SARATOK', 'RENDAH']",could not convert string to float: 'WISMA PERSEKUTUAN'
YBB2237,SEKOLAH KEBANGSAAN KLUA,D/A PEJABAT PENDIDIKAN DAERAH SARATOK, TINGKAT 1, WISMA PERSEKUTUAN, JALAN SARATOK,1.7097222,"['111.4005556', 'PPD SARATOK', 'RENDAH']",could not convert string to float: 'WISMA PERSEKUTUAN'
YBB2238,SEKOLAH KEBANGSAAN KALAKA CENTRAL,D/A PEJABAT PENDIDIKAN DAERAH SARATOK, TINGKAT 1, WISMA PERSEKUTUAN, JALAN SARATOK,1.8,"['111.33', 'PPD SARATOK', 'RENDAH']",could not convert string to float: 'WISMA PERSEKUTUAN'
YBB2239,SEKOLAH KEBANGSAAN ULU ROBAN,D/A PEJABAT PENDIDIKAN DAERAH SARATOK, TINGKAT 1, WISMA PERSEKUTUAN, JALAN SARATOK,1.900529,"['111.364882', 'PPD SARATOK', 'RENDAH']",could not convert string to float: 'WISMA PERSEKUTUAN'
YBB2319,SEKOLAH KEBANGSAAN ENGKILILI NO.2,SUNGAI KERUH, ENGKILILI,1.135294,111.640663,PPD LUBOK ANTU,['RENDAH'],could not convert string to float: 'ENGKILILI'
YBB2403,SEKOLAH KEBANGSAAN DIT,D/A PEJABAT PENDIDIKAN DAERAH BETONG, JALAN YONG SHAU NEN ,1.57102,111.376562,PPD BETONG,['RENDAH'],could not convert string to float: 'JALAN YONG SHAU NEN'
YBB2405,SEKOLAH KEBANGSAAN SAKA,D/A PEJABAT PENDIDIKAN DAERAH BETONG, JALAN YONG SHAU NEN,1.376849,111.551262,PPD BETONG,['RENDAH'],could not convert string to float: 'JALAN YONG SHAU NEN'
YBB2406,SEKOLAH KEBANGSAAN PAKU CENTRAL,D/A PEJABAT PENDIDIKAN DAERAH BETONG, JALAN YONG SHAU NEN,1.507115,111.512305,PPD BETONG,['RENDAH'],could not convert string to float: 'JALAN YONG SHAU NEN'
YBB2407,SEKOLAH KEBANGSAAN SURI,D/A PEJABAT PENDIDIKAN DAERAH BETONG, JALAN YONG SHAU NEN,1.525289,111.451879,PPD BETONG,['RENDAH'],could not convert string to float: 'JALAN YONG SHAU NEN'
YBB2408,SEKOLAH KEBANGSAAN PENOM,D/A PEJABAT PENDIDIKAN DAERAH BETONG, JALAN YONG SHAU NEN,1.613891,111.580054,PPD BETONG,['RENDAH'],could not convert string to float: 'JALAN YONG SHAU NEN'
YBB2409,SEKOLAH KEBANGSAAN NG. GAYAU,D/A PEJABAT PENDIDIKAN DAERAH BETONG, JALAN YONG SHAU NEN,1.588287,111.46835,PPD BETONG,['RENDAH'],could not convert string to float: 'JALAN YONG SHAU NEN'
YBB2410,SEKOLAH KEBANGSAAN MUTON,D/A PEJABAT PENDIDIKAN DAERAH BETONG, JALAN YONG SHAU NEN,1.64,111.32,PPD BETONG,['RENDAH'],could not convert string to float: 'JALAN YONG SHAU NEN'
YBB2412,SEKOLAH KEBANGSAAN NG. LAWIH/LESU,D/A PEJABAT PENDIDIKAN DAERAH BETONG, JALAN YONG SHAU NEN,1.517288,111.666498,PPD BETONG,['RENDAH'],could not convert string to float: 'JALAN YONG SHAU NEN'
YBB3201,SEKOLAH KEBANGSAAN SG AUP,D/A PEJABAT PENDIDIKAN DAERAH SIBU, TINGKAT 6, WISMA PERSEKUTUAN, BLOK 3, LOT 462,"[' BROOKE DRIVE', '2.350783333', '111.8265333', 'PPD SIBU', 'RENDAH']",could not convert string to float: 'WISMA PERSEKUTUAN'
YBB3202,SEKOLAH KEBANGSAAN SG PASSAI,D/A PEJABAT PENDIDIKAN DAERAH SIBU, TINGKAT 6, WISMA PERSEKUTUAN, BLOK 3, LOT 462,"[' BROOKE DRIVE', '2.38565', '111.95645', 'PPD SIBU', 'RENDAH']",could not convert string to float: 'WISMA PERSEKUTUAN'
YBB3203,SEKOLAH KEBANGSAAN SG DURIN,D/A PEJABAT PENDIDIKAN DAERAH SIBU, TINGKAT 6, WISMA PERSEKUTUAN, BLOK 3, LOT 462,"[' BROOKE DRIVE', '2.124381', '111.972828', 'PPD SIBU', 'RENDAH']",could not convert string to float: 'WISMA PERSEKUTUAN'
YBB3204,SEKOLAH KEBANGSAAN SG NAMAN,D/A PEJABAT PENDIDIKAN DAERAH SIBU, TINGKAT 6, WISMA PERSEKUTUAN, BLOK 3, LOT 462,"[' BROOKE DRIVE', '2.099444', '111.900833', 'PPD SIBU', 'RENDAH']",could not convert string to float: 'WISMA PERSEKUTUAN'
YBB3205,SEKOLAH KEBANGSAAN BATU WONG,D/A PEJABAT PENDIDIKAN DAERAH SIBU, TINGKAT 6, WISMA PERSEKUTUAN, BLOK 3, LOT 462,"[' BROOKE DRIVE', '2.097834', '111.8015957', 'PPD SIBU', 'RENDAH']",could not convert string to float: 'WISMA PERSEKUTUAN'
YBB3206,SEKOLAH KEBANGSAAN SG SALIM,D/A PEJABAT PENDIDIKAN DAERAH SIBU, TINGKAT 6, WISMA PERSEKUTUAN, BLOK 3, LOT 462,"[' BROOKE DRIVE', '2.236775', '111.891554', 'PPD SIBU', 'RENDAH']",could not convert string to float: 'WISMA PERSEKUTUAN'
YBB3207,SEKOLAH KEBANGSAAN TANJUNG PENASU,D/A PEJABAT PENDIDIKAN DAERAH SIBU, TINGKAT 6, WISMA PERSEKUTUAN, BLOK 3, LOT 462,"[' BROOKE DRIVE', '2.376633333', '111.78505', 'PPD SIBU', 'RENDAH']",could not convert string to float: 'WISMA PERSEKUTUAN'
YBB3208,SEKOLAH KEBANGSAAN BAWANG ASSAN,D/A PEJABAT PENDIDIKAN DAERAH SIBU, TINGKAT 6, WISMA PERSEKUTUAN, BLOK 3, LOT 462,"[' BROOKE DRIVE', '2.30107', '111.685139', 'PPD SIBU', 'RENDAH']",could not convert string to float: 'WISMA PERSEKUTUAN'
YBB3209,SEKOLAH KEBANGSAAN ULU SUNGAI SALIM,ULU SUNGAI SALIM, JALAN DURIN,2.2,111.96,PPD SIBU,['RENDAH'],could not convert string to float: 'JALAN DURIN'
YBB3210,SEKOLAH KEBANGSAAN SG SIONG,D/A PEJABAT PENDIDIKAN DAERAH SIBU, TINGKAT 6, WISMA PERSEKUTUAN, BLOK 3, LOT 462,"[' BROOKE DRIVE', '2.426652', '111.951456', 'PPD SIBU', 'RENDAH']",could not convert string to float: 'WISMA PERSEKUTUAN'
YBB3211,SEKOLAH KEBANGSAAN SG LENGAN,D/A PEJABAT PENDIDIKAN DAERAH SIBU, TINGKAT 6, WISMA PERSEKUTUAN, BLOK 3, LOT 462,"[' BROOKE DRIVE', '2.34', '111.64', 'PPD SIBU', 'RENDAH']",could not convert string to float: 'WISMA PERSEKUTUAN'
YBB3213,SEKOLAH KEBANGSAAN TANJUNG BEKAKAP,D/A PEJABAT PENDIDIKAN DAERAH SIBU, TINGKAT 6, WISMA PERSEKUTUAN, BLOK 3, LOT 462,"[' BROOKE DRIVE', '2.3312047', '111.6680861', 'PPD SIBU', 'RENDAH']",could not convert string to float: 'WISMA PERSEKUTUAN'
YBB3215,SEKOLAH KEBANGSAAN ULU SG SENGAN,D/A PEJABAT PENDIDIKAN DAERAH SIBU, TINGKAT 6, WISMA PERSEKUTUAN, BLOK 3, LOT 462,"[' BROOKE DRIVE', '2.1988806', '112.037975', 'PPD SIBU', 'RENDAH']",could not convert string to float: 'WISMA PERSEKUTUAN'
YBB3216,SEKOLAH KEBANGSAAN NANGA TUTUS,D/A PEJABAT PENDIDIKAN DAERAH SIBU, TINGKAT 6, WISMA PERSEKUTUAN, BLOK 3, LOT 462,"[' BROOKE DRIVE', '2.512269', '111.852269', 'PPD SIBU', 'RENDAH']",could not convert string to float: 'WISMA PERSEKUTUAN'
YBB3217,SEKOLAH KEBANGSAAN NANGA ASSAN,D/A PEJABAT PENDIDIKAN DAERAH SIBU, TINGKAT 6, WISMA PERSEKUTUAN, BLOK 3, LOT 462,"[' BROOKE DRIVE', '2.2344163', '111.8324304', 'PPD SIBU', 'RENDAH']",could not convert string to float: 'WISMA PERSEKUTUAN'
YBB3218,SEKOLAH KEBANGSAAN ULU SUNGAI SIONG,D/A PEJABAT PENDIDIKAN DAERAH SIBU, TINGKAT 6, WISMA PERSEKUTUAN, BLOK 3, LOT 462,"[' BROOKE DRIVE', '2.366966', '112.103848', 'PPD SIBU', 'RENDAH']",could not convert string to float: 'WISMA PERSEKUTUAN'
YBB3219,SEKOLAH KEBANGSAAN NANGA BON,D/A PEJABAT PENDIDIKAN DAERAH SIBU, TINGKAT 6, WISMA PERSEKUTUAN, BLOK 3, LOT 462,"[' BROOKE DRIVE', '2.33', '111.96', 'PPD SIBU', 'RENDAH']",could not convert string to float: 'WISMA PERSEKUTUAN'
YBB3221,SEKOLAH KEBANGSAAN NANGA PAK,D/A PEJABAT PENDIDIKAN DAERAH SIBU, TINGKAT 6, WISMA PERSEKUTUAN, BLOK 3, LOT 462,"[' BROOKE DRIVE', '2.1387333', '112.0626167', 'PPD SIBU', 'RENDAH']",could not convert string to float: 'WISMA PERSEKUTUAN'
YBB3223,SEKOLAH KEBANGSAAN SG. SIONG TENGAH,D/A PEJABAT PENDIDIKAN DAERAH SIBU, TINGKAT 6, WISMA PERSEKUTUAN, BLOK 3, LOT 462,"[' BROOKE DRIVE', '2.44148', '111.990591', 'PPD SIBU', 'RENDAH']",could not convert string to float: 'WISMA PERSEKUTUAN'
YBB3225,SEKOLAH KEBANGSAAN ASSAN NUNGGANG,D/A PEJABAT PENDIDIKAN DAERAH SIBU, TINGKAT 6, WISMA PERSEKUTUAN, BLOK 3, LOT 462,"[' BROOKE DRIVE', '2.0905', '111.817474', 'PPD SIBU', 'RENDAH']",could not convert string to float: 'WISMA PERSEKUTUAN'
YBB3226,SEKOLAH KEBANGSAAN RANTAU PANJANG,D/A PEJABAT PENDIDIKAN DAERAH SIBU, TINGKAT 6, WISMA PERSEKUTUAN, BLOK 3, LOT 462,"[' BROOKE DRIVE', '2.418233333', '111.8291', 'PPD SIBU', 'RENDAH']",could not convert string to float: 'WISMA PERSEKUTUAN'
YBB3227,SEKOLAH KEBANGSAAN KPG BANYOK,D/A PEJABAT PENDIDIKAN DAERAH SIBU, TINGKAT 6, WISMA PERSEKUTUAN, BLOK 3, LOT 462,"[' BROOKE DRIVE', '2.264311', '111.813226', 'PPD SIBU', 'RENDAH']",could not convert string to float: 'WISMA PERSEKUTUAN'
YBB3228,SEKOLAH KEBANGSAAN NG SALIM,D/A PEJABAT PENDIDIKAN DAERAH SIBU, TINGKAT 6, WISMA PERSEKUTUAN, BLOK 3, LOT 462,"[' BROOKE DRIVE', '2.236775', '111.891554', 'PPD SIBU', 'RENDAH']",could not convert string to float: 'WISMA PERSEKUTUAN'
YBB3230,SEKOLAH KEBANGSAAN SG NIBONG,D/A PEJABAT PENDIDIKAN DAERAH SIBU, TINGKAT 6, WISMA PERSEKUTUAN, BLOK 3, LOT 462,"[' BROOKE DRIVE', '2.173913', '112.019863', 'PPD SIBU', 'RENDAH']",could not convert string to float: 'WISMA PERSEKUTUAN'
YBB3231,SEKOLAH KEBANGSAAN LUBOK PELAIE,D/A PEJABAT PENDIDIKAN DAERAH SIBU, TINGKAT 6, WISMA PERSEKUTUAN, BLOK 3, LOT 462,"[' BROOKE DRIVE', '2.4', '112.15', 'PPD SIBU', 'RENDAH']",could not convert string to float: 'WISMA PERSEKUTUAN'
YBB3233,SEKOLAH KEBANGSAAN SG SEBINTEK,D/A PEJABAT PENDIDIKAN DAERAH SIBU, TINGKAT 6, WISMA PERSEKUTUAN, BLOK 3, LOT 462,"[' BROOKE DRIVE', '2.334', '112.085', 'PPD SIBU', 'RENDAH']",could not convert string to float: 'WISMA PERSEKUTUAN'
YBB3235,SEKOLAH KEBANGSAAN TANJUNG LATAP,D/A PEJABAT PENDIDIKAN DAERAH SIBU, TINGKAT 6, WISMA PERSEKUTUAN, BLOK 3, LOT 462,"[' BROOKE DRIVE', '2.2267', '111.8788306', 'PPD SIBU', 'RENDAH']",could not convert string to float: 'WISMA PERSEKUTUAN'
YBB3239,SEKOLAH KEBANGSAAN ULU DURIN KIBA,D/A PEJABAT PENDIDIKAN DAERAH SIBU, TINGKAT 6, WISMA PERSEKUTUAN, BLOK 3, LOT 462,"[' BROOKE DRIVE', '2.286882', '111.833879', 'PPD SIBU', 'RENDAH']",could not convert string to float: 'WISMA PERSEKUTUAN'
YBB3240,SEKOLAH KEBANGSAAN ULU SG MERAH,D/A PEJABAT PELAJARAN DAERAH SIBU, TINGKAT 6, WISMA PERSEKUTUAN,2.297016667,111.9219,"['PPD SIBU', 'RENDAH']",could not convert string to float: 'WISMA PERSEKUTUAN'
YBB3318,SEKOLAH KEBANGSAAN ULU MACHAN,2.03,112.02,PPD KANOWIT,RENDAH,,,could not convert string to float: 'PPD KANOWIT'
YBB3324,SEKOLAH KEBANGSAAN NANGA NGEMAH,D/A PEJABAT PENDIDIKAN DAERAH KANOWIT, JALAN ACCESS,2.029235,112.396317,PPD KANOWIT,['RENDAH'],could not convert string to float: 'JALAN ACCESS'
YBB3401,SEKOLAH KEBANGSAAN KUALA KENYANA,D/A PEJABAT PENDIDIKAN DAERAH MUKAH, JALAN HAJI MOHAMAD FAUZI,2.791032,112.202881,PPD MUKAH,['RENDAH'],could not convert string to float: 'JALAN HAJI MOHAMAD FAUZI'
YBB3402,SEKOLAH KEBANGSAAN NANGA SIKAT,D/A PEJABAT PENDIDIKAN DAERAH MUKAH, JALAN HAJI MOHAMAD FAUZI,2.687305,112.223468,PPD MUKAH,['RENDAH'],could not convert string to float: 'JALAN HAJI MOHAMAD FAUZI'
YBB3403,SEKOLAH KEBANGSAAN LUBOK BEMBAN,D/A PEJABAT PENDIDIKAN DAERAH MUKAH, JALAN HAJI MOHAMAD FAUZI,2.638353,112.262695,PPD MUKAH,['RENDAH'],could not convert string to float: 'JALAN HAJI MOHAMAD FAUZI'
YBB3404,SEKOLAH KEBANGSAAN SG BADENGAN,D/A PEJABAT PENDIDIKAN DAERAH MUKAH, JALAN HAJI MOHAMAD FAUZI,2.975748,112.346687,PPD MUKAH,['RENDAH'],could not convert string to float: 'JALAN HAJI MOHAMAD FAUZI'
YBB3405,SEKOLAH KEBANGSAAN NANGA KUA,D/A PEJABAT PENDIDIKAN DAERAH SELANGAU, LOT 363, BLOK 15, NEW TOWNSHIP, SELANGAU,"['2.439783333', '112.3182333', 'PPD SELANGAU', 'RENDAH']",could not convert string to float: 'BLOK 15'
YBB3406,SEKOLAH KEBANGSAAN SG ARAU,D/A PEJABAT PENDIDIKAN DAERAH SELANGAU, LOT 363, BLOK 15, NEW TOWNSHIP, SELANGAU,"['2.507472', '112.073507', 'PPD SELANGAU', 'RENDAH']",could not convert string to float: 'BLOK 15'
YBB3408,SEKOLAH KEBANGSAAN SG BAWANG,D/A PEJABAT PENDIDIKAN DAERAH SELANGAU, LOT 363, BLOK 15, NEW TOWNSHIP, SELANGAU,"['2.6975', '112.5904', 'PPD SELANGAU', 'RENDAH']",could not convert string to float: 'BLOK 15'
YBB3410,SEKOLAH KEBANGSAAN SG TAU,D/A PEJABAT PENDIDIKAN DAERAH SELANGAU, LOT 363, BLOK 15, NEW TOWNSHIP, SELANGAU,"['2.721966667', '112.5920833', 'PPD SELANGAU', 'RENDAH']",could not convert string to float: 'BLOK 15'
YBB3411,SEKOLAH KEBANGSAAN KUALA BALINGIAN,D/A PEJABAT PENDIDIKAN DAERAH MUKAH, JALAN HAJI MOHAMAD FAUZI,3.015002,112.586856,PPD MUKAH,['RENDAH'],could not convert string to float: 'JALAN HAJI MOHAMAD FAUZI'
YBB3412,SEKOLAH KEBANGSAAN KUALA PELUGAU,D/A PEJABAT PENDIDIKAN DAERAH SELANGAU, LOT 363, BLOK 15, NEW TOWNSHIP, SELANGAU,"['2.6159', '112.5473167', 'PPD SELANGAU', 'RENDAH']",could not convert string to float: 'BLOK 15'
YBB3414,SEKOLAH KEBANGSAAN PENGKALAN LOBANG,D/A PEJABAT PENDIDIKAN DAERAH MUKAH, JALAN HAJI MOHAMAD FAUZI,2.772056,112.394056,PPD MUKAH,['RENDAH'],could not convert string to float: 'JALAN HAJI MOHAMAD FAUZI'
YBB3415,SEKOLAH KEBANGSAAN SG ANAK,D/A PEJABAT PENDIDIKAN DAERAH SELANGAU, LOT 363, BLOK 15, NEW TOWNSHIP, SELANGAU,"['2.812966667', '112.6619167', 'PPD SELANGAU', 'RENDAH']",could not convert string to float: 'BLOK 15'
YBB3416,SEKOLAH KEBANGSAAN SG SEPIRING/SG TEPUS,D/A PEJABAT PENDIDIKAN DAERAH SELANGAU, LOT 363, BLOK 15, NEW TOWNSHIP, SELANGAU,"['2.558883333', '112.5047333', 'PPD SELANGAU', 'RENDAH']",could not convert string to float: 'BLOK 15'
YBB3502,SEKOLAH KEBANGSAAN NANGA TAJAM,D/A PEJABAT PENDIDIKAN DAERAH SELANGAU, LOT 363, BLOK 15, NEW TOWNSHIP, SELANGAU,"['2.437916667', '112.10285', 'PPD SELANGAU', 'RENDAH']",could not convert string to float: 'BLOK 15'
YBB3505,SEKOLAH KEBANGSAAN SUNGAI PAKOH,D/A PEJABAT PENDIDIKAN DAERAH SELANGAU, LOT 363, BLOK 15, NEW TOWNSHIP, SELANGAU,"['2.288467', '112.20529', 'PPD SELANGAU', 'RENDAH']",could not convert string to float: 'BLOK 15'
YBB3506,SEKOLAH KEBANGSAAN PENGHULU IMBAN,D/A PEJABAT PENDIDIKAN DAERAH SELANGAU, LOT 363, BLOK 15, NEW TOWNSHIP, SELANGAU,"['2.354316667', '112.12755', 'PPD SELANGAU', 'RENDAH']",could not convert string to float: 'BLOK 15'
YBB4101,SEKOLAH KEBANGSAAN KG. BERAYA,D/A PEJABAT PENDIDIKAN DAERAH MIRI, TINGKAT 2, WISMA PERSEKUTUAN, JALAN KIPAS,4.182633333,"['113.8802833', 'PPD MIRI', 'RENDAH']",could not convert string to float: 'WISMA PERSEKUTUAN'
YBB4102,SEKOLAH KEBANGSAAN SOUTH,D/A PEJABAT PENDIDIKAN DAERAH MIRI, TINGKAT 2, WISMA PERSEKUTUAN, JALAN KIPAS,4.379216667,"['113.9788667', 'PPD MIRI', 'RENDAH']",could not convert string to float: 'WISMA PERSEKUTUAN'
YBB4301,SEKOLAH KEBANGSAAN PENGARAH ENTERI,D/A PEJABAT PENDIDIKAN DAERAH BARAM, JALAN KAMPUNG NARUM,3.658354,114.368444,PPD BARAM,['RENDAH'],could not convert string to float: 'JALAN KAMPUNG NARUM'
YBB4302,SEKOLAH KEBANGSAAN BELURU CENTRAL,D/A PEJABAT PENDIDIKAN DAERAH MIRI, TINGKAT 2, WISMA PERSEKUTUAN, JALAN KIPAS,3.9725071,"['114.0950507', 'PPD MIRI', 'RENDAH']",could not convert string to float: 'WISMA PERSEKUTUAN'
YBB4303,SEKOLAH KEBANGSAAN LONG IKANG,D/A PEJABAT PENDIDIKAN DAERAH BARAM, JALAN KAMPUNG NARUM,3.920258,114.434452,PPD BARAM,['RENDAH'],could not convert string to float: 'JALAN KAMPUNG NARUM'
YBB4304,SEKOLAH KEBANGSAAN LUBOK NIBONG,D/A PEJABAT PENDIDIKAN DAERAH BARAM, JALAN KAMPUNG NARUM,4.148115,114.3129,PPD BARAM,['RENDAH'],could not convert string to float: 'JALAN KAMPUNG NARUM'
YBB4305,SEKOLAH KEBANGSAAN POYUT,D/A PEJABAT PENDIDIKAN DAERAH BARAM, JALAN KAMPUNG NARUM,4.122098,114.387957,PPD BARAM,['RENDAH'],could not convert string to float: 'JALAN KAMPUNG NARUM'
YBB4306,SEKOLAH KEBANGSAAN LONG TERU,LONG TERU, TINJAR,3.862229,114.249348,PPD BARAM,['RENDAH'],could not convert string to float: 'TINJAR'
YBB4307,SEKOLAH KEBANGSAAN LONG MOH,D/A PEJABAT PENDIDIKAN DAERAH BARAM, JALAN KAMPUNG NARUM,3.06,115.08,PPD BARAM,['RENDAH'],could not convert string to float: 'JALAN KAMPUNG NARUM'
YBB4308,SEKOLAH KEBANGSAAN LONG ATON,D/A PEJABAT PENDIDIKAN DAERAH BARAM, JALAN KAMPUNG NARUM,4.179292,114.310393,PPD BARAM,['RENDAH'],could not convert string to float: 'JALAN KAMPUNG NARUM'
YBB4309,SEKOLAH KEBANGSAAN LONG PANAI,D/A PEJABAT PENDIDIKAN DAERAH BARAM, JALAN KAMPUNG NARUM,3.948216,114.540989,PPD BARAM,['RENDAH'],could not convert string to float: 'JALAN KAMPUNG NARUM'
YBB4310,SEKOLAH KEBANGSAAN LONG LAPUT,D/A PEJABAT PENDIDIKAN DAERAH BARAM, JALAN KAMPUNG NARUM,3.732109,114.426899,PPD BARAM,['RENDAH'],could not convert string to float: 'JALAN KAMPUNG NARUM'
YBB4311,SEKOLAH KEBANGSAAN LONG LELLANG,D/A PEJABAT PENDIDIKAN DAERAH BARAM, JALAN KAMPUNG NARUM,3.421884,115.15532,PPD BARAM,['RENDAH'],could not convert string to float: 'JALAN KAMPUNG NARUM'
YBB4313,SEKOLAH KEBANGSAAN LONG BEDIAN,D/A PEJABAT PENDIDIKAN DAERAH BARAM, JALAN KAMPUNG NARUM,3.795058,114.734688,PPD BARAM,['RENDAH'],could not convert string to float: 'JALAN KAMPUNG NARUM'
YBB4314,SEKOLAH KEBANGSAAN LONG ANAP,SK Long Anap D/A PPD Baram, Lot 1081 & 1082, Jln Kpg Narum,3.060639,114.8201,"['PPD BARAM', 'RENDAH']",could not convert string to float: 'Jln Kpg Narum'
YBB4315,SEKOLAH KEBANGSAAN LIO MATO,D/A PEJABAT PENDIDIKAN DAERAH BARAM, JALAN KAMPUNG NARUM,3.169159,115.222679,PPD BARAM,['RENDAH'],could not convert string to float: 'JALAN KAMPUNG NARUM'
YBB4319,SEKOLAH KEBANGSAAN LONG ATIP,D/A PEJABAT PENDIDIKAN DAERAH BARAM, JALAN KAMPUNG NARUM,3.827174,114.725161,PPD BARAM,['RENDAH'],could not convert string to float: 'JALAN KAMPUNG NARUM'
YBB4321,SEKOLAH KEBANGSAAN SG. ENTULANG,D/A PEJABAT PENDIDIKAN DAERAH MIRI, TINGKAT 2, WISMA PERSEKUTUAN, JALAN KIPAS,4.1078778,"['113.9733028', 'PPD MIRI', 'RENDAH']",could not convert string to float: 'WISMA PERSEKUTUAN'
YBB4322,SEKOLAH KEBANGSAAN UBONG IMANG,D/A PEJABAT PENDIDIKAN DAERAH BARAM, JALAN KAMPUNG NARUM,3.76,114.4,PPD BARAM,['RENDAH'],could not convert string to float: 'JALAN KAMPUNG NARUM'
YBB4323,SEKOLAH KEBANGSAAN SG. LIAM,D/A PEJABAT PENDIDIKAN DAERAH MIRI, TINGKAT 2, WISMA PERSEKUTUAN, JALAN KIPAS,4.1574188,"['114.0542221', 'PPD MIRI', 'RENDAH']",could not convert string to float: 'WISMA PERSEKUTUAN'
YBB4324,SEKOLAH KEBANGSAAN SUNGAI BAIN,D/A PEJABAT PENDIDIKAN DAERAH BARAM, JALAN KAMPUNG NARUM,3.835737,114.300213,PPD BARAM,['RENDAH'],could not convert string to float: 'JALAN KAMPUNG NARUM'
YBB4325,SEKOLAH KEBANGSAAN SG PEKING,D/A PEJABAT PENDIDIKAN DAERAH BARAM, JALAN KAMPUNG NARUM,3.862229,114.249348,PPD BARAM,['RENDAH'],could not convert string to float: 'JALAN KAMPUNG NARUM'
YBB4327,SEKOLAH KEBANGSAAN LONG LAMEI,D/A PEJABAT PENDIDIKAN DAERAH BARAM, JALAN KAMPUNG NARUM,4.18815,114.330511,PPD BARAM,['RENDAH'],could not convert string to float: 'JALAN KAMPUNG NARUM'
YBB4328,SEKOLAH KEBANGSAAN LONG SERIDAN,D/A PEJABAT PENDIDIKAN DAERAH BARAM, JALAN KAMPUNG NARUM,3.96958,115.070715,PPD BARAM,['RENDAH'],could not convert string to float: 'JALAN KAMPUNG NARUM'
YBB4329,SEKOLAH KEBANGSAAN LONG KESSEH,D/A PEJABAT PENDIDIKAN DAERAH BARAM, JALAN KAMPUNG NARUM,3.453536,114.510155,PPD BARAM,['RENDAH'],could not convert string to float: 'JALAN KAMPUNG NARUM'
YBB4330,SEKOLAH KEBANGSAAN LONG PILLAH,D/A PEJABAT PENDIDIKAN DAERAH BARAM, JALAN KAMPUNG NARUM,3.483608,114.428616,PPD BARAM,['RENDAH'],could not convert string to float: 'JALAN KAMPUNG NARUM'
YBB4332,SEKOLAH KEBANGSAAN SG BONG,D/A PEJABAT PENDIDIKAN DAERAH BARAM, JALAN KAMPUNG NARUM,3.721941,114.316223,PPD BARAM,['RENDAH'],could not convert string to float: 'JALAN KAMPUNG NARUM'
YBB4333,SEKOLAH KEBANGSAAN LONG MIRI,D/A PEJABAT PENDIDIKAN DAERAH BARAM, JALAN KAMPUNG NARUM,3.587436,114.432521,PPD BARAM,['RENDAH'],could not convert string to float: 'JALAN KAMPUNG NARUM'
YBB4334,SEKOLAH KEBANGSAAN LONG JEEH,D/A PEJABAT PENDIDIKAN DAERAH BARAM, JALAN KAMPUNG NARUM,4.195512,114.344244,PPD BARAM,['RENDAH'],could not convert string to float: 'JALAN KAMPUNG NARUM'
YBB4336,SEKOLAH KEBANGSAAN SG. SELEPIN,D/A PEJABAT PELAJARAN DAERAH MIRI, BLOK 1, TINGKAT 2, BANGUNAN WISMA PERSEKUTUAN, JALAN KIPAS,"['3.9995917', '114.0540944', 'PPD MIRI', 'RENDAH']",could not convert string to float: 'TINGKAT 2'
YBB4337,SEKOLAH KEBANGSAAN SG BRIT,D/A PEJABAT PENDIDIKAN DAERAH BARAM, JALAN KAMPUNG NARUM,4.106908,114.360027,PPD BARAM,['RENDAH'],could not convert string to float: 'JALAN KAMPUNG NARUM'
YBB4338,SEKOLAH KEBANGSAAN LONG BANGA,D/A PEJABAT PENDIDIKAN DAERAH BARAM, JALAN KAMPUNG NARUM,3.2,115.4,PPD BARAM,['RENDAH'],could not convert string to float: 'JALAN KAMPUNG NARUM'
YBB4339,SEKOLAH KEBANGSAAN SUNGAI SEBATU,D/A PEJABAT PENDIDIKAN DAERAH BARAM, JALAN KAMPUNG NARUM,4.185013,114.319901,PPD BARAM,['RENDAH'],could not convert string to float: 'JALAN KAMPUNG NARUM'
YBB4344,SEKOLAH KEBANGSAAN SG SETAPANG,D/A PEJABAT PENDIDIKAN DAERAH BARAM, JALAN KAMPUNG NARUM,4.103544,114.418229,PPD BARAM,['RENDAH'],could not convert string to float: 'JALAN KAMPUNG NARUM'
YBB4345,SEKOLAH KEBANGSAAN SG. SEPUTI,D/A PEJABAT PENDIDIKAN DAERAH MIRI, TINGKAT 2, WISMA PERSEKUTUAN, JALAN KIPAS,3.74142,"['114.11631', 'PPD MIRI', 'RENDAH']",could not convert string to float: 'WISMA PERSEKUTUAN'
YBB4347,SEKOLAH KEBANGSAAN PA ' DALLIH,D/A PEJABAT PENDIDIKAN DAERAH BARAM, JALAN KAMPUNG NARUM,3.985933,115.623364,PPD BARAM,['RENDAH'],could not convert string to float: 'JALAN KAMPUNG NARUM'
YBB4348,SEKOLAH KEBANGSAAN LONG PALAI,D/A PEJABAT PENDIDIKAN DAERAH BARAM, JALAN KAMPUNG NARUM,3.04744,114.850559,PPD BARAM,['RENDAH'],could not convert string to float: 'JALAN KAMPUNG NARUM'
YBB4349,SEKOLAH KEBANGSAAN PENGHULU BAYA MALLANG,D/A PEJABAT PENDIDIKAN DAERAH BARAM, JALAN KAMPUNG NARUM,4.09,114.4,PPD BARAM,['RENDAH'],could not convert string to float: 'JALAN KAMPUNG NARUM'
YBB4350,SEKOLAH KEBANGSAAN SG. BIAR,D/A PEJABAT PENDIDIKAN DAERAH MIRI, TINGKAT 2, WISMA PERSEKUTUAN, JALAN KIPAS,4.02405,"['114.0143167', 'PPD MIRI', 'RENDAH']",could not convert string to float: 'WISMA PERSEKUTUAN'
YBB4351,SEKOLAH KEBANGSAAN LONG APU,D/A PEJABAT PENDIDIKAN DAERAH BARAM, JALAN KAMPUNG NARUM,3.140773,114.81391,PPD BARAM,['RENDAH'],could not convert string to float: 'JALAN KAMPUNG NARUM'
YBB4352,SEKOLAH KEBANGSAAN LONG SOBENG,D/A PEJABAT PENDIDIKAN DAERAH BARAM, JALAN KAMPUNG NARUM,3.33,114.27,PPD BARAM,['RENDAH'],could not convert string to float: 'JALAN KAMPUNG NARUM'
YBB4353,SEKOLAH KEBANGSAAN SG. LAONG,D/A PEJABAT PENDIDIKAN DAERAH MIRI, TINGKAT 2, WISMA PERSEKUTUAN, JALAN KIPAS,3.76814,"['114.135436', 'PPD MIRI', 'RENDAH']",could not convert string to float: 'WISMA PERSEKUTUAN'
YBB4354,SEKOLAH KEBANGSAAN BENAWA,D/A PEJABAT PENDIDIKAN DAERAH BARAM, JALAN KAMPUNG NARUM,4.031722,114.344869,PPD BARAM,['RENDAH'],could not convert string to float: 'JALAN KAMPUNG NARUM'
YBB4355,SEKOLAH KEBANGSAAN SG. KELABIT,D/A PEJABAT PENDIDIKAN DAERAH MIRI, TINGKAT 2, WISMA PERSEKUTUAN, JALAN KIPAS,3.9206333,"['114.11855', 'PPD MIRI', 'RENDAH']",could not convert string to float: 'WISMA PERSEKUTUAN'
YBB4356,SEKOLAH KEBANGSAAN LONG TUNGAN,D/A PEJABAT PENDIDIKAN DAERAH BARAM, JALAN KAMPUNG NARUM,3.16,115.18,PPD BARAM,['RENDAH'],could not convert string to float: 'JALAN KAMPUNG NARUM'
YBB4357,SEKOLAH KEBANGSAAN LONG MAKABAR,D/A PEJABAT PENDIDIKAN DAERAH BARAM, JALAN KAMPUNG NARUM,2.9096167,114.9423972,PPD BARAM,['RENDAH'],could not convert string to float: 'JALAN KAMPUNG NARUM'
YBB4358,SEKOLAH KEBANGSAAN SG. BAKAS,D/A PEJABAT PENDIDIKAN DAERAH MIRI, TINGKAT 2, WISMA PERSEKUTUAN, JALAN KIPAS,3.8930384,"['114.0855235', 'PPD MIRI', 'RENDAH']",could not convert string to float: 'WISMA PERSEKUTUAN'
YBB4359,SEKOLAH KEBANGSAAN PENGELAYAN,D/A PEJABAT PENDIDIKAN DAERAH BARAM, JALAN KAMPUNG NARUM,3.633051,114.415827,PPD BARAM,['RENDAH'],could not convert string to float: 'JALAN KAMPUNG NARUM'
YBB4360,SEKOLAH KEBANGSAAN LONG SEPILING,D/A PEJABAT PENDIDIKAN DAERAH BARAM, JALAN KAMPUNG NARUM,3.914276,114.270256,PPD BARAM,['RENDAH'],could not convert string to float: 'JALAN KAMPUNG NARUM'
YBB4361,SEKOLAH KEBANGSAAN RUMAH GUDANG,D/A PEJABAT PENDIDIKAN DAERAH BARAM, JALAN KAMPUNG NARUM,3.92,114.91,PPD BARAM,['RENDAH'],could not convert string to float: 'JALAN KAMPUNG NARUM'
YBB4362,SEKOLAH KEBANGSAAN LONG WAT,D/A PEJABAT PENDIDIKAN DAERAH BARAM, JALAN KAMPUNG NARUM,3.86,114.68,PPD BARAM,['RENDAH'],could not convert string to float: 'JALAN KAMPUNG NARUM'
YBB4364,SEKOLAH KEBANGSAAN KUALA BOK,D/A PEJABAT PENDIDIKAN DAERAH BARAM, JALAN KAMPUNG NARUM,3.779043,114.16357,PPD BARAM,['RENDAH'],could not convert string to float: 'JALAN KAMPUNG NARUM'
YBB4365,SEKOLAH KEBANGSAAN SG. BURI,D/A PEJABAT PENDIDIKAN DAERAH MIRI, TINGKAT 2, WISMA PERSEKUTUAN, JALAN KIPAS,4.1989167,"['114.12915', 'PPD MIRI', 'RENDAH']",could not convert string to float: 'WISMA PERSEKUTUAN'
YBB4420,SEKOLAH KEBANGSAAN KAMPUNG NYALAU,D/A PEJABAT PENDIDIKAN DAERAH BINTULU, KM. 5, JALAN SULTAN ISKANDAR,3.60805,113.4219833,"['PPD BINTULU', 'RENDAH']",could not convert string to float: 'JALAN SULTAN ISKANDAR'
YBB5102,SEKOLAH KEBANGSAAN UKONG,D/A PEJABAT PENDIDIKAN DAERAH LIMBANG, TINGKAT 1, WISMA PERSEKUTUAN, JALAN MUHIBBAH,4.590913,"['114.884529', 'PPD LIMBANG', 'RENDAH']",could not convert string to float: 'WISMA PERSEKUTUAN'
YBB5103,SEKOLAH KEBANGSAAN NANGA MEDAMIT,D/A PEJABAT PENDIDIKAN DAERAH LIMBANG, TINGKAT 1, WISMA PERSEKUTUAN, JALAN MUHIBBAH,4.682914,"['114.893861', 'PPD LIMBANG', 'RENDAH']",could not convert string to float: 'WISMA PERSEKUTUAN'
YBB5104,SEKOLAH KEBANGSAAN MENUANG,D/A PEJABAT PENDIDIKAN DAERAH LIMBANG, TINGKAT 1, WISMA PERSEKUTUAN, JALAN MUHIBBAH,4.6362,"['114.9209333', 'PPD LIMBANG', 'RENDAH']",could not convert string to float: 'WISMA PERSEKUTUAN'
YBB5105,SEKOLAH KEBANGSAAN KUALA PENGANAN,D/A PEJABAT PENDIDIKAN DAERAH LIMBANG, TINGKAT 1, WISMA PERSEKUTUAN, JALAN MUHIBBAH,4.653037,"['114.82732', 'PPD LIMBANG', 'RENDAH']",could not convert string to float: 'WISMA PERSEKUTUAN'
YBB5106,SEKOLAH KEBANGSAAN LONG NAPIR,D/A PEJABAT PENDIDIKAN DAERAH LIMBANG, TINGKAT 1, WISMA PERSEKUTUAN, JALAN MUHIBBAH,4.165209,"['115.138693', 'PPD LIMBANG', 'RENDAH']",could not convert string to float: 'WISMA PERSEKUTUAN'
YBB5107,SEKOLAH KEBANGSAAN NANGA MERIT,D/A PEJABAT PENDIDIKAN DAERAH LIMBANG, TINGKAT 1, WISMA PERSEKUTUAN, JALAN MUHIBBAH,4.535312,"['114.947636', 'PPD LIMBANG', 'RENDAH']",could not convert string to float: 'WISMA PERSEKUTUAN'
YBB5109,SEKOLAH KEBANGSAAN KUALA MEDALAM,D/A PEJABAT PENDIDIKAN DAERAH LIMBANG, TINGKAT 1, WISMA PERSEKUTUAN, JALAN MUHIBBAH,4.389801,"['114.906435', 'PPD LIMBANG', 'RENDAH']",could not convert string to float: 'WISMA PERSEKUTUAN'
YBB5112,SEKOLAH KEBANGSAAN ULU LUBAI,D/A PEJABAT PENDIDIKAN DAERAH LIMBANG, TINGKAT 1, WISMA PERSEKUTUAN, JALAN MUHIBBAH,4.554693,"['114.913591', 'PPD LIMBANG', 'RENDAH']",could not convert string to float: 'WISMA PERSEKUTUAN'
YBB5113,SEKOLAH KEBANGSAAN MELABAN,D/A PEJABAT PENDIDIKAN DAERAH LIMBANG, TINGKAT 1, WISMA PERSEKUTUAN, JALAN MUHIBBAH,4.32023,"['114.89737', 'PPD LIMBANG', 'RENDAH']",could not convert string to float: 'WISMA PERSEKUTUAN'
YBB5114,SEKOLAH KEBANGSAAN BUKIT BATU,D/A PEJABAT PENDIDIKAN DAERAH LIMBANG, TINGKAT 1, WISMA PERSEKUTUAN, JALAN MUHIBBAH,4.4430292,"['114.9443722', 'PPD LIMBANG', 'RENDAH']",could not convert string to float: 'WISMA PERSEKUTUAN'
YBB5201,SEKOLAH KEBANGSAAN LONG SEMADOH,D/A PEJABAT PENDIDIKAN DAERAH LAWAS, TINGKAT BAWAH, WISMA PERSEKUTUAN,4.216437,115.587774,"['PPD LAWAS', 'RENDAH']",could not convert string to float: 'WISMA PERSEKUTUAN'
YBB5202,SEKOLAH KEBANGSAAN LONG TUMA,D/A PEJABAT PENDIDIKAN DAERAH LAWAS, TINGKAT BAWAH, WISMA PERSEKUTUAN,4.80445,115.4089,"['PPD LAWAS', 'RENDAH']",could not convert string to float: 'WISMA PERSEKUTUAN'
YBB5203,SEKOLAH KEBANGSAAN LONG TUKON,D/A PEJABAT PENDIDIKAN DAERAH LAWAS, TINGKAT BAWAH, WISMA PERSEKUTUAN,4.742131,115.28791,"['PPD LAWAS', 'RENDAH']",could not convert string to float: 'WISMA PERSEKUTUAN'
YBB5204,SEKOLAH KEBANGSAAN BA KELALAN,D/A PEJABAT PENDIDIKAN DAERAH LAWAS, TINGKAT BAWAH, WISMA PERSEKUTUAN,3.985933,115.623364,"['PPD LAWAS', 'RENDAH']",could not convert string to float: 'WISMA PERSEKUTUAN'
YBB5205,SEKOLAH KEBANGSAAN LONG SUKANG,D/A PEJABAT PENDIDIKAN DAERAH LAWAS, TINGKAT BAWAH, WISMA PERSEKUTUAN,4.554009,115.487852,"['PPD LAWAS', 'RENDAH']",could not convert string to float: 'WISMA PERSEKUTUAN'
YBB5206,SEKOLAH KEBANGSAAN LONG TENGOA,D/A PEJABAT PENDIDIKAN DAERAH LAWAS, TINGKAT BAWAH, WISMA PERSEKUTUAN,4.616978,115.333271,"['PPD LAWAS', 'RENDAH']",could not convert string to float: 'WISMA PERSEKUTUAN'
YBB5207,SEKOLAH KEBANGSAAN LONG LUPING,D/A PEJABAT PENDIDIKAN DAERAH LAWAS, TINGKAT BAWAH, WISMA PERSEKUTUAN,4.284446,115.494804,"['PPD LAWAS', 'RENDAH']",could not convert string to float: 'WISMA PERSEKUTUAN'
YBB5208,SEKOLAH KEBANGSAAN KG LINTANG,D/A PEJABAT PENDIDIKAN DAERAH LAWAS, TINGKAT BAWAH, WISMA PERSEKUTUAN,4.815498,115.245582,"['PPD LAWAS', 'RENDAH']",could not convert string to float: 'WISMA PERSEKUTUAN'
YBB5209,SEKOLAH KEBANGSAAN TANG LAPADAN,D/A PEJABAT PENDIDIKAN DAERAH LAWAS, TINGKAT BAWAH, WISMA PERSEKUTUAN ,4.7,115.34,"['PPD LAWAS', 'RENDAH']",could not convert string to float: 'WISMA PERSEKUTUAN'
YBB5210,SEKOLAH KEBANGSAAN LONG SEBANGAN,D/A PEJABAT PENDIDIKAN DAERAH LAWAS, TINGKAT BAWAH, WISMA PERSEKUTUAN,4.893264,115.203009,"['PPD LAWAS', 'RENDAH']",could not convert string to float: 'WISMA PERSEKUTUAN'
YBB5212,SEKOLAH KEBANGSAAN SIANG-SIANG,D/A PEJABAT PENDIDIKAN DAERAH LAWAS, TINGKAT BAWAH, WISMA PERSEKUTUAN,4.82277,115.298971,"['PPD LAWAS', 'RENDAH']",could not convert string to float: 'WISMA PERSEKUTUAN'
YBB6101,SEKOLAH KEBANGSAAN UDIN,D/A PEJABAT PENDIDIKAN DAERAH SARIKEI, TINGKAT 1, WISMA PERSEKUTUAN, JALAN BANGUNAN KERAJAAN,1.99495,"['111.5064333', 'PPD SARIKEI', 'RENDAH']",could not convert string to float: 'WISMA PERSEKUTUAN'
YBB6102,SEKOLAH KEBANGSAAN ADIN,D/A PEJABAT PENDIDIKAN DAERAH SARIKEI, TINGKAT 1, WISMA PERSEKUTUAN, JALAN BANGUNAN KERAJAAN,2.053783333,"['111.4110833', 'PPD SARIKEI', 'RENDAH']",could not convert string to float: 'WISMA PERSEKUTUAN'
YBB6103,SEKOLAH KEBANGSAAN BALONG,D/A PEJABAT PENDIDIKAN DAERAH SARIKEI, TINGKAT 1, WISMA PERSEKUTUAN, JALAN BANGUNAN KERAJAAN,1.96475,"['111.5097', 'PPD SARIKEI', 'RENDAH']",could not convert string to float: 'WISMA PERSEKUTUAN'
YBB6104,SEKOLAH KEBANGSAAN PENGHULU ANDIN,D/A PEJABAT PENDIDIKAN DAERAH SARIKEI, TINGKAT 1, WISMA PERSEKUTUAN, JALAN BANGUNAN KERAJAAN,2.010516667,"['111.5648', 'PPD SARIKEI', 'RENDAH']",could not convert string to float: 'WISMA PERSEKUTUAN'
YBB6106,SEKOLAH KEBANGSAAN ST. ANDREW,D/A PEJABAT PENDIDIKAN DAERAH SARIKEI, TINGKAT 1, WISMA PERSEKUTUAN, JALAN BANGUNAN KERAJAAN,2.089066667,"['111.4397667', 'PPD SARIKEI', 'RENDAH']",could not convert string to float: 'WISMA PERSEKUTUAN'
YBB6107,SEKOLAH KEBANGSAAN ASSUN,D/A PEJABAT PENDIDIKAN DAERAH SARIKEI, TINGKAT 1, WISMA PERSEKUTUAN, JALAN BANGUNAN KERAJAAN,1.922283333,"['111.4976333', 'PPD SARIKEI', 'RENDAH']",could not convert string to float: 'WISMA PERSEKUTUAN'
YBB6108,SEKOLAH KEBANGSAAN RENTAP,D/A PEJABAT PENDIDIKAN DAERAH SARIKEI, TINGKAT 1, WISMA PERSEKUTUAN, JALAN BANGUNAN KERAJAAN,2.01581,"['111.619291', 'PPD SARIKEI', 'RENDAH']",could not convert string to float: 'WISMA PERSEKUTUAN'
YBB6111,SEKOLAH KEBANGSAAN JAWA,D/A PEJABAT PENDIDIKAN DAERAH SARIKEI, TINGKAT 1, WISMA PERSEKUTUAN, JALAN BANGUNAN KERAJAAN,2.002483333,"['111.3685167', 'PPD SARIKEI', 'RENDAH']",could not convert string to float: 'WISMA PERSEKUTUAN'
YBB6112,SEKOLAH KEBANGSAAN SG PAOH,D/A PEJABAT PENDIDIKAN DAERAH SARIKEI, TINGKAT 1, WISMA PERSEKUTUAN, JALAN BANGUNAN KERAJAAN,2.010083333,"['111.4624667', 'PPD SARIKEI', 'RENDAH']",could not convert string to float: 'WISMA PERSEKUTUAN'
YBB6113,SEKOLAH KEBANGSAAN SG PETAI,D/A PEJABAT PENDIDIKAN DAERAH SARIKEI, TINGKAT 1, WISMA PERSEKUTUAN, JALAN BANGUNAN KERAJAAN,2.133129,"['111.546958', 'PPD SARIKEI', 'RENDAH']",could not convert string to float: 'WISMA PERSEKUTUAN'
YBB6114,SEKOLAH KEBANGSAAN TANAH PUTIH,D/A PEJABAT PENDIDIKAN DAERAH SARIKEI, TINGKAT 1, WISMA PERSEKUTUAN, JALAN BANGUNAN KERAJAAN,2.15871,"['111.553014', 'PPD SARIKEI', 'RENDAH']",could not convert string to float: 'WISMA PERSEKUTUAN'
YBB6115,SEKOLAH KEBANGSAAN SELANGAN,D/A PEJABAT PENDIDIKAN DAERAH SARIKEI, TINGKAT 1, WISMA PERSEKUTUAN, JALAN BANGUNAN KERAJAAN,2.089366667,"['111.5587167', 'PPD SARIKEI', 'RENDAH']",could not convert string to float: 'WISMA PERSEKUTUAN'
YBB6118,SEKOLAH KEBANGSAAN MUARA PAYANG,D/A PEJABAT PENDIDIKAN DAERAH SARIKEI, TINGKAT 1, WISMA PERSEKUTUAN, JALAN BANGUNAN KERAJAAN,2.195055,"['111.524441', 'PPD SARIKEI', 'RENDAH']",could not convert string to float: 'WISMA PERSEKUTUAN'
YBB6302,SEKOLAH KEBANGSAAN ULU BINATANG,D/A PEJABAT PENDIDIKAN DAERAH MERADONG, JALAN BERJAYA,2.041533333,111.7221167,PPD MARADONG,['RENDAH'],could not convert string to float: 'JALAN BERJAYA'
YBB6303,SEKOLAH KEBANGSAAN SG MADOR,D/A PEJABAT PENDIDIKAN DAERAH MERADONG, JALAN BERJAYA,2.058549,111.768293,PPD MARADONG,['RENDAH'],could not convert string to float: 'JALAN BERJAYA'
YBB6304,SEKOLAH KEBANGSAAN SG SELIDAP,D/A PEJABAT PENDIDIKAN DAERAH MERADONG, JALAN BERJAYA,2.184034,111.596718,PPD MARADONG,['RENDAH'],could not convert string to float: 'JALAN BERJAYA'
YBB6306,SEKOLAH KEBANGSAAN TULAI,D/A PEJABAT PENDIDIKAN DAERAH MERADONG, JALAN BERJAYA,2.154229,111.738124,PPD MARADONG,['RENDAH'],could not convert string to float: 'JALAN BERJAYA'
YBB6307,SEKOLAH KEBANGSAAN TANJUNG BUNDUNG,D/A PEJABAT PENDIDIKAN DAERAH MERADONG, JALAN BERJAYA,2.21257,111.63333,PPD MARADONG,['RENDAH'],could not convert string to float: 'JALAN BERJAYA'
YBB6310,SEKOLAH KEBANGSAAN MUPONG,D/A PEJABAT PENDIDIKAN DAERAH MERADONG, JALAN BERJAYA,2.18,111.7,PPD MARADONG,['RENDAH'],could not convert string to float: 'JALAN BERJAYA'
YBB6312,SEKOLAH KEBANGSAAN ULU STRAS,D/A PEJABAT PENDIDIKAN DAERAH MERADONG, JALAN BERJAYA,2.00956,111.64687,PPD MARADONG,['RENDAH'],could not convert string to float: 'JALAN BERJAYA'
YBB6314,SEKOLAH KEBANGSAAN ULU MERADONG,D/A PEJABAT PENDIDIKAN DAERAH MERADONG, JALAN BERJAYA,2.119233333,111.6422833,PPD MARADONG,['RENDAH'],could not convert string to float: 'JALAN BERJAYA'
YBB6315,SEKOLAH KEBANGSAAN BUKIT PAPIT,D/A PEJABAT PENDIDIKAN DAERAH MERADONG, JALAN BERJAYA,2.26509,111.66471,PPD MARADONG,['RENDAH'],could not convert string to float: 'JALAN BERJAYA'
YBB6317,SEKOLAH KEBANGSAAN NANGA STRAS,D/A PEJABAT PENDIDIKAN DAERAH MERADONG, JALAN BERJAYA,2.061516667,111.6896167,PPD MARADONG,['RENDAH'],could not convert string to float: 'JALAN BERJAYA'
YBB6318,SEKOLAH KEBANGSAAN SG KAWI,D/A PEJABAT PENDIDIKAN DAERAH MERADONG, JALAN BERJAYA,2.10785,111.7086167,PPD MARADONG,['RENDAH'],could not convert string to float: 'JALAN BERJAYA'
YBB6319,SEKOLAH KEBANGSAAN BANDAR BINTANGOR,D/A PEJABAT PENDIDIKAN DAERAH MERADONG, JALAN BERJAYA,2.073045,111.675596,PPD MARADONG,['RENDAH'],could not convert string to float: 'JALAN BERJAYA'
YBB6320,SEKOLAH KEBANGSAAN GEMUAN,D/A PEJABAT PENDIDIKAN DAERAH MERADONG, JALAN BERJAYA,2.1,111.71,PPD MARADONG,['RENDAH'],could not convert string to float: 'JALAN BERJAYA'
YBB6321,SEKOLAH KEBANGSAAN BUKIT NIBONG,D/A PEJABAT PENDIDIKAN DAERAH MERADONG, JALAN BERJAYA,2.0747723,111.6917725,PPD MARADONG,['RENDAH'],could not convert string to float: 'JALAN BERJAYA'
YBB7102,SEKOLAH KEBANGSAAN NG PELAGUS,D/A PEJABAT PENDIDIKAN DAERAH KAPIT, TINGKAT 1 & 2, WISMA PERSEKUTUAN, JALAN PENGHULU NYANGGAU,2.1714256,"['113.059444', 'PPD KAPIT', 'RENDAH']",could not convert string to float: 'WISMA PERSEKUTUAN'
YBB7103,SEKOLAH KEBANGSAAN TEMENGGONG KOH,D/A PEJABAT PENDIDIKAN DAERAH KAPIT, TINGKAT 1 & 2, WISMA PERSEKUTUAN, JALAN PENGHULU NYANGGAU,1.8219444,"['113.6916667', 'PPD KAPIT', 'RENDAH']",could not convert string to float: 'WISMA PERSEKUTUAN'
YBB7104,SEKOLAH KEBANGSAAN NG STAPANG,D/A PEJABAT PENDIDIKAN DAERAH KAPIT, TINGKAT 1 & 2, WISMA PERSEKUTUAN, JALAN PENGHULU NYANGGAU,1.8009462,"['113.349123', 'PPD KAPIT', 'RENDAH']",could not convert string to float: 'WISMA PERSEKUTUAN'
YBB7105,SEKOLAH KEBANGSAAN NG IBAU,D/A PEJABAT PENDIDIKAN DAERAH KAPIT, TINGKAT 1 & 2, WISMA PERSEKUTUAN, JALAN PENGHULU NYANGGAU,2.20110748,"['112.7052185', 'PPD KAPIT', 'RENDAH']",could not convert string to float: 'WISMA PERSEKUTUAN'
YBB7107,SEKOLAH KEBANGSAAN NG BENA,D/A PEJABAT PENDIDIKAN DAERAH KAPIT, TINGKAT 1 & 2, WISMA PERSEKUTUAN, JALAN PENGHULU NYANGGAU,1.947933333,"['113.10385', 'PPD KAPIT', 'RENDAH']",could not convert string to float: 'WISMA PERSEKUTUAN'
YBB7108,SEKOLAH KEBANGSAAN NG OYAN,D/A PEJABAT PENDIDIKAN DAERAH KAPIT, TINGKAT 1 & 2, WISMA PERSEKUTUAN, JALAN PENGHULU NYANGGAU,2.0577778,"['113.2516667', 'PPD KAPIT', 'RENDAH']",could not convert string to float: 'WISMA PERSEKUTUAN'
YBB7109,SEKOLAH KEBANGSAAN NG YONG,D/A PEJABAT PENDIDIKAN DAERAH KAPIT, TINGKAT 1 & 2, WISMA PERSEKUTUAN, JALAN PENGHULU NYANGGAU,2.0111149,"['112.8153419', 'PPD KAPIT', 'RENDAH']",could not convert string to float: 'WISMA PERSEKUTUAN'
YBB7110,SEKOLAH KEBANGSAAN MUJONG TENGAH,D/A PEJABAT PENDIDIKAN DAERAH KAPIT, TINGKAT 1 & 2, WISMA PERSEKUTUAN, JALAN PENGHULU NYANGGAU,2.1010933,"['113.3880901', 'PPD KAPIT', 'RENDAH']",could not convert string to float: 'WISMA PERSEKUTUAN'
YBB7111,SEKOLAH KEBANGSAAN NG IBUN,D/A PEJABAT PENDIDIKAN DAERAH KAPIT, TINGKAT 1 & 2, WISMA PERSEKUTUAN, JALAN PENGHULU NYANGGAU,2.0577778,"['113.2516667', 'PPD KAPIT', 'RENDAH']",could not convert string to float: 'WISMA PERSEKUTUAN'
YBB7112,SEKOLAH KEBANGSAAN NG SEMPILI,D/A PEJABAT PENDIDIKAN DAERAH KAPIT, TINGKAT 1 & 2, WISMA PERSEKUTUAN, JALAN PENGHULU NYANGGAU,1.88,"['113.47', 'PPD KAPIT', 'RENDAH']",could not convert string to float: 'WISMA PERSEKUTUAN'
YBB7113,SEKOLAH KEBANGSAAN NG SAMA,D/A PEJABAT PENDIDIKAN DAERAH KAPIT, TINGKAT 1 & 2, WISMA PERSEKUTUAN, JALAN PENGHULU NYANGGAU,2.25255,"['113.15838', 'PPD KAPIT', 'RENDAH']",could not convert string to float: 'WISMA PERSEKUTUAN'
YBB7114,SEKOLAH KEBANGSAAN NG KEBIAW,D/A PEJABAT PENDIDIKAN DAERAH KAPIT, TINGKAT 1 & 2, WISMA PERSEKUTUAN, JALAN PENGHULU NYANGGAU,1.9961111,"['113.1041667', 'PPD KAPIT', 'RENDAH']",could not convert string to float: 'WISMA PERSEKUTUAN'
YBB7115,SEKOLAH KEBANGSAAN NG TRUSA,D/A PEJABAT PENDIDIKAN DAERAH KAPIT, TINGKAT 1 & 2, WISMA PERSEKUTUAN, JALAN PENGHULU NYANGGAU,2.03500468,"['112.8098059', 'PPD KAPIT', 'RENDAH']",could not convert string to float: 'WISMA PERSEKUTUAN'
YBB7116,SEKOLAH KEBANGSAAN LEPONG GAAT,D/A PEJABAT PENDIDIKAN DAERAH KAPIT, TINGKAT 1 & 2, WISMA PERSEKUTUAN, JALAN PENGHULU NYANGGAU,2.0038889,"['112.8338889', 'PPD KAPIT', 'RENDAH']",could not convert string to float: 'WISMA PERSEKUTUAN'
YBB7117,SEKOLAH KEBANGSAAN NG ENCHEREMIN,NG ENCHEREMIN, SG ENCHEREMIN,2.08084,113.06774,PPD KAPIT,['RENDAH'],could not convert string to float: 'SG ENCHEREMIN'
YBB7118,SEKOLAH KEBANGSAAN NG SEGENOK,D/A PEJABAT PENDIDIKAN DAERAH KAPIT, TINGKAT 1 & 2, WISMA PERSEKUTUAN, JALAN PENGHULU NYANGGAU,2.0297626,"['112.7195764', 'PPD KAPIT', 'RENDAH']",could not convert string to float: 'WISMA PERSEKUTUAN'
YBB7119,SEKOLAH KEBANGSAAN LEPONG BALLEH,D/A PEJABAT PENDIDIKAN DAERAH KAPIT, TINGKAT 1 & 2, WISMA PERSEKUTUAN, JALAN PENGHULU NYANGGAU,2.0108333,"['113.0516667', 'PPD KAPIT', 'RENDAH']",could not convert string to float: 'WISMA PERSEKUTUAN'
YBB7120,SEKOLAH KEBANGSAAN LP MENUAN,D/A PEJABAT PENDIDIKAN DAERAH KAPIT, TINGKAT 1 & 2, WISMA PERSEKUTUAN, JALAN PENGHULU NYANGGAU,2.0227778,"['113.4858333', 'PPD KAPIT', 'RENDAH']",could not convert string to float: 'WISMA PERSEKUTUAN'
YBB7122,SEKOLAH KEBANGSAAN NG KAIN,D/A PEJABAT PENDIDIKAN DAERAH KAPIT, TINGKAT 1 & 2, WISMA PERSEKUTUAN, JALAN PENGHULU NYANGGAU,1.9475,"['113.3208333', 'PPD KAPIT', 'RENDAH']",could not convert string to float: 'WISMA PERSEKUTUAN'
YBB7123,SEKOLAH KEBANGSAAN KG BARU,D/A PEJABAT PENDIDIKAN DAERAH KAPIT, TINGKAT 1 & 2, WISMA PERSEKUTUAN, JALAN PENGHULU NYANGGAU,2.016766667,"['112.9312', 'PPD KAPIT', 'RENDAH']",could not convert string to float: 'WISMA PERSEKUTUAN'
YBB7124,SEKOLAH KEBANGSAAN SUNGAI KAPIT,D/A PEJABAT PENDIDIKAN DAERAH KAPIT, TINGKAT 1 & 2, WISMA PERSEKUTUAN, JALAN PENGHULU NYANGGAU,1.992366667,"['112.9270667', 'PPD KAPIT', 'RENDAH']",could not convert string to float: 'WISMA PERSEKUTUAN'
YBB7126,SEKOLAH KEBANGSAAN ULU PELAGUS,D/A PEJABAT PENDIDIKAN DAERAH KAPIT, TINGKAT 1 & 2, WISMA PERSEKUTUAN, JALAN PENGHULU NYANGGAU,2.2422222,"['113.0061111', 'PPD KAPIT', 'RENDAH']",could not convert string to float: 'WISMA PERSEKUTUAN'
YBB7127,SEKOLAH KEBANGSAAN NG BALANG,D/A PEJABAT PENDIDIKAN DAERAH KAPIT, TINGKAT 1 & 2, WISMA PERSEKUTUAN, JALAN PENGHULU NYANGGAU,1.7741667,"['113.2708333', 'PPD KAPIT', 'RENDAH']",could not convert string to float: 'WISMA PERSEKUTUAN'
YBB7128,SEKOLAH KEBANGSAAN ULU YONG,D/A PEJABAT PENDIDIKAN DAERAH KAPIT, TINGKAT 1 & 2, WISMA PERSEKUTUAN, JALAN PENGHULU NYANGGAU,1.9463,"['112.8320667', 'PPD KAPIT', 'RENDAH']",could not convert string to float: 'WISMA PERSEKUTUAN'
YBB7129,SEKOLAH KEBANGSAAN NG METAH,D/A PEJABAT PENDIDIKAN DAERAH KAPIT, TINGKAT 1 & 2, WISMA PERSEKUTUAN, JALAN PENGHULU NYANGGAU,2.346127,"['113.286037', 'PPD KAPIT', 'RENDAH']",could not convert string to float: 'WISMA PERSEKUTUAN'
YBB7311,SEKOLAH KEBANGSAAN NG MUSAH,D/A PEJABAT PENDIDIKAN DAERAH SONG,PPD SONG,RENDAH,,,,could not convert string to float: 'RENDAH'
YBB8101,SEKOLAH KEBANGSAAN PLAIE D C,D/A PEJABAT PENDIDIKAN DAERAH SAMARAHAN, JALAN DATO MOHD MUSA,1.48,110.46,PPD SAMARAHAN,['RENDAH'],could not convert string to float: 'JALAN DATO MOHD MUSA'
YBB8201,SEKOLAH KEBANGSAAN SAMARAHAN ESTATE,D/A PEJABAT PENDIDIKAN DAERAH SERIAN, BATU 1, JALAN SERIAN/SRI AMAN,1.339084,110.553634,"['PPD SERIAN', 'RENDAH']",could not convert string to float: 'JALAN SERIAN/SRI AMAN'
YBB8202,SEKOLAH KEBANGSAAN TEBAKANG,D/A PEJABAT PENDIDIKAN DAERAH SERIAN, BATU 1, JALAN SERIAN/SRI AMAN,1.09915,110.505611,"['PPD SERIAN', 'RENDAH']",could not convert string to float: 'JALAN SERIAN/SRI AMAN'
YBB8203,SEKOLAH KEBANGSAAN TEBEDU,D/A PEJABAT PENDIDIKAN DAERAH SERIAN, BATU 1, JALAN SERIAN/SRI AMAN,1.012492,110.394745,"['PPD SERIAN', 'RENDAH']",could not convert string to float: 'JALAN SERIAN/SRI AMAN'
YBB8204,SEKOLAH KEBANGSAAN TEMA,D/A PEJABAT PENDIDIKAN DAERAH SERIAN, BATU 1, JALAN SERIAN/SRI AMAN,1.012492,110.394745,"['PPD SERIAN', 'RENDAH']",could not convert string to float: 'JALAN SERIAN/SRI AMAN'
YBB8205,SEKOLAH KEBANGSAAN TANAH MERAH,D/A PEJABAT PENDIDIKAN DAERAH SERIAN, BATU 1, JALAN SERIAN/SRI AMAN,1.314286,110.493521,"['PPD SERIAN', 'RENDAH']",could not convert string to float: 'JALAN SERIAN/SRI AMAN'
YBB8206,SEKOLAH KEBANGSAAN KRUSEN,D/A PEJABAT PENDIDIKAN DAERAH SERIAN, BATU 1, JALAN SERIAN/SRI AMAN,1.070161,110.500832,"['PPD SERIAN', 'RENDAH']",could not convert string to float: 'JALAN SERIAN/SRI AMAN'
YBB8207,SEKOLAH KEBANGSAAN LEBUR / REMUN,D/A PEJABAT PENDIDIKAN DAERAH SERIAN, BATU 1, JALAN SERIAN/SRI AMAN,1.1569,110.652762,"['PPD SERIAN', 'RENDAH']",could not convert string to float: 'JALAN SERIAN/SRI AMAN'
YBB8209,SEKOLAH KEBANGSAAN TARAT,D/A PEJABAT PENDIDIKAN DAERAH SERIAN, BATU 1, JALAN SERIAN/SRI AMAN,1.214328,110.522633,"['PPD SERIAN', 'RENDAH']",could not convert string to float: 'JALAN SERIAN/SRI AMAN'
YBB8210,SEKOLAH KEBANGSAAN RAYANG,D/A PEJABAT PENDIDIKAN DAERAH SERIAN, BATU 1, JALAN SERIAN/SRI AMAN,1.201585,110.549455,"['PPD SERIAN', 'RENDAH']",could not convert string to float: 'JALAN SERIAN/SRI AMAN'
YBB8211,SEKOLAH KEBANGSAAN BALAI RINGIN,D/A PEJABAT PENDIDIKAN DAERAH SERIAN, BATU 1, JALAN SERIAN/SRI AMAN,1.049801,110.75032,"['PPD SERIAN', 'RENDAH']",could not convert string to float: 'JALAN SERIAN/SRI AMAN'
YBB8212,SEKOLAH KEBANGSAAN TIAN MURUD,D/A PEJABAT PENDIDIKAN DAERAH SERIAN, BATU 1, JALAN SERIAN/SRI AMAN,1.268588,110.494663,"['PPD SERIAN', 'RENDAH']",could not convert string to float: 'JALAN SERIAN/SRI AMAN'
YBB8213,SEKOLAH KEBANGSAAN TESU,D/A PEJABAT PENDIDIKAN DAERAH SERIAN, BATU 1, JALAN SERIAN/SRI AMAN,1.060174,110.561954,"['PPD SERIAN', 'RENDAH']",could not convert string to float: 'JALAN SERIAN/SRI AMAN'
YBB8214,SEKOLAH KEBANGSAAN SEMUKOI,D/A PEJABAT PENDIDIKAN DAERAH SERIAN, BATU 1, JALAN SERIAN/SRI AMAN,1.050595,110.674467,"['PPD SERIAN', 'RENDAH']",could not convert string to float: 'JALAN SERIAN/SRI AMAN'
YBB8215,SEKOLAH KEBANGSAAN MELANSAI,D/A PEJABAT PENDIDIKAN DAERAH SERIAN, BATU 1, JALAN SERIAN/SRI AMAN,1.127871,110.614257,"['PPD SERIAN', 'RENDAH']",could not convert string to float: 'JALAN SERIAN/SRI AMAN'
YBB8216,SEKOLAH KEBANGSAAN RETEH,D/A PEJABAT PENDIDIKAN DAERAH SERIAN, BATU 1, JALAN SERIAN/SRI AMAN,0.926609,110.494641,"['PPD SERIAN', 'RENDAH']",could not convert string to float: 'JALAN SERIAN/SRI AMAN'
YBB8217,SEKOLAH KEBANGSAAN SG SAMERAN,D/A PEJABAT PENDIDIKAN DAERAH SERIAN, BATU 1, JALAN SERIAN/SRI AMAN,1.11,110.4,"['PPD SERIAN', 'RENDAH']",could not convert string to float: 'JALAN SERIAN/SRI AMAN'
YBB8218,SEKOLAH KEBANGSAAN MAPU,D/A PEJABAT PENDIDIKAN DAERAH SERIAN, BATU 1, JALAN SERIAN/SRI AMAN,0.926572,110.495988,"['PPD SERIAN', 'RENDAH']",could not convert string to float: 'JALAN SERIAN/SRI AMAN'
YBB8219,SEKOLAH KEBANGSAAN KORAN,D/A PEJABAT PENDIDIKAN DAERAH SERIAN, BATU 1, JALAN SERIAN/SRI AMAN,1.15,110.58,"['PPD SERIAN', 'RENDAH']",could not convert string to float: 'JALAN SERIAN/SRI AMAN'
YBB8220,SEKOLAH KEBANGSAAN PARUN SUAN,D/A PEJABAT PENDIDIKAN DAERAH SERIAN, BATU 1, JALAN SERIAN/SRI AMAN,1.1622222,110.4686111,"['PPD SERIAN', 'RENDAH']",could not convert string to float: 'JALAN SERIAN/SRI AMAN'
YBB8221,SEKOLAH KEBANGSAAN TEMONG,D/A PEJABAT PENDIDIKAN DAERAH SERIAN, BATU 1, JALAN SERIAN/SRI AMAN,1.010119,110.358264,"['PPD SERIAN', 'RENDAH']",could not convert string to float: 'JALAN SERIAN/SRI AMAN'
YBB8222,SEKOLAH KEBANGSAAN LOBANG BATU,D/A PEJABAT PENDIDIKAN DAERAH SERIAN, BATU 1, JALAN SERIAN/SRI AMAN,0.975872,110.531285,"['PPD SERIAN', 'RENDAH']",could not convert string to float: 'JALAN SERIAN/SRI AMAN'
YBB8223,SEKOLAH KEBANGSAAN RITUH,D/A PEJABAT PENDIDIKAN DAERAH SERIAN, BATU 1, JALAN SERIAN/SRI AMAN,1.281681,110.442225,"['PPD SERIAN', 'RENDAH']",could not convert string to float: 'JALAN SERIAN/SRI AMAN'
YBB8224,SEKOLAH KEBANGSAAN PAYAU,D/A PEJABAT PENDIDIKAN DAERAH SERIAN, BATU 1, JALAN SERIAN/SRI AMAN,0.969838,110.534992,"['PPD SERIAN', 'RENDAH']",could not convert string to float: 'JALAN SERIAN/SRI AMAN'
YBB8225,SEKOLAH KEBANGSAAN SG RIMU,D/A PEJABAT PENDIDIKAN DAERAH SERIAN, BATU 1, JALAN SERIAN/SRI AMAN,0.980224,110.654082,"['PPD SERIAN', 'RENDAH']",could not convert string to float: 'JALAN SERIAN/SRI AMAN'
YBB8226,SEKOLAH KEBANGSAAN TANAH PUTEH,D/A PEJABAT PENDIDIKAN DAERAH SERIAN, BATU 1, JALAN SERIAN/SRI AMAN,1.22186,110.628382,"['PPD SERIAN', 'RENDAH']",could not convert string to float: 'JALAN SERIAN/SRI AMAN'
YBB8227,SEKOLAH KEBANGSAAN PATI,D/A PEJABAT PENDIDIKAN DAERAH SERIAN, BATU 1, JALAN SERIAN/SRI AMAN,1.30343,110.549959,"['PPD SERIAN', 'RENDAH']",could not convert string to float: 'JALAN SERIAN/SRI AMAN'
YBB8228,SEKOLAH KEBANGSAAN BEDUP,D/A PEJABAT PENDIDIKAN DAERAH SERIAN, BATU 1, JALAN SERIAN/SRI AMAN,1.09,110.64,"['PPD SERIAN', 'RENDAH']",could not convert string to float: 'JALAN SERIAN/SRI AMAN'
YBB8229,SEKOLAH KEBANGSAAN SANGAI,D/A PEJABAT PENDIDIKAN DAERAH SERIAN, BATU 1, JALAN SERIAN/SRI AMAN,1.060174,110.561954,"['PPD SERIAN', 'RENDAH']",could not convert string to float: 'JALAN SERIAN/SRI AMAN'
YBB8230,SEKOLAH KEBANGSAAN SG KENYAH,D/A PEJABAT PENDIDIKAN DAERAH SERIAN, BATU 1, JALAN SERIAN/SRI AMAN,1.27704,110.421932,"['PPD SERIAN', 'RENDAH']",could not convert string to float: 'JALAN SERIAN/SRI AMAN'
YBB8231,SEKOLAH KEBANGSAAN ENGKAROH,KPG. ENGKEROH, JALAN SERIAN/MONGKOS,1.202571,110.511131,PPD SERIAN,['RENDAH'],could not convert string to float: 'JALAN SERIAN/MONGKOS'
YBB8232,SEKOLAH KEBANGSAAN DAHA,D/A PEJABAT PENDIDIKAN DAERAH SERIAN, BATU 1, JALAN SERIAN/SRI AMAN,1.01129,110.353289,"['PPD SERIAN', 'RENDAH']",could not convert string to float: 'JALAN SERIAN/SRI AMAN'
YBB8233,SEKOLAH KEBANGSAAN GAHAT MAWANG,D/A PEJABAT PENDIDIKAN DAERAH SERIAN, BATU 1, JALAN SERIAN/SRI AMAN,0.98827,110.464032,"['PPD SERIAN', 'RENDAH']",could not convert string to float: 'JALAN SERIAN/SRI AMAN'
YBB8234,SEKOLAH KEBANGSAAN SEBANBAN,D/A PEJABAT PENDIDIKAN DAERAH SERIAN, BATU 1, JALAN SERIAN/SRI AMAN,1.24568,110.639932,"['PPD SERIAN', 'RENDAH']",could not convert string to float: 'JALAN SERIAN/SRI AMAN'
YBB8236,SEKOLAH KEBANGSAAN SEJIJAG,D/A PEJABAT PENDIDIKAN DAERAH SERIAN, BATU 1, JALAN SERIAN/SRI AMAN,1.203365,110.520358,"['PPD SERIAN', 'RENDAH']",could not convert string to float: 'JALAN SERIAN/SRI AMAN'
YBB8237,SEKOLAH KEBANGSAAN GEMANG,D/A PEJABAT PENDIDIKAN DAERAH SERIAN, BATU 1, JALAN SERIAN/SRI AMAN,1.295547,110.477313,"['PPD SERIAN', 'RENDAH']",could not convert string to float: 'JALAN SERIAN/SRI AMAN'
YBB8238,SEKOLAH KEBANGSAAN RIIH DASO,D/A PEJABAT PENDIDIKAN DAERAH SERIAN, BATU 1, JALAN SERIAN/SRI AMAN,1.141827,110.522472,"['PPD SERIAN', 'RENDAH']",could not convert string to float: 'JALAN SERIAN/SRI AMAN'
YBB8239,SEKOLAH KEBANGSAAN MAWANG TAUP,D/A PEJABAT PENDIDIKAN DAERAH SERIAN, BATU 1, JALAN SERIAN/SRI AMAN,1.1,110.5,"['PPD SERIAN', 'RENDAH']",could not convert string to float: 'JALAN SERIAN/SRI AMAN'
YBB8240,SEKOLAH KEBANGSAAN KRANGAN,D/A PEJABAT PENDIDIKAN DAERAH SERIAN, BATU 1, JALAN SERIAN/SRI AMAN,1.05,110.77,"['PPD SERIAN', 'RENDAH']",could not convert string to float: 'JALAN SERIAN/SRI AMAN'
YBB8241,SEKOLAH KEBANGSAAN ENTAYAN,D/A PEJABAT PENDIDIKAN DAERAH SERIAN, BATU 1, JALAN SERIAN/SRI AMAN,1.07219,110.687622,"['PPD SERIAN', 'RENDAH']",could not convert string to float: 'JALAN SERIAN/SRI AMAN'
YBB8242,SEKOLAH KEBANGSAAN MERBAU,D/A PEJABAT PENDIDIKAN DAERAH SERIAN, BATU 1, JALAN SERIAN/SRI AMAN,1.00495,110.657809,"['PPD SERIAN', 'RENDAH']",could not convert string to float: 'JALAN SERIAN/SRI AMAN'
YBB8243,SEKOLAH KEBANGSAAN KRAIT,KAMPUNG KRAIT, JALAN BATANG KEDUP,1.060174,110.561954,PPD SERIAN,['RENDAH'],could not convert string to float: 'JALAN BATANG KEDUP'
YBB8244,SEKOLAH KEBANGSAAN MERAKAI,D/A PEJABAT PENDIDIKAN DAERAH SERIAN, BATU 1, JALAN SERIAN/SRI AMAN,1.17,110.65,"['PPD SERIAN', 'RENDAH']",could not convert string to float: 'JALAN SERIAN/SRI AMAN'
YBB8245,SEKOLAH KEBANGSAAN SEMADA,D/A PEJABAT PENDIDIKAN DAERAH SERIAN, BATU 1, JALAN SERIAN/SRI AMAN,1.08188,110.842198,"['PPD SERIAN', 'RENDAH']",could not convert string to float: 'JALAN SERIAN/SRI AMAN'
YBB8246,SEKOLAH KEBANGSAAN KUJANG SAIN,D/A PEJABAT PENDIDIKAN DAERAH SERIAN, BATU 1, JALAN SERIAN/SRI AMAN,0.95,110.43,"['PPD SERIAN', 'RENDAH']",could not convert string to float: 'JALAN SERIAN/SRI AMAN'
YBB8247,SEKOLAH KEBANGSAAN SUNGAN,D/A PEJABAT PENDIDIKAN DAERAH SERIAN, BATU 1, JALAN SERIAN/SRI AMAN,1.086723,110.385561,"['PPD SERIAN', 'RENDAH']",could not convert string to float: 'JALAN SERIAN/SRI AMAN'
YBB8249,SEKOLAH KEBANGSAAN KUJANG MAWANG,D/A PEJABAT PENDIDIKAN DAERAH SERIAN, BATU 1, JALAN SERIAN/SRI AMAN,0.988763,110.557791,"['PPD SERIAN', 'RENDAH']",could not convert string to float: 'JALAN SERIAN/SRI AMAN'
YBB8251,SEKOLAH KEBANGSAAN PANGKALAN SORAH,KAMPUNG SORAH MELAYU, JALAN SERIAN-TEBEDU,1.008802,110.354404,PPD SERIAN,['RENDAH'],could not convert string to float: 'JALAN SERIAN-TEBEDU'
YBB8252,SEKOLAH KEBANGSAAN LUBOK ANTU REBAN,D/A PEJABAT PENDIDIKAN DAERAH SERIAN, BATU 1, JALAN SERIAN/SRI AMAN,1.345913,110.533981,"['PPD SERIAN', 'RENDAH']",could not convert string to float: 'JALAN SERIAN/SRI AMAN'
YBB8253,SEKOLAH KEBANGSAAN SUMPAS,D/A PEJABAT PENDIDIKAN DAERAH SERIAN, BATU 1, JALAN SERIAN/SRI AMAN,1.03253,110.647259,"['PPD SERIAN', 'RENDAH']",could not convert string to float: 'JALAN SERIAN/SRI AMAN'
YBB8254,SEKOLAH KEBANGSAAN ENTUBUH,D/A PEJABAT PENDIDIKAN DAERAH SERIAN, BATU 1, JALAN SERIAN/SRI AMAN,1.01644,110.362644,"['PPD SERIAN', 'RENDAH']",could not convert string to float: 'JALAN SERIAN/SRI AMAN'
YBB8255,SEKOLAH KEBANGSAAN PRIDAN,D/A PEJABAT PENDIDIKAN DAERAH SERIAN, BATU 1, JALAN SERIAN/SRI AMAN,1.024442,110.561192,"['PPD SERIAN', 'RENDAH']",could not convert string to float: 'JALAN SERIAN/SRI AMAN'
YBB8256,SEKOLAH KEBANGSAAN MENTU TAPU,D/A PEJABAT PENDIDIKAN DAERAH SERIAN, BATU 1, JALAN SERIAN/SRI AMAN,0.937036,110.581014,"['PPD SERIAN', 'RENDAH']",could not convert string to float: 'JALAN SERIAN/SRI AMAN'
YBB8257,SEKOLAH KEBANGSAAN PLAMAN BAKI / MENAUL,D/A PEJABAT PENDIDIKAN DAERAH SERIAN, BATU 1, JALAN SERIAN/SRI AMAN,1.260617,110.52362,"['PPD SERIAN', 'RENDAH']",could not convert string to float: 'JALAN SERIAN/SRI AMAN'
YBB8311,SEKOLAH KEBANGSAAN SUNGAI BULU/SENANGEH,PPD SAMARAHAN,JLN DATO MOHD.MUSA,1.4537555,110.6866433,PPD SAMARAHAN,['RENDAH'],could not convert string to float: 'JLN DATO MOHD.MUSA'
YBB8316,SEKOLAH KEBANGSAAN TERASI,D/A PEJABAT PENDIDIKAN DAERAH SAMARAHAN, JALAN DATO MOHD MUSA,1.45,110.45,PPD SAMARAHAN,['RENDAH'],could not convert string to float: 'JALAN DATO MOHD MUSA'
YBB9101,SEKOLAH KEBANGSAAN LABANG,D/A PEJABAT PENDIDIKAN DAERAH SEBAUH, KM 1, JALAN SEBAUH/BINTULU,3.258583333,113.4908333,"['PPD TATAU/SEBAUH', 'RENDAH']",could not convert string to float: 'JALAN SEBAUH/BINTULU'
YBB9102,SEKOLAH KEBANGSAAN KUALA BINYO,D/A PEJABAT PENDIDIKAN DAERAH SEBAUH, KM 1, JALAN SEBAUH/BINTULU,3.025983333,113.4583333,"['PPD TATAU/SEBAUH', 'RENDAH']",could not convert string to float: 'JALAN SEBAUH/BINTULU'
YBB9104,SEKOLAH KEBANGSAAN SG SEBUNGAN,D/A PEJABAT PENDIDIKAN DAERAH SEBAUH, KM 1, JALAN SEBAUH/BINTULU,3.200733333,113.3569333,"['PPD TATAU/SEBAUH', 'RENDAH']",could not convert string to float: 'JALAN SEBAUH/BINTULU'
YBB9105,SEKOLAH KEBANGSAAN SG GENAAN,D/A PEJABAT PENDIDIKAN DAERAH SEBAUH, KM 1, JALAN SEBAUH/BINTULU,3.024483333,113.3757667,"['PPD TATAU/SEBAUH', 'RENDAH']",could not convert string to float: 'JALAN SEBAUH/BINTULU'
YBB9106,SEKOLAH KEBANGSAAN SG. SENGIAN LABANG,D/A PEJABAT PENDIDIKAN DAERAH SEBAUH, KM 1, JALAN SEBAUH/BINTULU,3.396963,113.505816,"['PPD TATAU/SEBAUH', 'RENDAH']",could not convert string to float: 'JALAN SEBAUH/BINTULU'
YBB9107,SEKOLAH KEBANGSAAN HERMANUS ASSAN,D/A PEJABAT PENDIDIKAN DAERAH SEBAUH, KM 1, JALAN SEBAUH/BINTULU,3.041566667,113.2248167,"['PPD TATAU/SEBAUH', 'RENDAH']",could not convert string to float: 'JALAN SEBAUH/BINTULU'
YBB9108,SEKOLAH KEBANGSAAN KUALA KEBULU,D/A PEJABAT PENDIDIKAN DAERAH SEBAUH, KM 1, JALAN SEBAUH/BINTULU,3.244083333,113.7972667,"['PPD TATAU/SEBAUH', 'RENDAH']",could not convert string to float: 'JALAN SEBAUH/BINTULU'
YBB9109,SEKOLAH KEBANGSAAN SG SILAS,D/A PEJABAT PENDIDIKAN DAERAH BINTULU, KM. 5, JALAN SULTAN ISKANDAR,3.087616667,113.1352167,"['PPD BINTULU', 'RENDAH']",could not convert string to float: 'JALAN SULTAN ISKANDAR'
YBB9110,SEKOLAH KEBANGSAAN SG. TISANG,D/A PEJABAT PENDIDIKAN DAERAH BINTULU, KM. 5, JALAN SULTAN ISKANDAR,3.203066667,113.12945,"['PPD BINTULU', 'RENDAH']",could not convert string to float: 'JALAN SULTAN ISKANDAR'
YBB9111,SEKOLAH KEBANGSAAN SG KEM BATU 18,D/A PEJABAT PENDIDIKAN DAERAH BINTULU, KM. 5, JALAN SULTAN ISKANDAR,3.238866667,113.25415,"['PPD BINTULU', 'RENDAH']",could not convert string to float: 'JALAN SULTAN ISKANDAR'
YBB9112,SEKOLAH KEBANGSAAN SG SELAD,KM35, Jalan Bintulu- Kuala Tatau,3.128083333,112.9565,PPD BINTULU,['RENDAH'],could not convert string to float: 'Jalan Bintulu- Kuala Tatau'
YBB9113,SEKOLAH KEBANGSAAN ULU SEGAN,D/A PEJABAT PENDIDIKAN DAERAH BINTULU, KM. 5, JALAN SULTAN ISKANDAR,3.0898,113.0631667,"['PPD BINTULU', 'RENDAH']",could not convert string to float: 'JALAN SULTAN ISKANDAR'
YBB9114,SEKOLAH KEBANGSAAN KUALA SIGU,D/A PEJABAT PENDIDIKAN DAERAH SEBAUH, KM 1, JALAN SEBAUH/BINTULU,3.008933333,113.5548167,"['PPD TATAU/SEBAUH', 'RENDAH']",could not convert string to float: 'JALAN SEBAUH/BINTULU'
YBB9201,SEKOLAH KEBANGSAAN RH TAYAI,D/A PEJABAT PENDIDIKAN DAERAH TATAU, JALAN KAMPUNG DAGANG,2.848066667,112.9873667,PPD TATAU/SEBAUH,['RENDAH'],could not convert string to float: 'JALAN KAMPUNG DAGANG'
YBB9202,SEKOLAH KEBANGSAAN KUALA SERUPAI,D/A PEJABAT PENDIDIKAN DAERAH TATAU, JALAN KAMPUNG DAGANG,2.731233333,113.0851,PPD TATAU/SEBAUH,['RENDAH'],could not convert string to float: 'JALAN KAMPUNG DAGANG'
YBB9203,SEKOLAH KEBANGSAAN RUMAH KESENG,D/A PEJABAT PENDIDIKAN DAERAH TATAU, JALAN KAMPUNG DAGANG,2.734911,113.077812,PPD TATAU/SEBAUH,['RENDAH'],could not convert string to float: 'JALAN KAMPUNG DAGANG'
YBB9204,SEKOLAH KEBANGSAAN RUMAH BARRAU,D/A PEJABAT PENDIDIKAN DAERAH TATAU, JALAN KAMPUNG DAGANG,2.725983333,112.9665,PPD TATAU/SEBAUH,['RENDAH'],could not convert string to float: 'JALAN KAMPUNG DAGANG'
YBB9205,SEKOLAH KEBANGSAAN SANGAN IBAN,D/A PEJABAT PENDIDIKAN DAERAH TATAU, JALAN KAMPUNG DAGANG,2.76515,112.9762333,PPD TATAU/SEBAUH,['RENDAH'],could not convert string to float: 'JALAN KAMPUNG DAGANG'
YBB9206,SEKOLAH KEBANGSAAN KUALA ANNAU,KUALA ANNAU, SUNGAI ANAP,2.9349,112.8294833,PPD TATAU/SEBAUH,['RENDAH'],could not convert string to float: 'SUNGAI ANAP'
YBB9207,SEKOLAH KEBANGSAAN KUALA MUPUT,D/A PEJABAT PENDIDIKAN DAERAH TATAU, JALAN KAMPUNG DAGANG,2.6208,112.9704,PPD TATAU/SEBAUH,['RENDAH'],could not convert string to float: 'JALAN KAMPUNG DAGANG'
YBB9208,SEKOLAH KEBANGSAAN SG SETIAM,D/A PEJABAT PENDIDIKAN DAERAH BINTULU, KM. 5, JALAN SULTAN ISKANDAR,3.104483333,112.9252833,"['PPD BINTULU', 'RENDAH']",could not convert string to float: 'JALAN SULTAN ISKANDAR'
YBB9209,SEKOLAH KEBANGSAAN SG. BAGIAN,D/A PEJABAT PENDIDIKAN DAERAH TATAU, JALAN KAMPUNG DAGANG,2.848116667,112.9410167,PPD TATAU/SEBAUH,['RENDAH'],could not convert string to float: 'JALAN KAMPUNG DAGANG'
YBB9210,SEKOLAH KEBANGSAAN NG TAU,D/A PEJABAT PENDIDIKAN DAERAH TATAU, JALAN KAMPUNG DAGANG,2.544533333,113.0334667,PPD TATAU/SEBAUH,['RENDAH'],could not convert string to float: 'JALAN KAMPUNG DAGANG'
YBB9211,SEKOLAH KEBANGSAAN SG. SETULAN,D/A PEJABAT PENDIDIKAN DAERAH BINTULU, KM. 5, JALAN SULTAN ISKANDAR,3.09505,112.8659667,"['PPD BINTULU', 'RENDAH']",could not convert string to float: 'JALAN SULTAN ISKANDAR'
YBC1201,SEKOLAH JENIS KEBANGSAAN (CINA) SG APONG,D/A PEJABAT PENDIDIKAN DAERAH KUCHING, JALAN DIPLOMATIK OFF JALAN BAKO PETRA JAYA,1.5444,110.3827,PPD KUCHING,['RENDAH'],could not convert string to float: 'JALAN DIPLOMATIK OFF JALAN BAKO PETRA JAYA'
YBC1202,SEKOLAH JENIS KEBANGSAAN (CINA) BINTAWA,D/A PEJABAT PENDIDIKAN DAERAH KUCHING, JALAN DIPLOMATIK OFF JALAN BAKO PETRA JAYA,1.570366667,110.3827167,PPD KUCHING,['RENDAH'],could not convert string to float: 'JALAN DIPLOMATIK OFF JALAN BAKO PETRA JAYA'
YBC1302,SEKOLAH JENIS KEBANGSAAN (CINA) STAMPIN,D/A PEJABAT PENDIDIKAN DAERAH KUCHING, JALAN DIPLOMATIK OFF JALAN BAKO PETRA JAYA,1.5129,110.3530333,PPD KUCHING,['RENDAH'],could not convert string to float: 'JALAN DIPLOMATIK OFF JALAN BAKO PETRA JAYA'
YBC1303,SEKOLAH JENIS KEBANGSAAN (CINA) SG TENGAH,D/A PEJABAT PENDIDIKAN DAERAH PADAWAN, LORONG 17, OFF JALAN KAPOR, SUNGAI MAONG HILIR,1.490754,"['110.337056', 'PPD PADAWAN', 'RENDAH']",could not convert string to float: 'OFF JALAN KAPOR'
YBC1304,SEKOLAH JENIS KEBANGSAAN (CINA) BERATOK,BATU21, JALAN KUCHING/SERIAN,1.311859,110.40773,PPD PADAWAN,['RENDAH'],could not convert string to float: 'JALAN KUCHING/SERIAN'
YBC1305,SEKOLAH JENIS KEBANGSAAN (CINA) TAPAH,D/A PEJABAT PENDIDIKAN DAERAH PADAWAN, LORONG 17, OFF JALAN KAPOR, SUNGAI MAONG HILIR,1.296596,"['110.412415', 'PPD PADAWAN', 'RENDAH']",could not convert string to float: 'OFF JALAN KAPOR'
YBC3101,SEKOLAH JENIS KEBANGSAAN (CINA) TAMAN RAJANG,D/A PEJABAT PENDIDIKAN DAERAH SIBU, TINGKAT 6, WISMA PERSEKUTUAN, BLOK 3, LOT 462,"[' BROOKE DRIVE', '2.30885', '111.83715', 'PPD SIBU', 'RENDAH']",could not convert string to float: 'WISMA PERSEKUTUAN'
YBC3201,SEKOLAH JENIS KEBANGSAAN (CINA) SANG MING,D/A PEJABAT PENDIDIKAN DAERAH SIBU, TINGKAT 6, WISMA PERSEKUTUAN, BLOK 3, LOT 462,"[' BROOKE DRIVE', '2.2860028', '112', 'PPD SIBU', 'RENDAH']",could not convert string to float: 'WISMA PERSEKUTUAN'
YBC4101,SEKOLAH JENIS KEBANGSAAN (CINA) NORTH,D/A PEJABAT PENDIDIKAN DAERAH MIRI, TINGKAT 2, WISMA PERSEKUTUAN, JALAN KIPAS,4.39545,"['113.9922', 'PPD MIRI', 'RENDAH']",could not convert string to float: 'WISMA PERSEKUTUAN'
YBC4103,SEKOLAH JENIS KEBANGSAAN (CINA) TUKAU,D/A PEJABAT PENDIDIKAN DAERAH MIRI, TINGKAT 2, WISMA PERSEKUTUAN, JALAN KIPAS,4.302616667,"['113.9579667', 'PPD MIRI', 'RENDAH']",could not convert string to float: 'WISMA PERSEKUTUAN'
YBC4303,SEKOLAH JENIS KEBANGSAAN (CINA) HUA KWONG,D/A PEJABAT PENDIDIKAN DAERAH MIRI, TINGKAT 2, WISMA PERSEKUTUAN, JALAN KIPAS,3.9755333,"['114.1030222', 'PPD MIRI', 'RENDAH']",could not convert string to float: 'WISMA PERSEKUTUAN'
YBC6101,SEKOLAH JENIS KEBANGSAAN (CINA) CHUNG HIEN,D/A PEJABAT PENDIDIKAN DAERAH SARIKEI, TINGKAT 1, WISMA PERSEKUTUAN, JALAN BANGUNAN KERAJAAN,2.00225,"['111.50655', 'PPD SARIKEI', 'RENDAH']",could not convert string to float: 'WISMA PERSEKUTUAN'
YBC6102,SEKOLAH JENIS KEBANGSAAN (CINA) TIONG HO,D/A PEJABAT PENDIDIKAN DAERAH SARIKEI, TINGKAT 1, WISMA PERSEKUTUAN, JALAN BANGUNAN KERAJAAN,2.0353222,"['111.5113528', 'PPD SARIKEI', 'RENDAH']",could not convert string to float: 'WISMA PERSEKUTUAN'
YBC6103,SEKOLAH JENIS KEBANGSAAN (CINA) SZE LU,D/A PEJABAT PENDIDIKAN DAERAH SARIKEI, TINGKAT 1, WISMA PERSEKUTUAN, JALAN BANGUNAN KERAJAAN,2.06,"['111.51', 'PPD SARIKEI', 'RENDAH']",could not convert string to float: 'WISMA PERSEKUTUAN'
YBC6104,SEKOLAH JENIS KEBANGSAAN (CINA) MINAR,D/A PEJABAT PENDIDIKAN DAERAH SARIKEI, TINGKAT 1, WISMA PERSEKUTUAN, JALAN BANGUNAN KERAJAAN,2.06265,"['111.5625167', 'PPD SARIKEI', 'RENDAH']",could not convert string to float: 'WISMA PERSEKUTUAN'
YBC6105,SEKOLAH JENIS KEBANGSAAN (CINA) NAM KIEW,D/A PEJABAT PENDIDIKAN DAERAH SARIKEI, TINGKAT 1, WISMA PERSEKUTUAN, JALAN BANGUNAN KERAJAAN,2.03515,"['111.6052833', 'PPD SARIKEI', 'RENDAH']",could not convert string to float: 'WISMA PERSEKUTUAN'
YBC6106,SEKOLAH JENIS KEBANGSAAN (CINA) SU LOK,D/A PEJABAT PENDIDIKAN DAERAH SARIKEI, TINGKAT 1, WISMA PERSEKUTUAN, JALAN BANGUNAN KERAJAAN,2.098716667,"['111.5037', 'PPD SARIKEI', 'RENDAH']",could not convert string to float: 'WISMA PERSEKUTUAN'
YBC6107,SEKOLAH JENIS KEBANGSAAN (CINA) KIEW MANG,D/A PEJABAT PENDIDIKAN DAERAH SARIKEI, TINGKAT 1, WISMA PERSEKUTUAN, JALAN BANGUNAN KERAJAAN,2.03038,"['111.486631', 'PPD SARIKEI', 'RENDAH']",could not convert string to float: 'WISMA PERSEKUTUAN'
YBC6108,SEKOLAH JENIS KEBANGSAAN (CINA) HUA KEE,D/A PEJABAT PENDIDIKAN DAERAH SARIKEI, TINGKAT 1, WISMA PERSEKUTUAN, JALAN BANGUNAN KERAJAAN,2.0140333,"['111.5871833', 'PPD SARIKEI', 'RENDAH']",could not convert string to float: 'WISMA PERSEKUTUAN'
YBC6109,SEKOLAH JENIS KEBANGSAAN (CINA) HUA NAM,D/A PEJABAT PENDIDIKAN DAERAH SARIKEI, TINGKAT 1, WISMA PERSEKUTUAN, JALAN BANGUNAN KERAJAAN,2.11083,"['111.561851', 'PPD SARIKEI', 'RENDAH']",could not convert string to float: 'WISMA PERSEKUTUAN'
YBC8201,SEKOLAH JENIS KEBANGSAAN (CINA) SG MENYAN,D/A PEJABAT PENDIDIKAN DAERAH SERIAN, BATU 1, JALAN SERIAN/SRI AMAN,1.04,110.71,"['PPD SERIAN', 'RENDAH']",could not convert string to float: 'JALAN SERIAN/SRI AMAN'
YBC8202,SEKOLAH JENIS KEBANGSAAN (CINA) PANGKALAN BEDUP,BATU 7, JALAN SERIAN/SRI AMAN,1.011033,110.352859,PPD SERIAN,['RENDAH'],could not convert string to float: 'JALAN SERIAN/SRI AMAN'
YBC9101,SEKOLAH JENIS KEBANGSAAN (CINA) SEBIEW CHINESE,D/A PEJABAT PENDIDIKAN DAERAH BINTULU, KM. 5, JALAN SULTAN ISKANDAR,3.199267,113.084167,"['PPD BINTULU', 'RENDAH']",could not convert string to float: 'JALAN SULTAN ISKANDAR'
YBC9102,SEKOLAH JENIS KEBANGSAAN (CINA) KAI MING,KM 12, JALAN BINTULU TATAU,3.16874,113.095423,PPD BINTULU,['RENDAH'],could not convert string to float: 'JALAN BINTULU TATAU'
YBE1202,SEKOLAH KEBANGSAAN LUMBA KUDA,D/A PEJABAT PENDIDIKAN DAERAH KUCHING, JALAN DIPLOMATIK OFF JALAN BAKO PETRA JAYA,1.548567,110.3612,PPD KUCHING,['RENDAH'],could not convert string to float: 'JALAN DIPLOMATIK OFF JALAN BAKO PETRA JAYA'
YBE1203,SEKOLAH KEBANGSAAN COMBINED,D/A PEJABAT PENDIDIKAN DAERAH KUCHING, JALAN DIPLOMATIK OFF JALAN BAKO PETRA JAYA,1.5484,110.3239,PPD KUCHING,['RENDAH'],could not convert string to float: 'JALAN DIPLOMATIK OFF JALAN BAKO PETRA JAYA'
YBE1301,SEKOLAH KEBANGSAAN BUNTAL,D/A PEJABAT PENDIDIKAN DAERAH KUCHING, JALAN DIPLOMATIK OFF JALAN BAKO PETRA JAYA,1.700131,110.37072,PPD KUCHING,['RENDAH'],could not convert string to float: 'JALAN DIPLOMATIK OFF JALAN BAKO PETRA JAYA'
YBE1308,SEKOLAH KEBANGSAAN LANDEH,KAMPUNG LANDEH, JALAN LANDEH, KOTA PADAWAN,1.421747,110.32449,"['PPD PADAWAN', 'RENDAH']",could not convert string to float: 'KOTA PADAWAN'
YBE1321,SEKOLAH KEBANGSAAN STAPOK,D/A PEJABAT PENDIDIKAN DAERAH PADAWAN, LORONG 17, OFF JALAN KAPOR, SUNGAI MAONG HILIR,1.51285,"['110.289483', 'PPD PADAWAN', 'RENDAH']",could not convert string to float: 'OFF JALAN KAPOR'
YBE1324,SEKOLAH KEBANGSAAN KPG SENARI,D/A PEJABAT PENDIDIKAN DAERAH KUCHING, JALAN DIPLOMATIK OFF JALAN BAKO PETRA JAYA,1.621283333,110.4497833,PPD KUCHING,['RENDAH'],could not convert string to float: 'JALAN DIPLOMATIK OFF JALAN BAKO PETRA JAYA'
YBE1327,SEKOLAH KEBANGSAAN BELIONG,D/A PEJABAT PENDIDIKAN DAERAH SAMARAHAN, JALAN DATO MOHD. MUSA,1.57,110.5,PPD SAMARAHAN,['RENDAH'],could not convert string to float: 'JALAN DATO MOHD. MUSA'
YBE1341,SEKOLAH KEBANGSAAN BINYU,D/A PEJABAT PENDIDIKAN DAERAH PADAWAN, LORONG 17, OFF JALAN KAPOR, SUNGAI MAONG HILIR,1.502961,"['110.423396', 'PPD PADAWAN', 'RENDAH']",could not convert string to float: 'OFF JALAN KAPOR'
YBE1342,SEKOLAH KEBANGSAAN JALAN HAJI BAKI,D/A PEJABAT PENDIDIKAN DAERAH PADAWAN, LORONG 17, OFF JALAN KAPOR, SUNGAI MAONG HILIR,1.47425,"['110.322717', 'PPD PADAWAN', 'RENDAH']",could not convert string to float: 'OFF JALAN KAPOR'
YBE1345,SEKOLAH KEBANGSAAN MATU BARU,D/A PEJABAT PENDIDIKAN DAERAH KUCHING, JALAN DIPLOMATIK OFF JALAN BAKO PETRA JAYA,1.55995,110.3778167,PPD KUCHING,['RENDAH'],could not convert string to float: 'JALAN DIPLOMATIK OFF JALAN BAKO PETRA JAYA'
YBE3102,SEKOLAH KEBANGSAAN SIBU BANDARAN NO 3,D/A PEJABAT PENDIDIKAN DAERAH SIBU, TINGKAT 6, WISMA PERSEKUTUAN, BLOK 3, LOT 462,"[' BROOKE DRIVE', '2.3135', '111.8245667', 'PPD SIBU', 'RENDAH']",could not convert string to float: 'WISMA PERSEKUTUAN'
YBE3201,SEKOLAH KEBANGSAAN SG MENYAN,D/A PEJABAT PENDIDIKAN DAERAH SIBU, TINGKAT 6, WISMA PERSEKUTUAN, BLOK 3, LOT 462,"[' BROOKE DRIVE', '2.165203', '112.049873', 'PPD SIBU', 'RENDAH']",could not convert string to float: 'WISMA PERSEKUTUAN'
YBE3203,SEKOLAH KEBANGSAAN BATU 15,D/A PEJABAT PENDIDIKAN DAERAH SIBU, TINGKAT 6, WISMA PERSEKUTUAN, BLOK 3, LOT 462,"[' BROOKE DRIVE', '2.285376', '111.990017', 'PPD SIBU', 'RENDAH']",could not convert string to float: 'WISMA PERSEKUTUAN'
YBE3402,SEKOLAH KEBANGSAAN KG TELLIAN,D/A PEJABAT PENDIDIKAN DAERAH MUKAH, JALAN HAJI MOHAMAD FAUZI,PPD MUKAH,RENDAH,,,could not convert string to float: 'PPD MUKAH'
YBE3404,SEKOLAH KEBANGSAAN BUKIT INKERBAI,D/A PEJABAT PENDIDIKAN DAERAH MUKAH, JALAN HAJI MOHD. FAUZI,2.596399,112.291104,PPD MUKAH,['RENDAH'],could not convert string to float: 'JALAN HAJI MOHD. FAUZI'
YBE3405,SEKOLAH KEBANGSAAN KAMPUNG TEH,D/A PEJABAT PENDIDIKAN DAERAH MUKAH, JALAN HAJI MOHAMAD FAUZI,2.864358,112.158877,PPD MUKAH,['RENDAH'],could not convert string to float: 'JALAN HAJI MOHAMAD FAUZI'
YBE3408,SEKOLAH KEBANGSAAN NANGA SELANGAU,D/A PEJABAT PENDIDIKAN DAERAH SELANGAU, LOT 363, BLOK 15, NEW TOWNSHIP, SELANGAU,"['2.507816667', '112.3255667', 'PPD SELANGAU', 'RENDAH']",could not convert string to float: 'BLOK 15'
YBE3409,SEKOLAH KEBANGSAAN KG SEBERANG,D/A PEJABAT PENDIDIKAN DAERAH MUKAH, JALAN HAJI MOHAMAD FAUZI,2.909783,112.109476,PPD MUKAH,['RENDAH'],could not convert string to float: 'JALAN HAJI MOHAMAD FAUZI'
YBE3410,SEKOLAH KEBANGSAAN SG PENIPAH,D/A PEJABAT PENDIDIKAN DAERAH MUKAH, JALAN HAJI MOHAMAD FAUZI,2.943786,112.224078,PPD MUKAH,['RENDAH'],could not convert string to float: 'JALAN HAJI MOHAMAD FAUZI'
YBE3411,SEKOLAH KEBANGSAAN PARISH,D/A PEJABAT PENDIDIKAN DAERAH MUKAH, JALAN HAJI MOHAMAD FAUZI,2.928186,112.543082,PPD MUKAH,['RENDAH'],could not convert string to float: 'JALAN HAJI MOHAMAD FAUZI'
YBE3412,SEKOLAH KEBANGSAAN KUALA LEMAI,D/A PEJABAT PENDIDIKAN DAERAH SELANGAU, LOT 363, BLOK 15, NEW TOWNSHIP, SELANGAU,"['2.684531', '112.50442', 'PPD SELANGAU', 'RENDAH']",could not convert string to float: 'BLOK 15'
YBE3413,SEKOLAH KEBANGSAAN IBAN UNION,D/A PEJABAT PENDIDIKAN DAERAH SELANGAU, LOT 363, BLOK 15, NEW TOWNSHIP, SELANGAU,"['2.68', '112.5', 'PPD SELANGAU', 'RENDAH']",could not convert string to float: 'BLOK 15'
YBE3414,SEKOLAH KEBANGSAAN ULU SG ARIP,D/A PEJABAT PENDIDIKAN DAERAH SELANGAU, LOT 363, BLOK 15, NEW TOWNSHIP, SELANGAU,"['2.715', '112.7069167', 'PPD SELANGAU', 'RENDAH']",could not convert string to float: 'BLOK 15'
YBE3415,SEKOLAH KEBANGSAAN SLDB NO. 1,D/A PEJABAT PENDIDIKAN DAERAH MUKAH, JALAN HAJI MOHAMAD FAUZI,2.624455,112.322,PPD MUKAH,['RENDAH'],could not convert string to float: 'JALAN HAJI MOHAMAD FAUZI'
YBE4104,SEKOLAH KEBANGSAAN SAYED OTHMAN,D/A PEJABAT PENDIDIKAN DAERAH MIRI, TINGKAT 2, WISMA PERSEKUTUAN, JALAN KIPAS,4.402283333,"['113.9909', 'PPD MIRI', 'RENDAH']",could not convert string to float: 'WISMA PERSEKUTUAN'
YBE4105,SEKOLAH KEBANGSAAN LUTONG,D/A PEJABAT PENDIDIKAN DAERAH MIRI, TINGKAT 2, WISMA PERSEKUTUAN, JALAN KIPAS,4.468833333,"['114.0044833', 'PPD MIRI', 'RENDAH']",could not convert string to float: 'WISMA PERSEKUTUAN'
YBE4107,SEKOLAH KEBANGSAAN LAMBIR VILLAGE,D/A PEJABAT PENDIDIKAN DAERAH MIRI, TINGKAT 2, WISMA PERSEKUTUAN, JALAN KIPAS,4.302966667,"['114.025', 'PPD MIRI', 'RENDAH']",could not convert string to float: 'WISMA PERSEKUTUAN'
YBE4301,SEKOLAH KEBANGSAAN DATO SHARIF HAMID,D/A PEJABAT PENDIDIKAN DAERAH BARAM, JALAN KAMPUNG NARUM,4.177832,114.314834,PPD BARAM,['RENDAH'],could not convert string to float: 'JALAN KAMPUNG NARUM'
YBE5203,SEKOLAH KEBANGSAAN PUSAT LAWAS,D/A PEJABAT PENDIDIKAN DAERAH LAWAS, TINGKAT BAWAH, WISMA PERSEKUTUAN,4.8579,115.40005,"['PPD LAWAS', 'RENDAH']",could not convert string to float: 'WISMA PERSEKUTUAN'
YBE5210,SEKOLAH KEBANGSAAN LADANG BARU,D/A PEJABAT PENDIDIKAN DAERAH LAWAS, TINGKAT BAWAH, WISMA PERSEKUTUAN,4.8471,115.4210667,"['PPD LAWAS', 'RENDAH']",could not convert string to float: 'WISMA PERSEKUTUAN'
YBE5212,SEKOLAH KEBANGSAAN BELIPAT,D/A PEJABAT PENDIDIKAN DAERAH LAWAS, TINGKAT BAWAH, WISMA PERSEKUTUAN,4.874433333,115.3793333,"['PPD LAWAS', 'RENDAH']",could not convert string to float: 'WISMA PERSEKUTUAN'
YBE6301,SEKOLAH KEBANGSAAN ABANG AMIN,D/A PEJABAT PENDIDIKAN DAERAH MERADONG, JALAN BERJAYA,2.1666667,111.6666667,PPD MARADONG,['RENDAH'],could not convert string to float: 'JALAN BERJAYA'
YBE8107,SEKOLAH KEBANGSAAN REBAK,D/A PEJABAT PENDIDIKAN DAERAH SAMARAHAN, JALAN DATO MOHD MUSA,1.578714,110.592378,PPD SAMARAHAN,['RENDAH'],could not convert string to float: 'JALAN DATO MOHD MUSA'
YBE8108,SEKOLAH KEBANGSAAN ASAJAYA LAUT,D/A PEJABAT PENDIDIKAN DAERAH SAMARAHAN, JALAN DATO MOHD MUSA,1.57,110.62,PPD SAMARAHAN,['RENDAH'],could not convert string to float: 'JALAN DATO MOHD MUSA'
YBE8109,SEKOLAH KEBANGSAAN ASAJAYA ULU,D/A PEJABAT PENDIDIKAN DAERAH SAMARAHAN, JALAN DATO MOHD MUSA,1.54,110.61,PPD SAMARAHAN,['RENDAH'],could not convert string to float: 'JALAN DATO MOHD MUSA'
YBE8201,SEKOLAH KEBANGSAAN SERIAN,D/A PEJABAT PENDIDIKAN DAERAH SERIAN, BATU 1, JALAN SERIAN/SRI AMAN,1.15175,110.5792833,"['PPD SERIAN', 'RENDAH']",could not convert string to float: 'JALAN SERIAN/SRI AMAN'
YBE8303,SEKOLAH KEBANGSAAN HAJI BUJANG RANGAWAN PUTIN,D/A PEJABAT PENDIDIKAN DAERAH SAMARAHAN, JALAN DATO MOHD MUSA,1.48,110.73,PPD SAMARAHAN,['RENDAH'],could not convert string to float: 'JALAN DATO MOHD MUSA'
YBE8305,SEKOLAH KEBANGSAAN JA'IE,D/A PEJABAT PENDIDIKAN DAERAH SAMARAHAN, JALAN DATO MOHD MUSA,1.54,110.73,PPD SAMARAHAN,['RENDAH'],could not convert string to float: 'JALAN DATO MOHD MUSA'
YBE8313,SEKOLAH KEBANGSAAN PENDAM,D/A PEJABAT PENDIDIKAN DAERAH SAMARAHAN, JALAN DATO MOHD. MUSA,1.51,110.74,PPD SAMARAHAN,['RENDAH'],could not convert string to float: 'JALAN DATO MOHD. MUSA'
YBE9108,SEKOLAH KEBANGSAAN SG BUKIT BALAI,D/A PEJABAT PENDIDIKAN DAERAH SEBAUH, KM 1, JALAN SEBAUH/BINTULU,3.1624,113.7113167,"['PPD TATAU/SEBAUH', 'RENDAH']",could not convert string to float: 'JALAN SEBAUH/BINTULU'
YBE9207,SEKOLAH KEBANGSAAN TATAU,KM60, JALAN BINTULU-SIBU,2.8772,112.8506833,PPD TATAU/SEBAUH,['RENDAH'],could not convert string to float: 'JALAN BINTULU-SIBU'
YBH1202,SEKOLAH KEBANGSAAN SONG KHENG HAI,D/A PEJABAT PENDIDIKAN DAERAH KUCHING, JALAN DIPLOMATIK OFF JALAN BAKO PETRA JAYA ,1.555233,110.354633,PPD KUCHING,['RENDAH'],could not convert string to float: 'JALAN DIPLOMATIK OFF JALAN BAKO PETRA JAYA'
YBH3101,SEKOLAH KEBANGSAAN SIBU BANDARAN NO 2,D/A PEJABAT PENDIDIKAN DAERAH SIBU, TINGKAT 6, WISMA PERSEKUTUAN, BLOK 3, LOT 462,"[' BROOKE DRIVE', '2.27495', '111.84395', 'PPD SIBU', 'RENDAH']",could not convert string to float: 'WISMA PERSEKUTUAN'
YBH3102,SEKOLAH KEBANGSAAN PERBANDARAN SIBU NO. 4,D/A PEJABAT PENDIDIKAN DAERAH SIBU, TINGKAT 6, WISMA PERSEKUTUAN, BLOK 3, LOT 462,"[' BROOKE DRIVE', '2.299883', '111.839833', 'PPD SIBU', 'RENDAH']",could not convert string to float: 'WISMA PERSEKUTUAN'
YCA1201,SEKOLAH KEBANGSAAN RAKYAT,D/A PEJABAT PENDIDIKAN DAERAH KUCHING, JALAN DIPLOMATIK OFF JALAN BAKO PETRA JAYA,1.561133333,110.3321167,PPD KUCHING,['RENDAH'],could not convert string to float: 'JALAN DIPLOMATIK OFF JALAN BAKO PETRA JAYA'
YCA1301,SEKOLAH KEBANGSAAN RAKYAT TUPONG,KAMPUNG TUPONG TENGAH, JALAN MERDEKA,1.5723,110.3329,PPD KUCHING,['RENDAH'],could not convert string to float: 'JALAN MERDEKA'
YCA2101,SEKOLAH KEBANGSAAN AGAMA SRI AMAN,D/A PEJABAT PENDIDIKAN DAERAH SRI AMAN, TINGKAT 2, WISMA PERSEKUTUAN, JALAN ABANG AING,1.21035,"['111.48195', 'PPD SRI AMAN', 'RENDAH']",could not convert string to float: 'WISMA PERSEKUTUAN'
YCA4101,SEKOLAH KEBANGSAAN AGAMA,D/A PEJABAT PENDIDIKAN DAERAH MIRI, TINGKAT 2, WISMA PERSEKUTUAN, JALAN KIPAS,4.414133333,"['114.01765', 'PPD MIRI', 'RENDAH']",could not convert string to float: 'WISMA PERSEKUTUAN'
YCA5201,SEKOLAH KEBANGSAAN AGAMA (MIS) LAWAS,D/A PEJABAT PENDIDIKAN DAERAH LAWAS, TINGKAT BAWAH, WISMA PERSEKUTUAN,4.87215,115.4131833,"['PPD LAWAS', 'RENDAH']",could not convert string to float: 'WISMA PERSEKUTUAN'
YCA6101,SEKOLAH KEBANGSAAN AGAMA SARIKEI,D/A PEJABAT PENDIDIKAN DAERAH SARIKEI, TINGKAT 1, WISMA PERSEKUTUAN, JALAN BANGUNAN KERAJAAN,2.129233333,"['111.50875', 'PPD SARIKEI', 'RENDAH']",could not convert string to float: 'WISMA PERSEKUTUAN'
YCA8101,SEKOLAH KEBANGSAAN (A) IBNU KHALDUN,D/A PEJABAT PENDIDIKAN DAERAH SAMARAHAN, JALAN DATO MOHD MUSA,1.4489301,110.4675579,PPD SAMARAHAN,['RENDAH'],could not convert string to float: 'JALAN DATO MOHD MUSA'
YCA9101,SEKOLAH KEBANGSAAN AGAMA (M.I.S) BINTULU,D/A PEJABAT PENDIDIKAN DAERAH BINTULU, KM. 5, JALAN SULTAN ISKANDAR,3.202017,113.05385,"['PPD BINTULU', 'RENDAH']",could not convert string to float: 'JALAN SULTAN ISKANDAR'
YCB1201,SEKOLAH KEBANGSAAN ST THOMAS,D/A PEJABAT PENDIDIKAN DAERAH KUCHING, JALAN DIPLOMATIK OFF JALAN BAKO PETRA JAYA,1.554933333,110.3465333,PPD KUCHING,['RENDAH'],could not convert string to float: 'JALAN DIPLOMATIK OFF JALAN BAKO PETRA JAYA'
YCB1202,SEKOLAH KEBANGSAAN ST MARY,D/A PEJABAT PENDIDIKAN DAERAH KUCHING, JALAN DIPLOMATIK OFF JALAN BAKO PETRA JAYA,1.555866667,110.3474333,PPD KUCHING,['RENDAH'],could not convert string to float: 'JALAN DIPLOMATIK OFF JALAN BAKO PETRA JAYA'
YCB1203,SEKOLAH KEBANGSAAN ST JOSEPH,D/A PEJABAT PENDIDIKAN DAERAH KUCHING, JALAN DIPLOMATIK OFF JALAN BAKO PETRA JAYA,1.552183333,110.3402667,PPD KUCHING,['RENDAH'],could not convert string to float: 'JALAN DIPLOMATIK OFF JALAN BAKO PETRA JAYA'
YCB1206,SEKOLAH KEBANGSAAN CATHOLIC ENGLISH,D/A PEJABAT PENDIDIKAN DAERAH KUCHING, JALAN DIPLOMATIK OFF JALAN BAKO PETRA JAYA,1.536833333,110.3382167,PPD KUCHING,['RENDAH'],could not convert string to float: 'JALAN DIPLOMATIK OFF JALAN BAKO PETRA JAYA'
YCB1207,SEKOLAH KEBANGSAAN ST ANDREW,D/A PEJABAT PENDIDIKAN DAERAH KUCHING, JALAN DIPLOMATIK OFF JALAN BAKO PETRA JAYA,1.547333333,110.3820167,PPD KUCHING,['RENDAH'],could not convert string to float: 'JALAN DIPLOMATIK OFF JALAN BAKO PETRA JAYA'
YCB1301,SEKOLAH KEBANGSAAN EMPEROH JAMBU,D/A PEJABAT PENDIDIKAN DAERAH PADAWAN, LORONG 17, OFF JALAN KAPOR, SUNGAI MAONG HILIR,1.264288,"['110.319463', 'PPD PADAWAN', 'RENDAH']",could not convert string to float: 'OFF JALAN KAPOR'
YCB1302,SEKOLAH KEBANGSAAN ST FRANCIS XAVIER SERATAU,KPG SERATAU, KM 24, JLN. KUCHING/SERIAN,1.380822,110.375161,"['PPD PADAWAN', 'RENDAH']",could not convert string to float: 'JLN. KUCHING/SERIAN'
YCB1303,SEKOLAH KEBANGSAAN ST ELIZABETH,D/A PEJABAT PENDIDIKAN DAERAH PADAWAN, LORONG 17, OFF JALAN KAPOR, SUNGAI MAONG HILIR,1.341731,"['110.396475', 'PPD PADAWAN', 'RENDAH']",could not convert string to float: 'OFF JALAN KAPOR'
YCB1304,SEKOLAH KEBANGSAAN ST PETER,D/A PEJABAT PENDIDIKAN DAERAH PADAWAN, LORONG 17, OFF JALAN KAPOR, SUNGAI MAONG HILIR,1.2739093,"['110.3625418', 'PPD PADAWAN', 'RENDAH']",could not convert string to float: 'OFF JALAN KAPOR'
YCB1305,SEKOLAH KEBANGSAAN SACRED HEART,D/A PEJABAT PENDIDIKAN DAERAH PADAWAN, LORONG 17, OFF JALAN KAPOR, SUNGAI MAONG HILIR,1.475167,"['110.297917', 'PPD PADAWAN', 'RENDAH']",could not convert string to float: 'OFF JALAN KAPOR'
YCB1306,SEKOLAH KEBANGSAAN PANGKALAN KUUD,D/A PEJABAT PENDIDIKAN DAERAH PADAWAN, LORONG 17, OFF JALAN KAPOR, SUNGAI MAONG HILIR ,1.22,"['110.38', 'PPD PADAWAN', 'RENDAH']",could not convert string to float: 'OFF JALAN KAPOR'
YCB1307,SEKOLAH KEBANGSAAN SUBANG,D/A PEJABAT PENDIDIKAN DAERAH PADAWAN, LORONG 17, OFF JALAN KAPOR, SUNGAI MAONG HILIR,1.291899,"['110.415183', 'PPD PADAWAN', 'RENDAH']",could not convert string to float: 'OFF JALAN KAPOR'
YCB1308,SEKOLAH KEBANGSAAN SIRA/KRIAN,D/A PEJABAT PENDIDIKAN DAERAH PADAWAN, LORONG 17, OFF JALAN KAPOR, SUNGAI MAONG HILIR,1.195878,"['110.406616', 'PPD PADAWAN', 'RENDAH']",could not convert string to float: 'OFF JALAN KAPOR'
YCB1309,SEKOLAH KEBANGSAAN PESANG BEGU,D/A PEJABAT PENDIDIKAN DAERAH PADAWAN, LORONG 17, OFF JALAN KAPOR, SUNGAI MAONG HILIR,1.2,"['110.35', 'PPD PADAWAN', 'RENDAH']",could not convert string to float: 'OFF JALAN KAPOR'
YCB1311,SEKOLAH KEBANGSAAN KG GAYU,D/A PEJABAT PENDIDIKAN DAERAH PADAWAN, LORONG 17, OFF JALAN KAPOR, SUNGAI MAONG HILIR,1.217243,"['110.346668', 'PPD PADAWAN', 'RENDAH']",could not convert string to float: 'OFF JALAN KAPOR'
YCB1312,SEKOLAH KEBANGSAAN ST ALBAN,D/A PEJABAT PENDIDIKAN DAERAH PADAWAN, LORONG 17, OFF JALAN KAPOR, SUNGAI MAONG HILIR,1.48095,"['110.3703833', 'PPD PADAWAN', 'RENDAH']",could not convert string to float: 'OFF JALAN KAPOR'
YCB1317,SEKOLAH KEBANGSAAN ST PHILIP,D/A PEJABAT PENDIDIKAN DAERAH PADAWAN, LORONG 17, OFF JALAN KAPOR, SUNGAI MAONG HILIR,1.162758,"['110.258386', 'PPD PADAWAN', 'RENDAH']",could not convert string to float: 'OFF JALAN KAPOR'
YCB1318,SEKOLAH KEBANGSAAN ST AUGUSTINE,D/A PEJABAT PENDIDIKAN DAERAH PADAWAN, LORONG 17, OFF JALAN KAPOR, SUNGAI MAONG HILIR,1.352062,"['110.346726', 'PPD PADAWAN', 'RENDAH']",could not convert string to float: 'OFF JALAN KAPOR'
YCB1319,SEKOLAH KEBANGSAAN GEORGE,D/A PEJABAT PENDIDIKAN DAERAH PADAWAN, LORONG 17, OFF JALAN KAPOR, SUNGAI MAONG HILIR,1.3534908,"['110.312262', 'PPD PADAWAN', 'RENDAH']",could not convert string to float: 'OFF JALAN KAPOR'
YCB1320,SEKOLAH KEBANGSAAN ST MATTHEW,D/A PEJABAT PENDIDIKAN DAERAH PADAWAN, LORONG 17, OFF JALAN KAPOR, SUNGAI MAONG HILIR,1.290052,"['110.404559', 'PPD PADAWAN', 'RENDAH']",could not convert string to float: 'OFF JALAN KAPOR'
YCB1321,SEKOLAH KEBANGSAAN ST JAMES QUOP,D/A PEJABAT PENDIDIKAN DAERAH PADAWAN, LORONG 17, OFF JALAN KAPOR, SUNGAI MAONG HILIR,1.407197,"['110.364752', 'PPD PADAWAN', 'RENDAH']",could not convert string to float: 'OFF JALAN KAPOR'
YCB1322,SEKOLAH KEBANGSAAN ST ALBAN DURAS,D/A PEJABAT PENDIDIKAN DAERAH PADAWAN, LORONG 17, OFF JALAN KAPOR, SUNGAI MAONG HILIR,1.358516,"['110.384563', 'PPD PADAWAN', 'RENDAH']",could not convert string to float: 'OFF JALAN KAPOR'
YCB1324,SEKOLAH KEBANGSAAN ST PATRICK,D/A PEJABAT PENDIDIKAN DAERAH PADAWAN, LORONG 17, OFF JALAN KAPOR, SUNGAI MAONG HILIR,1.29489,"['110.273149', 'PPD PADAWAN', 'RENDAH']",could not convert string to float: 'OFF JALAN KAPOR'
YCB1325,SEKOLAH KEBANGSAAN ST PAUL,D/A PEJABAT PENDIDIKAN DAERAH PADAWAN, LORONG 17, OFF JALAN KAPOR, SUNGAI MAONG HILIR,1.3157707,"['110.2911929', 'PPD PADAWAN', 'RENDAH']",could not convert string to float: 'OFF JALAN KAPOR'
YCB1327,SEKOLAH KEBANGSAAN ST JAMES RAYANG,D/A PEJABAT PENDIDIKAN DAERAH PADAWAN, LORONG 17, OFF JALAN KAPOR, SUNGAI MAONG HILIR,1.201633,"['110.558644', 'PPD PADAWAN', 'RENDAH']",could not convert string to float: 'OFF JALAN KAPOR'
YCB1328,SEKOLAH KEBANGSAAN ST DUNSTAN,D/A PEJABAT PENDIDIKAN DAERAH PADAWAN, LORONG 17, OFF JALAN KAPOR, SUNGAI MAONG HILIR,1.2646609,"['110.4138816', 'PPD PADAWAN', 'RENDAH']",could not convert string to float: 'OFF JALAN KAPOR'
YCB1329,SEKOLAH KEBANGSAAN ST GREGORY,D/A PEJABAT PENDIDIKAN DAERAH PADAWAN, LORONG 17, OFF JALAN KAPOR, SUNGAI MAONG HILIR,1.316398,"['110.26896', 'PPD PADAWAN', 'RENDAH']",could not convert string to float: 'OFF JALAN KAPOR'
YCB1330,SEKOLAH KEBANGSAAN ST DAVID,D/A PEJABAT PENDIDIKAN DAERAH PADAWAN, LORONG 17, OFF JALAN KAPOR, SUNGAI MAONG HILIR,1.455567,"['110.296483', 'PPD PADAWAN', 'RENDAH']",could not convert string to float: 'OFF JALAN KAPOR'
YCB1331,SEKOLAH KEBANGSAAN ST BERNARD,D/A PEJABAT PENDIDIKAN DAERAH PADAWAN, LORONG 17, OFF JALAN KAPOR, SUNGAI MAONG HILIR,1.098202,"['110.281', 'PPD PADAWAN', 'RENDAH']",could not convert string to float: 'OFF JALAN KAPOR'
YCB1332,SEKOLAH KEBANGSAAN ST EDWARD BELIMBING,D/A PEJABAT PENDIDIKAN DAERAH PADAWAN, LORONG 17, OFF JALAN KAPOR, SUNGAI MAONG HILIR,1.180323,"['110.304444', 'PPD PADAWAN', 'RENDAH']",could not convert string to float: 'OFF JALAN KAPOR'
YCB1333,SEKOLAH KEBANGSAAN ST GILE,D/A PEJABAT PENDIDIKAN DAERAH PADAWAN, LORONG 17, OFF JALAN KAPOR, SUNGAI MAONG HILIR,1.36,"['110.27', 'PPD PADAWAN', 'RENDAH']",could not convert string to float: 'OFF JALAN KAPOR'
YCB1334,SEKOLAH KEBANGSAAN ST SWITHUN,D/A PEJABAT PENDIDIKAN DAERAH PADAWAN, LORONG 17, OFF JALAN KAPOR, SUNGAI MAONG HILIR,1.214328,"['110.522633', 'PPD PADAWAN', 'RENDAH']",could not convert string to float: 'OFF JALAN KAPOR'
YCB1335,SEKOLAH KEBANGSAAN GARLAND,D/A PEJABAT PENDIDIKAN DAERAH PADAWAN, LORONG 17, OFF JALAN KAPOR, SUNGAI MAONG HILIR,1.5149,"['110.3202167', 'PPD PADAWAN', 'RENDAH']",could not convert string to float: 'OFF JALAN KAPOR'
YCB2101,SEKOLAH KEBANGSAAN ST MARTIN,D/A PEJABAT PENDIDIKAN DAERAH SRI AMAN, TINGKAT 2, WISMA PERSEKUTUAN, JALAN ABANG AING,1.103942,"['111.193437', 'PPD SRI AMAN', 'RENDAH']",could not convert string to float: 'WISMA PERSEKUTUAN'
YCB2102,SEKOLAH KEBANGSAAN ST LAWRENCE,D/A PEJABAT PENDIDIKAN DAERAH SRI AMAN, TINGKAT 2, WISMA PERSEKUTUAN, JALAN ABANG AING,1.195383333,"['111.47495', 'PPD SRI AMAN', 'RENDAH']",could not convert string to float: 'WISMA PERSEKUTUAN'
YCB2103,SEKOLAH KEBANGSAAN ST PAUL,D/A PEJABAT PENDIDIKAN DAERAH SRI AMAN, TINGKAT 2, WISMA PERSEKUTUAN, JALAN ABANG AING,1.283278,"['111.205194', 'PPD SRI AMAN', 'RENDAH']",could not convert string to float: 'WISMA PERSEKUTUAN'
YCB2105,SEKOLAH KEBANGSAAN ST DUNSTAN,D/A PEJABAT PENDIDIKAN DAERAH SRI AMAN, TINGKAT 2, WISMA PERSEKUTUAN, JALAN ABANG AING,1.39,"['111.23', 'PPD SRI AMAN', 'RENDAH']",could not convert string to float: 'WISMA PERSEKUTUAN'
YCB2106,SEKOLAH KEBANGSAAN ST LEO GAYAU,D/A PEJABAT PENDIDIKAN DAERAH SRI AMAN, TINGKAT 2, WISMA PERSEKUTUAN, JALAN ABANG AING,1.150142,"['111.029721', 'PPD SRI AMAN', 'RENDAH']",could not convert string to float: 'WISMA PERSEKUTUAN'
YCB2201,SEKOLAH KEBANGSAAN ST PETER SARATOK,D/A PEJABAT PENDIDIKAN DAERAH SARATOK, TINGKAT 1, WISMA PERSEKUTUAN, JALAN SARATOK,1.74,"['111.34', 'PPD SARATOK', 'RENDAH']",could not convert string to float: 'WISMA PERSEKUTUAN'
YCB2202,SEKOLAH KEBANGSAAN ST PAUL ROBAN,D/A PEJABAT PENDIDIKAN DAERAH SARATOK, TINGKAT 1, WISMA PERSEKUTUAN, JALAN SARATOK,1.89,"['111.3', 'PPD SARATOK', 'RENDAH']",could not convert string to float: 'WISMA PERSEKUTUAN'
YCB2203,SEKOLAH KEBANGSAAN ST MICHAEL PLASSU,D/A PEJABAT PENDIDIKAN DAERAH SARATOK, TINGKAT 1, WISMA PERSEKUTUAN, JALAN SARATOK,1.9597761,"['111.2354484', 'PPD SARATOK', 'RENDAH']",could not convert string to float: 'WISMA PERSEKUTUAN'
YCB2403,SEKOLAH KEBANGSAAN ST. PETER & ST. PAUL,D/A PEJABAT PENDIDIKAN DAERAH BETONG, JALAN YONG SHAU NEN,1.439081,111.616105,PPD BETONG,['RENDAH'],could not convert string to float: 'JALAN YONG SHAU NEN'
YCB2405,SEKOLAH KEBANGSAAN ST. BARTHOLOMEW,D/A PEJABAT PENDIDIKAN DAERAH BETONG, JALAN YONG SHAU NEN,1.462851,111.565607,PPD BETONG,['RENDAH'],could not convert string to float: 'JALAN YONG SHAU NEN'
YCB2407,SEKOLAH KEBANGSAAN ST. BARNABAS,D/A PEJABAT PENDIDIKAN DAERAH BETONG, JALAN YONG SHAU NEN,1.619238,111.290646,PPD BETONG,['RENDAH'],could not convert string to float: 'JALAN YONG SHAU NEN'
YCB2408,SEKOLAH KEBANGSAAN ST. JOHN,D/A PEJABAT PENDIDIKAN DAERAH BETONG, JALAN YONG SHAU NEN,1.6066667,111.7027778,PPD BETONG,['RENDAH'],could not convert string to float: 'JALAN YONG SHAU NEN'
YCB2409,SEKOLAH KEBANGSAAN ST. AUGUSTINE,D/A PEJABAT PENDIDIKAN DAERAH BETONG, JALAN YONG SHAU NEN,1.405165,111.525565,PPD BETONG,['RENDAH'],could not convert string to float: 'JALAN YONG SHAU NEN'
YCB2410,SEKOLAH KEBANGSAAN ST. MARK,D/A PEJABAT PENDIDIKAN DAERAH BETONG, JALAN YONG SHAU NEN,1.557356,111.627821,PPD BETONG,['RENDAH'],could not convert string to float: 'JALAN YONG SHAU NEN'
YCB3102,SEKOLAH KEBANGSAAN SACRED HEART,D/A PEJABAT PENDIDIKAN DAERAH SIBU, TINGKAT 6, WISMA PERSEKUTUAN, BLOK 3, LOT 462,"[' BROOKE DRIVE', '2.296316667', '111.8424167', 'PPD SIBU', 'RENDAH']",could not convert string to float: 'WISMA PERSEKUTUAN'
YCB3103,SEKOLAH KEBANGSAAN ST. MARY,D/A PEJABAT PENDIDIKAN DAERAH SIBU, TINGKAT 6, WISMA PERSEKUTUAN, BLOK 3, LOT 462,"[' BROOKE DRIVE', '2.300367', '111.82085', 'PPD SIBU', 'RENDAH']",could not convert string to float: 'WISMA PERSEKUTUAN'
YCB3105,SEKOLAH KEBANGSAAN HUA HIN ENGLISH,D/A PEJABAT PENDIDIKAN DAERAH SIBU, TINGKAT 6, WISMA PERSEKUTUAN, BLOK 3, LOT 462,"[' BROOKE DRIVE', '2.32675', '111.8382333', 'PPD SIBU', 'RENDAH']",could not convert string to float: 'WISMA PERSEKUTUAN'
YCB3401,SEKOLAH KEBANGSAAN ST. PATRICK,D/A PEJABAT PENDIDIKAN DAERAH MUKAH, JALAN HAJI MOHAMAD FAUZI,2.901408,112.086812,PPD MUKAH,['RENDAH'],could not convert string to float: 'JALAN HAJI MOHAMAD FAUZI'
YCB3501,SEKOLAH KEBANGSAAN ST MATTHEW SEKUAU,D/A PEJABAT PENDIDIKAN DAERAH SELANGAU, LOT 363, BLOK 15, NEW TOWNSHIP, SELANGAU,"['2.343483333', '112.1685833', 'PPD SELANGAU', 'RENDAH']",could not convert string to float: 'BLOK 15'
YCB3503,SEKOLAH KEBANGSAAN ST MARK,D/A PEJABAT PENDIDIKAN DAERAH SELANGAU, LOT 363, BLOK 15, NEW TOWNSHIP, SELANGAU,"['2.51', '112.07', 'PPD SELANGAU', 'RENDAH']",could not convert string to float: 'BLOK 15'
YCB4101,SEKOLAH KEBANGSAAN ST JOSEPH,D/A PEJABAT PENDIDIKAN DAERAH MIRI, TINGKAT 2, WISMA PERSEKUTUAN, JALAN KIPAS,4.39215,"['113.9896', 'PPD MIRI', 'RENDAH']",could not convert string to float: 'WISMA PERSEKUTUAN'
YCB4102,SEKOLAH KEBANGSAAN ST COLUMBA,D/A PEJABAT PENDIDIKAN DAERAH MIRI, TINGKAT 2, WISMA PERSEKUTUAN, JALAN KIPAS,4.38405,"['113.9836333', 'PPD MIRI', 'RENDAH']",could not convert string to float: 'WISMA PERSEKUTUAN'
YCB4302,SEKOLAH KEBANGSAAN ST PIUS LONG SAN,D/A PEJABAT PENDIDIKAN DAERAH BARAM, JALAN KAMPUNG NARUM,3.3,114.7833,PPD BARAM,['RENDAH'],could not convert string to float: 'JALAN KAMPUNG NARUM'
YCB4303,SEKOLAH KEBANGSAAN GOOD SHEPHERD,D/A PEJABAT PENDIDIKAN DAERAH BARAM, JALAN KAMPUNG NARUM,4.177549,114.332013,PPD BARAM,['RENDAH'],could not convert string to float: 'JALAN KAMPUNG NARUM'
YCB5102,SEKOLAH KEBANGSAAN R C KUBONG,D/A PEJABAT PENDIDIKAN DAERAH LIMBANG,TINGKAT 1 WISMA PERSEKUTUAN, JALAN MUHIBBAH,4.646633333,115.0125667,"['PPD LIMBANG', 'RENDAH']",could not convert string to float: 'JALAN MUHIBBAH'
YCB6101,SEKOLAH KEBANGSAAN ST ANNE,D/A PEJABAT PENDIDIKAN DAERAH SARIKEI, TINGKAT 1, WISMA PERSEKUTUAN, JALAN BANGUNAN KERAJAAN,2.125966667,"['111.52105', 'PPD SARIKEI', 'RENDAH']",could not convert string to float: 'WISMA PERSEKUTUAN'
YCB7101,SEKOLAH KEBANGSAAN METHODIST,D/A PEJABAT PENDIDIKAN DAERAH KAPIT, TINGKAT 1 & 2, WISMA PERSEKUTUAN, JALAN PENGHULU NYANGGAU,2.013966667,"['112.9446167', 'PPD KAPIT', 'RENDAH']",could not convert string to float: 'WISMA PERSEKUTUAN'
YCB7102,SEKOLAH KEBANGSAAN NG TIAU,D/A PEJABAT PENDIDIKAN DAERAH KAPIT, TINGKAT 1 & 2, WISMA PERSEKUTUAN, JALAN PENGHULU NYANGGAU,2.1130157,"['113.4475708', 'PPD KAPIT', 'RENDAH']",could not convert string to float: 'WISMA PERSEKUTUAN'
YCB7103,SEKOLAH KEBANGSAAN NG MELUAN,D/A PEJABAT PENDIDIKAN DAERAH KAPIT, TINGKAT 1 & 2, WISMA PERSEKUTUAN, JALAN PENGHULU NYANGGAU,2.0655556,"['113.4858333', 'PPD KAPIT', 'RENDAH']",could not convert string to float: 'WISMA PERSEKUTUAN'
YCB7104,SEKOLAH KEBANGSAAN NANGA ENTULOH,D/A PEJABAT PENDIDIKAN DAERAH KAPIT, TINGKAT 1 & 2, WISMA PERSEKUTUAN, JALAN PENGHULU NYANGGAU,1.88077,"['113.639553', 'PPD KAPIT', 'RENDAH']",could not convert string to float: 'WISMA PERSEKUTUAN'
YCB7105,SEKOLAH KEBANGSAAN SG AMANG,D/A PEJABAT PENDIDIKAN DAERAH KAPIT, TINGKAT 1 & 2, WISMA PERSEKUTUAN, JALAN PENGHULU NYANGGAU,2.0018,"['112.98085', 'PPD KAPIT', 'RENDAH']",could not convert string to float: 'WISMA PERSEKUTUAN'
YCB7106,SEKOLAH KEBANGSAAN NG MUJONG,D/A PEJABAT PENDIDIKAN DAERAH KAPIT, TINGKAT 1 & 2, WISMA PERSEKUTUAN, JALAN PENGHULU NYANGGAU,2.0233333,"['113.1761111', 'PPD KAPIT', 'RENDAH']",could not convert string to float: 'WISMA PERSEKUTUAN'
YCB7107,SEKOLAH KEBANGSAAN SG MENUAN,D/A PEJABAT PENDIDIKAN DAERAH KAPIT, TINGKAT 1 & 2, WISMA PERSEKUTUAN, JALAN PENGHULU NYANGGAU,2.09367,"['112.8946', 'PPD KAPIT', 'RENDAH']",could not convert string to float: 'WISMA PERSEKUTUAN'
YCB7108,SEKOLAH KEBANGSAAN LBK MAWANG,D/A PEJABAT PENDIDIKAN DAERAH KAPIT, TINGKAT 1 & 2, WISMA PERSEKUTUAN, JALAN PENGHULU NYANGGAU,2.02996111,"['112.595941', 'PPD KAPIT', 'RENDAH']",could not convert string to float: 'WISMA PERSEKUTUAN'
YCB8110,SEKOLAH KEBANGSAAN KAMPUNG REMBUS,D/A PEJABAT PENDIDIKAN DAERAH SAMARAHAN, JALAN DATO MOHD MUSA,1.476615,110.493756,PPD SAMARAHAN,['RENDAH'],could not convert string to float: 'JALAN DATO MOHD MUSA'
YCB8111,SEKOLAH KEBANGSAAN ST JOHN,D/A PEJABAT PENDIDIKAN DAERAH SAMARAHAN, JALAN DATO MOHD MUSA,1.46279,110.44208,PPD SAMARAHAN,['RENDAH'],could not convert string to float: 'JALAN DATO MOHD MUSA'
YCB8112,SEKOLAH KEBANGSAAN ST MICHAEL,D/A PEJABAT PENDIDIKAN DAERAH SAMARAHAN, JALAN DATO MOHD MUSA,1.43828,110.43951,PPD SAMARAHAN,['RENDAH'],could not convert string to float: 'JALAN DATO MOHD MUSA'
YCB8113,SEKOLAH KEBANGSAAN ST MARTIN,D/A PEJABAT PENDIDIKAN DAERAH SAMARAHAN, JALAN DATO MOHD MUSA,1.47231,110.41447,PPD SAMARAHAN,['RENDAH'],could not convert string to float: 'JALAN DATO MOHD MUSA'
YCB8201,SEKOLAH KEBANGSAAN ST TERESA SERIAN,D/A PEJABAT PENDIDIKAN DAERAH SERIAN, BATU 1, JALAN SERIAN/SRI AMAN,1.163111,110.568581,"['PPD SERIAN', 'RENDAH']",could not convert string to float: 'JALAN SERIAN/SRI AMAN'
YCB8202,SEKOLAH KEBANGSAAN ST PHILIP BUGU,D/A PEJABAT PENDIDIKAN DAERAH SERIAN, BATU 1, JALAN SERIAN/SRI AMAN,1.029291,110.552899,"['PPD SERIAN', 'RENDAH']",could not convert string to float: 'JALAN SERIAN/SRI AMAN'
YCB8203,SEKOLAH KEBANGSAAN ST JOHN MANTUNG,D/A PEJABAT PENDIDIKAN DAERAH SERIAN, BATU 1, JALAN SERIAN/SRI AMAN,1.024442,110.561192,"['PPD SERIAN', 'RENDAH']",could not convert string to float: 'JALAN SERIAN/SRI AMAN'
YCB8204,SEKOLAH KEBANGSAAN ST MICHAEL MONGKOS,D/A PEJABAT PENDIDIKAN DAERAH SERIAN, BATU 1, JALAN SERIAN/SRI AMAN,0.923348,110.575611,"['PPD SERIAN', 'RENDAH']",could not convert string to float: 'JALAN SERIAN/SRI AMAN'
YCB8205,SEKOLAH KEBANGSAAN ST DOMINIC PICHIN,D/A PEJABAT PENDIDIKAN DAERAH SERIAN, BATU 1, JALAN SERIAN/SRI AMAN,1.109035,110.476713,"['PPD SERIAN', 'RENDAH']",could not convert string to float: 'JALAN SERIAN/SRI AMAN'
YCB8206,SEKOLAH KEBANGSAAN ST ANTHONY KAWAN,D/A PEJABAT PENDIDIKAN DAERAH SERIAN, BATU 1, JALAN SERIAN/SRI AMAN,0.970784,110.550442,"['PPD SERIAN', 'RENDAH']",could not convert string to float: 'JALAN SERIAN/SRI AMAN'
YCB8207,SEKOLAH KEBANGSAAN ST JUDE BUNAN,D/A PEJABAT PENDIDIKAN DAERAH SERIAN, BATU 1, JALAN SERIAN/SRI AMAN,0.915128,110.540001,"['PPD SERIAN', 'RENDAH']",could not convert string to float: 'JALAN SERIAN/SRI AMAN'
YCB8208,SEKOLAH KEBANGSAAN ST PATRICK TANGGA,D/A PEJABAT PENDIDIKAN DAERAH SERIAN, BATU 1, JALAN SERIAN/SRI AMAN,1.162,110.547,"['PPD SERIAN', 'RENDAH']",could not convert string to float: 'JALAN SERIAN/SRI AMAN'
YCB8209,SEKOLAH KEBANGSAAN ST HENRY SLABI,D/A PEJABAT PENDIDIKAN DAERAH SERIAN, BATU 1, JALAN SERIAN/SRI AMAN,1.14,110.55,"['PPD SERIAN', 'RENDAH']",could not convert string to float: 'JALAN SERIAN/SRI AMAN'
YCB8210,SEKOLAH KEBANGSAAN ST ALBAN AMPUNGAN,D/A PEJABAT PENDIDIKAN DAERAH SERIAN, BATU 1, JALAN SERIAN/SRI AMAN,1.166702,110.600138,"['PPD SERIAN', 'RENDAH']",could not convert string to float: 'JALAN SERIAN/SRI AMAN'
YCB8211,SEKOLAH KEBANGSAAN ST NORBERT PAUN GAHAT,D/A PEJABAT PENDIDIKAN DAERAH SERIAN, BATU 1, JALAN SERIAN/SRI AMAN,0.9458333,110.6580556,"['PPD SERIAN', 'RENDAH']",could not convert string to float: 'JALAN SERIAN/SRI AMAN'
YCB8212,SEKOLAH KEBANGSAAN ST RAYMOND MUJAT,D/A PEJABAT PENDIDIKAN DAERAH SERIAN, BATU 1, JALAN SERIAN/SRI AMAN,0.889139,110.577761,"['PPD SERIAN', 'RENDAH']",could not convert string to float: 'JALAN SERIAN/SRI AMAN'
YCB8213,SEKOLAH KEBANGSAAN ST BARNABAS BARU,D/A PEJABAT PENDIDIKAN DAERAH SERIAN, BATU 1, JALAN SERIAN/SRI AMAN,1.219734,110.49595,"['PPD SERIAN', 'RENDAH']",could not convert string to float: 'JALAN SERIAN/SRI AMAN'
YCB8214,SEKOLAH KEBANGSAAN ST JOHN TAEE,D/A PEJABAT PENDIDIKAN DAERAH SERIAN, BATU 1, JALAN SERIAN/SRI AMAN,1.191158,110.466542,"['PPD SERIAN', 'RENDAH']",could not convert string to float: 'JALAN SERIAN/SRI AMAN'
YCB8215,SEKOLAH KEBANGSAAN ST MATHEW LANCHANG,D/A PEJABAT PENDIDIKAN DAERAH SERIAN, BATU 1, JALAN SERIAN/SRI AMAN,1.016611,110.357237,"['PPD SERIAN', 'RENDAH']",could not convert string to float: 'JALAN SERIAN/SRI AMAN'
YCB8216,SEKOLAH KEBANGSAAN ST AMBROSE PANCHOR,D/A PEJABAT PENDIDIKAN DAERAH SERIAN, BATU 1, JALAN SERIAN/SRI AMAN,1.254256,110.45967,"['PPD SERIAN', 'RENDAH']",could not convert string to float: 'JALAN SERIAN/SRI AMAN'
YCB8217,SEKOLAH KEBANGSAAN ALL SAINTS PLAMAN NYABET,D/A PEJABAT PENDIDIKAN DAERAH SERIAN, BATU 1, JALAN SERIAN/SRI AMAN,1.209878,110.440466,"['PPD SERIAN', 'RENDAH']",could not convert string to float: 'JALAN SERIAN/SRI AMAN'
YCB9101,SEKOLAH KEBANGSAAN ST. ANTHONY,D/A PEJABAT PENDIDIKAN DAERAH BINTULU, KM. 5, JALAN SULTAN ISKANDAR,3.17375,113.0443167,"['PPD BINTULU', 'RENDAH']",could not convert string to float: 'JALAN SULTAN ISKANDAR'
YCC1202,SEKOLAH JENIS KEBANGSAAN (CINA) CHUNG HUA 1,NO.1 , JALAN TABUAN,1.551483333,110.3477167,PPD KUCHING,['RENDAH'],could not convert string to float: 'JALAN TABUAN'
YCC1203,SEKOLAH JENIS KEBANGSAAN (CINA) CHUNG HUA 2,D/A PEJABAT PENDIDIKAN DAERAH KUCHING, JALAN DIPLOMATIK OFF JALAN BAKO PETRA JAYA,1.556516667,110.3493333,PPD KUCHING,['RENDAH'],could not convert string to float: 'JALAN DIPLOMATIK OFF JALAN BAKO PETRA JAYA'
YCC1204,SEKOLAH JENIS KEBANGSAAN (CINA) CHUNG HUA 3,D/A PEJABAT PENDIDIKAN DAERAH KUCHING, JALAN DIPLOMATIK OFF JALAN BAKO PETRA JAYA,1.551933333,110.3616667,PPD KUCHING,['RENDAH'],could not convert string to float: 'JALAN DIPLOMATIK OFF JALAN BAKO PETRA JAYA'
YCC1205,SEKOLAH JENIS KEBANGSAAN (CINA) CHUNG HUA NO.4 KUCHING,D/A PEJABAT PENDIDIKAN DAERAH KUCHING, JALAN DIPLOMATIK OFF JALAN BAKO PETRA JAYA,1.548666667,110.3366333,PPD KUCHING,['RENDAH'],could not convert string to float: 'JALAN DIPLOMATIK OFF JALAN BAKO PETRA JAYA'
YCC1206,SEKOLAH JENIS KEBANGSAAN (CINA) CHUNG HUA PENDING,D/A PEJABAT PENDIDIKAN DAERAH KUCHING, JALAN DIPLOMATIK OFF JALAN BAKO PETRA JAYA,1.551866667,110.3807167,PPD KUCHING,['RENDAH'],could not convert string to float: 'JALAN DIPLOMATIK OFF JALAN BAKO PETRA JAYA'
YCC1207,SEKOLAH JENIS KEBANGSAAN (CINA) CHUNG HUA NO.6,D/A PEJABAT PENDIDIKAN DAERAH PADAWAN, LORONG 17, OFF JALAN KAPOR, SUNGAI MAONG HILIR,1.53395,"['110.318267', 'PPD PADAWAN', 'RENDAH']",could not convert string to float: 'OFF JALAN KAPOR'
YCC1301,SEKOLAH JENIS KEBANGSAAN (CINA) CHUNG HUA NO. 5,D/A PEJABAT PENDIDIKAN DAERAH KUCHING, JALAN DIPLOMATIK OFF JALAN BAKO PETRA JAYA,1.543733333,110.3616,PPD KUCHING,['RENDAH'],could not convert string to float: 'JALAN DIPLOMATIK OFF JALAN BAKO PETRA JAYA'
YCC1302,SEKOLAH JENIS KEBANGSAAN (CINA) CHUNG HUA SG TENGAH,D/A PEJABAT PENDIDIKAN DAERAH PADAWAN, LORONG 17, OFF JALAN KAPOR, SUNGAI MAONG HILIR,1.5536,"['110.257217', 'PPD PADAWAN', 'RENDAH']",could not convert string to float: 'OFF JALAN KAPOR'
YCC1303,SEKOLAH JENIS KEBANGSAAN (CINA) CHUNG HUA BATU 8 1/2,D/A PEJABAT PENDIDIKAN DAERAH PADAWAN, LORONG 17, OFF JALAN KAPOR, SUNGAI MAONG HILIR,1.462367,"['110.311783', 'PPD PADAWAN', 'RENDAH']",could not convert string to float: 'OFF JALAN KAPOR'
YCC1305,SEKOLAH JENIS KEBANGSAAN (CINA) CHUNG HUA SG.TAPANG,MJC BATU KAWAH NEW TOWNSHIP, JALAN BATU KAWA,1.460975,110.332033,PPD PADAWAN,['RENDAH'],could not convert string to float: 'JALAN BATU KAWA'
YCC1306,SEKOLAH JENIS KEBANGSAAN (CINA) SAM HAP HIN,D/A PEJABAT PENDIDIKAN DAERAH PADAWAN, LORONG 17, OFF JALAN KAPOR, SUNGAI MAONG HILIR,1.471667,"['110.3303', 'PPD PADAWAN', 'RENDAH']",could not convert string to float: 'OFF JALAN KAPOR'
YCC1307,SEKOLAH JENIS KEBANGSAAN (CINA) CHUNG HUA BATU 11,D/A PEJABAT PENDIDIKAN DAERAH PADAWAN, LORONG 17, OFF JALAN KAPOR, SUNGAI MAONG HILIR,1.466601,"['110.350027', 'PPD PADAWAN', 'RENDAH']",could not convert string to float: 'OFF JALAN KAPOR'
YCC1308,SEKOLAH JENIS KEBANGSAAN (CINA) CHUNG HUA SEJIJAK,D/A PEJABAT PENDIDIKAN DAERAH PADAWAN, LORONG 17, OFF JALAN KAPOR, SUNGAI MAONG HILIR,1.54575,"['110.279233', 'PPD PADAWAN', 'RENDAH']",could not convert string to float: 'OFF JALAN KAPOR'
YCC1310,SEKOLAH JENIS KEBANGSAAN (CINA) CHUNG HUA BATU 15,D/A PEJABAT PENDIDIKAN DAERAH PADAWAN, LORONG 17, OFF JALAN KAPOR, SUNGAI MAONG HILIR,1.359656,"['110.320169', 'PPD PADAWAN', 'RENDAH']",could not convert string to float: 'OFF JALAN KAPOR'
YCC1312,SEKOLAH JENIS KEBANGSAAN (CINA) CHUNG HUA BT KITANG,D/A PEJABAT PENDIDIKAN DAERAH PADAWAN, LORONG 17, OFF JALAN KAPOR, SUNGAI MAONG HILIR,1.449383,"['110.281917', 'PPD PADAWAN', 'RENDAH']",could not convert string to float: 'OFF JALAN KAPOR'
YCC1313,SEKOLAH JENIS KEBANGSAAN (CINA) CHUNG HUA SG MOYAN,LORONG PEI YUAN , JALAN BATU KAWA MATANG,1.506283,110.249883,PPD PADAWAN,['RENDAH'],could not convert string to float: 'JALAN BATU KAWA MATANG'
YCC1314,SEKOLAH JENIS KEBANGSAAN (CINA) CHUNG HUA BT KAWA,D/A PEJABAT PENDIDIKAN DAERAH PADAWAN, LORONG 17, OFF JALAN KAPOR, SUNGAI MAONG HILIR,1.511683,"['110.270767', 'PPD PADAWAN', 'RENDAH']",could not convert string to float: 'OFF JALAN KAPOR'
YCC1315,SEKOLAH JENIS KEBANGSAAN (CINA) CHUNG HUA SG. LUBAK,D/A PEJABAT PENDIDIKAN DAERAH PADAWAN, LORONG 17, OFF JALAN KAPOR, SUNGAI MAONG HILIR,1.4898,"['110.3197', 'PPD PADAWAN', 'RENDAH']",could not convert string to float: 'OFF JALAN KAPOR'
YCC1316,SEKOLAH JENIS KEBANGSAAN (CINA) CHUNG HUA STAPOK,D/A PEJABAT PENDIDIKAN DAERAH PADAWAN, LORONG 17, OFF JALAN KAPOR, SUNGAI MAONG HILIR,1.50995,"['110.2894', 'PPD PADAWAN', 'RENDAH']",could not convert string to float: 'OFF JALAN KAPOR'
YCC1317,SEKOLAH JENIS KEBANGSAAN (CINA) CHUNG HUA KIM CHOO SENG,D/A PEJABAT PENDIDIKAN DAERAH PADAWAN, LORONG 17, OFF JALAN KAPOR, SUNGAI MAONG HILIR,1.53,"['110.32', 'PPD PADAWAN', 'RENDAH']",could not convert string to float: 'OFF JALAN KAPOR'
YCC1318,SEKOLAH JENIS KEBANGSAAN (CINA) CHUNG HUA RANTAU PANJANG,D/A PEJABAT PENDIDIKAN DAERAH PADAWAN, LORONG 17, OFF JALAN KAPOR, SUNGAI MAONG HILIR,1.5013,"['110.268', 'PPD PADAWAN', 'RENDAH']",could not convert string to float: 'OFF JALAN KAPOR'
YCC1319,SEKOLAH JENIS KEBANGSAAN (CINA) CHUNG HUA STAMPIN,D/A PEJABAT PENDIDIKAN DAERAH PADAWAN, LORONG 17, OFF JALAN KAPOR, SUNGAI MAONG HILIR,1.477166667,"['110.3533333', 'PPD PADAWAN', 'RENDAH']",could not convert string to float: 'OFF JALAN KAPOR'
YCC1321,SEKOLAH JENIS KEBANGSAAN (CINA) CHUNG HUA BUNTAL,D/A PEJABAT PENDIDIKAN DAERAH KUCHING, JALAN DIPLOMATIK OFF JALAN BAKO PETRA JAYA,1.7011985,110.3697467,PPD KUCHING,['RENDAH'],could not convert string to float: 'JALAN DIPLOMATIK OFF JALAN BAKO PETRA JAYA'
YCC1322,SEKOLAH JENIS KEBANGSAAN (CINA) CHUNG HUA BATU 4 1/2,JLN DATUK AMAR KALONG NINGKAN, BATU 4 1/2,1.501883333,110.3326,PPD PADAWAN,['RENDAH'],could not convert string to float: 'BATU 4 1/2'
YCC1323,SEKOLAH JENIS KEBANGSAAN (CINA) CHUNG HUA BELIONG,D/A PEJABAT PENDIDIKAN DAERAH SAMARAHAN, JALAN DATO MOHD MUSA,1.58,110.49,PPD SAMARAHAN,['RENDAH'],could not convert string to float: 'JALAN DATO MOHD MUSA'
YCC1324,SEKOLAH JENIS KEBANGSAAN (CINA) CHUNG HUA PANGKALAN BARU,D/A PEJABAT PENDIDIKAN DAERAH PADAWAN, LORONG 17, OFF JALAN KAPOR, SUNGAI MAONG HILIR,1.477,"['110.286983', 'PPD PADAWAN', 'RENDAH']",could not convert string to float: 'OFF JALAN KAPOR'
YCC1327,SEKOLAH JENIS KEBANGSAAN (CINA) CHUNG HUA BATU 10,D/A PEJABAT PENDIDIKAN DAERAH PADAWAN, LORONG 17, OFF JALAN KAPOR, SUNGAI MAONG HILIR,1.424636,"['110.325425', 'PPD PADAWAN', 'RENDAH']",could not convert string to float: 'OFF JALAN KAPOR'
YCC1329,SEKOLAH JENIS KEBANGSAAN (CINA) CHUNG HUA SYN-SAN-TU,D/A PEJABAT PENDIDIKAN DAERAH PADAWAN, LORONG 17, OFF JALAN KAPOR, SUNGAI MAONG HILIR,1.526983,"['110.2382', 'PPD PADAWAN', 'RENDAH']",could not convert string to float: 'OFF JALAN KAPOR'
YCC1330,SEKOLAH JENIS KEBANGSAAN (CINA) CHUNG HUA SG TAPANG BT KAWA,D/A PEJABAT PENDIDIKAN DAERAH PADAWAN, LORONG 17, OFF JALAN KAPOR, SUNGAI MAONG HILIR,1.4802987,"['110.3703648', 'PPD PADAWAN', 'RENDAH']",could not convert string to float: 'OFF JALAN KAPOR'
YCC1331,SEKOLAH JENIS KEBANGSAAN (CINA) CHUNG HUA BATU 7,D/A PEJABAT PENDIDIKAN DAERAH PADAWAN, LORONG 17, OFF JALAN KAPOR, SUNGAI MAONG HILIR,1.576333333,"['110.2558', 'PPD PADAWAN', 'RENDAH']",could not convert string to float: 'OFF JALAN KAPOR'
YCC1334,SEKOLAH JENIS KEBANGSAAN (CINA) CHUNG HUA SIBURAN,D/A PEJABAT PENDIDIKAN DAERAH PADAWAN, LORONG 17, OFF JALAN KAPOR, SUNGAI MAONG HILIR,1.366928,"['110.398114', 'PPD PADAWAN', 'RENDAH']",could not convert string to float: 'OFF JALAN KAPOR'
YCC2102,SEKOLAH JENIS KEBANGSAAN (CINA) CHUNG HUA MELUDAM,D/A PEJABAT PENDIDIKAN DAERAH BETONG, JALAN YONG SHAU NEN,1.618551,111.28953,PPD BETONG,['RENDAH'],could not convert string to float: 'JALAN YONG SHAU NEN'
YCC2103,SEKOLAH JENIS KEBANGSAAN (CINA) CHUNG HUA SIMANGGANG,D/A PEJABAT PENDIDIKAN DAERAH SRI AMAN, TINGKAT 2, WISMA PERSEKUTUAN, JALAN ABANG AING,1.230916667,"['111.4655167', 'PPD SRI AMAN', 'RENDAH']",could not convert string to float: 'WISMA PERSEKUTUAN'
YCC2104,SEKOLAH JENIS KEBANGSAAN (CINA) CHUNG HUA BANGKONG,D/A PEJABAT PENDIDIKAN DAERAH SRI AMAN, TINGKAT 2, WISMA PERSEKUTUAN, JALAN ABANG AING,1.133552,"['111.181289', 'PPD SRI AMAN', 'RENDAH']",could not convert string to float: 'WISMA PERSEKUTUAN'
YCC2105,SEKOLAH JENIS KEBANGSAAN (CINA) CHUNG HUA UNDOP,D/A PEJABAT PENDIDIKAN DAERAH SRI AMAN, TINGKAT 2, WISMA PERSEKUTUAN, JALAN ABANG AING,1.025166,"['111.552869', 'PPD SRI AMAN', 'RENDAH']",could not convert string to float: 'WISMA PERSEKUTUAN'
YCC2106,SEKOLAH JENIS KEBANGSAAN (CINA) CHUNG HUA PANTU,D/A PEJABAT PENDIDIKAN DAERAH SRI AMAN, TINGKAT 2, WISMA PERSEKUTUAN, JALAN ABANG AING,1.140443,"['111.118727', 'PPD SRI AMAN', 'RENDAH']",could not convert string to float: 'WISMA PERSEKUTUAN'
YCC2201,SEKOLAH JENIS KEBANGSAAN (CINA) CHUNG HUA ROBAN,D/A PEJABAT PENDIDIKAN DAERAH SARATOK, TINGKAT 1, WISMA PERSEKUTUAN, JALAN SARATOK,1.8852778,"['111.3058333', 'PPD SARATOK', 'RENDAH']",could not convert string to float: 'WISMA PERSEKUTUAN'
YCC2202,SEKOLAH JENIS KEBANGSAAN (CINA) MIN SYN SARATOK,D/A PEJABAT PENDIDIKAN DAERAH SARATOK, TINGKAT 1, WISMA PERSEKUTUAN, JALAN SARATOK,1.7386111,"['111.3355556', 'PPD SARATOK', 'RENDAH']",could not convert string to float: 'WISMA PERSEKUTUAN'
YCC2203,SEKOLAH JENIS KEBANGSAAN (CINA) CHUNG HUA KABONG,D/A PEJABAT PENDIDIKAN DAERAH SARATOK, TINGKAT 1, WISMA PERSEKUTUAN, JALAN SARATOK,1.923295,"['111.15351', 'PPD SARATOK', 'RENDAH']",could not convert string to float: 'WISMA PERSEKUTUAN'
YCC2401,SEKOLAH JENIS KEBANGSAAN (CINA) CHUNG HUA BETONG,D/A PEJABAT PENDIDIKAN DAERAH BETONG, JALAN YONG SHAU NEN,1.370564,111.575668,PPD BETONG,['RENDAH'],could not convert string to float: 'JALAN YONG SHAU NEN'
YCC2402,SEKOLAH JENIS KEBANGSAAN (CINA) CHUNG HUA DEBAK,D/A PEJABAT PENDIDIKAN DAERAH BETONG, JALAN YONG SHAU NEN,1.565615,111.423169,PPD BETONG,['RENDAH'],could not convert string to float: 'JALAN YONG SHAU NEN'
YCC2403,SEKOLAH JENIS KEBANGSAAN (CINA) CHUNG HUA SPAOH,D/A PEJABAT PENDIDIKAN DAERAH BETONG, JALAN YONG SHAU NEN,1.45,111.48,PPD BETONG,['RENDAH'],could not convert string to float: 'JALAN YONG SHAU NEN'
YCC2404,SEKOLAH JENIS KEBANGSAAN (CINA) CHUNG HUA PUSA,D/A PEJABAT PENDIDIKAN DAERAH BETONG, JALAN YONG SHAU NEN,1.461538,111.483164,PPD BETONG,['RENDAH'],could not convert string to float: 'JALAN YONG SHAU NEN'
YCC3101,SEKOLAH JENIS KEBANGSAAN (CINA) SACRED HEART CHINESE,D/A PEJABAT PENDIDIKAN DAERAH SIBU, TINGKAT 6, WISMA PERSEKUTUAN, BLOK 3, LOT 462,"[' BROOKE DRIVE', '2.286517', '111.834183', 'PPD SIBU', 'RENDAH']",could not convert string to float: 'WISMA PERSEKUTUAN'
YCC3103,SEKOLAH JENIS KEBANGSAAN (CINA) TUNG HUA,D/A PEJABAT PENDIDIKAN DAERAH SIBU, TINGKAT 6, WISMA PERSEKUTUAN, BLOK 3, LOT 462,"[' BROOKE DRIVE', '2.309067', '111.831283', 'PPD SIBU', 'RENDAH']",could not convert string to float: 'WISMA PERSEKUTUAN'
YCC3104,SEKOLAH JENIS KEBANGSAAN (CINA) GUONG ANN,D/A PEJABAT PENDIDIKAN DAERAH SIBU, TINGKAT 6, WISMA PERSEKUTUAN, BLOK 3, LOT 462,"[' BROOKE DRIVE', '2.320966667', '111.8376333', 'PPD SIBU', 'RENDAH']",could not convert string to float: 'WISMA PERSEKUTUAN'
YCC3105,SEKOLAH JENIS KEBANGSAAN (CINA) CHUNG HUA,D/A PEJABAT PENDIDIKAN DAERAH SIBU, TINGKAT 6, WISMA PERSEKUTUAN, BLOK 3, LOT 462,"[' BROOKE DRIVE', '2.289733333', '111.8268', 'PPD SIBU', 'RENDAH']",could not convert string to float: 'WISMA PERSEKUTUAN'
YCC3106,SEKOLAH JENIS KEBANGSAAN (CINA) DUNG SANG,D/A PEJABAT PENDIDIKAN DAERAH SIBU, TINGKAT 6, WISMA PERSEKUTUAN, BLOK 3, LOT 462,"[' BROOKE DRIVE', '2.306616667', '111.8518667', 'PPD SIBU', 'RENDAH']",could not convert string to float: 'WISMA PERSEKUTUAN'
YCC3107,SEKOLAH JENIS KEBANGSAAN (CINA) THAI KWANG,D/A PEJABAT PENDIDIKAN DAERAH SIBU, TINGKAT 6, WISMA PERSEKUTUAN, BLOK 3, LOT 462,"[' BROOKE DRIVE', '2.241583333', '111.8485167', 'PPD SIBU', 'RENDAH']",could not convert string to float: 'WISMA PERSEKUTUAN'
YCC3108,SEKOLAH JENIS KEBANGSAAN (CINA) UK DAIK,D/A PEJABAT PENDIDIKAN DAERAH SIBU, TINGKAT 6, WISMA PERSEKUTUAN, BLOK 3, LOT 462,"[' BROOKE DRIVE', '2.287066667', '111.8351', 'PPD SIBU', 'RENDAH']",could not convert string to float: 'WISMA PERSEKUTUAN'
YCC3109,SEKOLAH JENIS KEBANGSAAN (CINA) TIONG HIN,D/A PEJABAT PENDIDIKAN DAERAH SIBU, TINGKAT 6, WISMA PERSEKUTUAN, BLOK 3, LOT 462,"[' BROOKE DRIVE', '2.332383333', '111.84305', 'PPD SIBU', 'RENDAH']",could not convert string to float: 'WISMA PERSEKUTUAN'
YCC3110,SEKOLAH JENIS KEBANGSAAN (CINA) EK THEI,D/A PEJABAT PENDIDIKAN DAERAH SIBU, TINGKAT 6, WISMA PERSEKUTUAN, BLOK 3, LOT 462,"[' BROOKE DRIVE', '2.280333333', '111.8440833', 'PPD SIBU', 'RENDAH']",could not convert string to float: 'WISMA PERSEKUTUAN'
YCC3111,SEKOLAH JENIS KEBANGSAAN (CINA) CHUNG SING,D/A PEJABAT PENDIDIKAN DAERAH SIBU, TINGKAT 6, WISMA PERSEKUTUAN, BLOK 3, LOT 462,"[' BROOKE DRIVE', '2.285', '111.8435333', 'PPD SIBU', 'RENDAH']",could not convert string to float: 'WISMA PERSEKUTUAN'
YCC3112,SEKOLAH JENIS KEBANGSAAN (CINA) KIEW NANG,D/A PEJABAT PENDIDIKAN DAERAH SIBU, TINGKAT 6, WISMA PERSEKUTUAN, BLOK 3, LOT 462,"[' BROOKE DRIVE', '2.2536598', '111.8641636', 'PPD SIBU', 'RENDAH']",could not convert string to float: 'WISMA PERSEKUTUAN'
YCC3113,SEKOLAH JENIS KEBANGSAAN (CINA) THIAN HUA,D/A PEJABAT PENDIDIKAN DAERAH SIBU, TINGKAT 6, WISMA PERSEKUTUAN, BLOK 3, LOT 462,"[' BROOKE DRIVE', '2.24', '111.97', 'PPD SIBU', 'RENDAH']",could not convert string to float: 'WISMA PERSEKUTUAN'
YCC3201,SEKOLAH JENIS KEBANGSAAN (CINA) THIAN CHIN,D/A PEJABAT PENDIDIKAN DAERAH SIBU, TINGKAT 6, WISMA PERSEKUTUAN, BLOK 3, LOT 462,"[' BROOKE DRIVE', '2.306232', '111.891981', 'PPD SIBU', 'RENDAH']",could not convert string to float: 'WISMA PERSEKUTUAN'
YCC3203,SEKOLAH JENIS KEBANGSAAN (CINA) YONG CHENG,D/A PEJABAT PENDIDIKAN DAERAH SIBU, TINGKAT 6, WISMA PERSEKUTUAN, BLOK 3, LOT 462,"[' BROOKE DRIVE', '2.13', '112', 'PPD SIBU', 'RENDAH']",could not convert string to float: 'WISMA PERSEKUTUAN'
YCC3205,SEKOLAH JENIS KEBANGSAAN (CINA) DO NANG,D/A PEJABAT PENDIDIKAN DAERAH SIBU, TINGKAT 6, WISMA PERSEKUTUAN, BLOK 3, LOT 462,"[' BROOKE DRIVE', '2.332687', '111.865454', 'PPD SIBU', 'RENDAH']",could not convert string to float: 'WISMA PERSEKUTUAN'
YCC3206,SEKOLAH JENIS KEBANGSAAN (CINA) GUONG MING,D/A PEJABAT PENDIDIKAN DAERAH SIBU, TINGKAT 6, WISMA PERSEKUTUAN, BLOK 3, LOT 462,"[' BROOKE DRIVE', '2.09', '111.98', 'PPD SIBU', 'RENDAH']",could not convert string to float: 'WISMA PERSEKUTUAN'
YCC3208,SEKOLAH JENIS KEBANGSAAN (CINA) KENG NANG,D/A PEJABAT PENDIDIKAN DAERAH SIBU, TINGKAT 6, WISMA PERSEKUTUAN, BLOK 3, LOT 462,"[' BROOKE DRIVE', '2.2537348', '111.7588654', 'PPD SIBU', 'RENDAH']",could not convert string to float: 'WISMA PERSEKUTUAN'
YCC3209,SEKOLAH JENIS KEBANGSAAN (CINA) CHUNG UNG,D/A PEJABAT PENDIDIKAN DAERAH SIBU, TINGKAT 6, WISMA PERSEKUTUAN, BLOK 3, LOT 462,"[' BROOKE DRIVE', '2.250942', '111.85862', 'PPD SIBU', 'RENDAH']",could not convert string to float: 'WISMA PERSEKUTUAN'
YCC3210,SEKOLAH JENIS KEBANGSAAN (CINA) TUNG KIEW,D/A PEJABAT PENDIDIKAN DAERAH  SIBU, TINGKAT 6, WISMA PERSEKUTUAN, BLOK 3, LOT 462,"[' BROOKE DRIVE', '2.19', '112.02', 'PPD SIBU', 'RENDAH']",could not convert string to float: 'WISMA PERSEKUTUAN'
YCC3211,SEKOLAH JENIS KEBANGSAAN (CINA) NANG KIANG,D/A PEJABAT PENDIDIKAN DAERAH SIBU, TINGKAT 6, WISMA PERSEKUTUAN, BLOK 3, LOT 462,"[' BROOKE DRIVE', '2.2427778', '111.8305556', 'PPD SIBU', 'RENDAH']",could not convert string to float: 'WISMA PERSEKUTUAN'
YCC3212,SEKOLAH JENIS KEBANGSAAN (CINA) HANG KWONG,D/A PEJABAT PENDIDIKAN DAERAH  SIBU, TINGKAT 6, WISMA PERSEKUTUAN, BLOK 3, LOT 462,"[' BROOKE DRIVE', '2.287493', '111.832959', 'PPD SIBU', 'RENDAH']",could not convert string to float: 'WISMA PERSEKUTUAN'
YCC3213,SEKOLAH JENIS KEBANGSAAN (CINA) YONG SHING,D/A PEJABAT PENDIDIKAN DAERAH SIBU, TINGKAT 6, WISMA PERSEKUTUAN, BLOK 3, LOT 462,"[' BROOKE DRIVE', '2.28157', '111.844897', 'PPD SIBU', 'RENDAH']",could not convert string to float: 'WISMA PERSEKUTUAN'
YCC3214,SEKOLAH JENIS KEBANGSAAN (CINA) KAI NANG,D/A PEJABAT PENDIDIKAN DAERAH  SIBU, TINGKAT 6, WISMA PERSEKUTUAN, BLOK 3, LOT 462,"[' BROOKE DRIVE', '2.2473025', '111.7514169', 'PPD SIBU', 'RENDAH']",could not convert string to float: 'WISMA PERSEKUTUAN'
YCC3215,SEKOLAH JENIS KEBANGSAAN (CINA) SU LAI,D/A PEJABAT PENDIDIKAN DAERAH SIBU, TINGKAT 6, WISMA PERSEKUTUAN, BLOK 3, LOT 462,"[' BROOKE DRIVE', '2.319933333', '111.84745', 'PPD SIBU', 'RENDAH']",could not convert string to float: 'WISMA PERSEKUTUAN'
YCC3217,SEKOLAH JENIS KEBANGSAAN (CINA) TING SING,D/A PEJABAT PENDIDIKAN DAERAH SIBU, TINGKAT 6, WISMA PERSEKUTUAN, BLOK 3, LOT 462,"[' BROOKE DRIVE', '2.313795', '111.677313', 'PPD SIBU', 'RENDAH']",could not convert string to float: 'WISMA PERSEKUTUAN'
YCC3219,SEKOLAH JENIS KEBANGSAAN (CINA) SUNG SANG,D/A PEJABAT PENDIDIKAN DAERAH SIBU, TINGKAT 6, WISMA PERSEKUTUAN, BLOK 3, LOT 462,"[' BROOKE DRIVE', '2.22', '111.91', 'PPD SIBU', 'RENDAH']",could not convert string to float: 'WISMA PERSEKUTUAN'
YCC3220,SEKOLAH JENIS KEBANGSAAN (CINA) NANG SANG,D/A PEJABAT PENDIDIKAN DAERAH SIBU, TINGKAT 6, WISMA PERSEKUTUAN, BLOK 3, LOT 462,"[' BROOKE DRIVE', '2.3325', '111.8652778', 'PPD SIBU', 'RENDAH']",could not convert string to float: 'WISMA PERSEKUTUAN'
YCC3221,SEKOLAH JENIS KEBANGSAAN (CINA) SAM LAM,D/A PEJABAT PENDIDIKAN DAERAH  SIBU, TINGKAT 6, WISMA PERSEKUTUAN, BLOK 3, LOT 462,"[' BROOKE DRIVE', '2.3', '111.83', 'PPD SIBU', 'RENDAH']",could not convert string to float: 'WISMA PERSEKUTUAN'
YCC3222,SEKOLAH JENIS KEBANGSAAN (CINA) KWONG HUA,D/A PEJABAT PENDIDIKAN DAERAH  SIBU, TINGKAT 6, WISMA PERSEKUTUAN, BLOK 3, LOT 462,"[' BROOKE DRIVE', '2.248337', '111.79901', 'PPD SIBU', 'RENDAH']",could not convert string to float: 'WISMA PERSEKUTUAN'
YCC3223,SEKOLAH JENIS KEBANGSAAN (CINA) ING GUONG,D/A PEJABAT PENDIDIKAN DAERAH  SIBU, TINGKAT 6, WISMA PERSEKUTUAN, BLOK 3, LOT 462,"[' BROOKE DRIVE', '2.313795', '111.677313', 'PPD SIBU', 'RENDAH']",could not convert string to float: 'WISMA PERSEKUTUAN'
YCC3225,SEKOLAH JENIS KEBANGSAAN (CINA) SING MING,D/A PEJABAT PENDIDIKAN DAERAH  SIBU, TINGKAT 6, WISMA PERSEKUTUAN, BLOK 3, LOT 462,"[' BROOKE DRIVE', '2.305219', '111.841335', 'PPD SIBU', 'RENDAH']",could not convert string to float: 'WISMA PERSEKUTUAN'
YCC3226,SEKOLAH JENIS KEBANGSAAN (CINA) UNG NANG,D/A PEJABAT PENDIDIKAN DAERAH  SIBU, TINGKAT 6, WISMA PERSEKUTUAN, BLOK 3, LOT 462,"[' BROOKE DRIVE', '2.2794444', '111.7363889', 'PPD SIBU', 'RENDAH']",could not convert string to float: 'WISMA PERSEKUTUAN'
YCC3228,SEKOLAH JENIS KEBANGSAAN (CINA) KWONG KOK,D/A PEJABAT PENDIDIKAN DAERAH SIBU, TINGKAT 6, WISMA PERSEKUTUAN, BLOK 3, LOT 462,"[' BROOKE DRIVE', '2.248637', '111.878586', 'PPD SIBU', 'RENDAH']",could not convert string to float: 'WISMA PERSEKUTUAN'
YCC3230,SEKOLAH JENIS KEBANGSAAN (CINA) CHAO SU,D/A PEJABAT PENDIDIKAN DAERAH SIBU, TINGKAT 6, WISMA PERSEKUTUAN, BLOK 3, LOT 462,"[' BROOKE DRIVE', '2.313924', '111.677914', 'PPD SIBU', 'RENDAH']",could not convert string to float: 'WISMA PERSEKUTUAN'
YCC3231,SEKOLAH JENIS KEBANGSAAN (CINA) BOI ING,D/A PEJABAT PENDIDIKAN DAERAH  SIBU, TINGKAT 6, WISMA PERSEKUTUAN, BLOK 3, LOT 462,"[' BROOKE DRIVE', '2.314567', '111.678944', 'PPD SIBU', 'RENDAH']",could not convert string to float: 'WISMA PERSEKUTUAN'
YCC3232,SEKOLAH JENIS KEBANGSAAN (CINA) TAI TUNG 2,D/A PEJABAT PENDIDIKAN DAERAH SIBU, TINGKAT 6, WISMA PERSEKUTUAN, BLOK 3, LOT 462,"[' BROOKE DRIVE', '2.27', '111.76', 'PPD SIBU', 'RENDAH']",could not convert string to float: 'WISMA PERSEKUTUAN'
YCC3233,SEKOLAH JENIS KEBANGSAAN (CINA) HING UNG,D/A PEJABAT PENDIDIKAN DAERAH  SIBU, TINGKAT 6, WISMA PERSEKUTUAN, BLOK 3, LOT 462,"[' BROOKE DRIVE', '2.293899', '111.853094', 'PPD SIBU', 'RENDAH']",could not convert string to float: 'WISMA PERSEKUTUAN'
YCC3234,SEKOLAH JENIS KEBANGSAAN (CINA) KIANG HIN,D/A PEJABAT PENDIDIKAN DAERAH  SIBU, TINGKAT 6, WISMA PERSEKUTUAN, BLOK 3, LOT 462,"[' BROOKE DRIVE', '2.354583333', '111.8725167', 'PPD SIBU', 'RENDAH']",could not convert string to float: 'WISMA PERSEKUTUAN'
YCC3235,SEKOLAH JENIS KEBANGSAAN (CINA) NENG SHING,D/A PEJABAT PENDIDIKAN DAERAH SIBU, TINGKAT 6, WISMA PERSEKUTUAN, BLOK 3, LOT 462,"[' BROOKE DRIVE', '2.15811', '112.00789', 'PPD SIBU', 'RENDAH']",could not convert string to float: 'WISMA PERSEKUTUAN'
YCC3236,SEKOLAH JENIS KEBANGSAAN (CINA) CHUNG CHENG,D/A PEJABAT PENDIDIKAN DAERAH  SIBU, TINGKAT 6, WISMA PERSEKUTUAN, BLOK 3, LOT 462,"[' BROOKE DRIVE', '2.2427274', '111.776338', 'PPD SIBU', 'RENDAH']",could not convert string to float: 'WISMA PERSEKUTUAN'
YCC3237,SEKOLAH JENIS KEBANGSAAN (CINA) KAI DEE,D/A PEJABAT PENDIDIKAN DAERAH  SIBU, TINGKAT 6, WISMA PERSEKUTUAN, BLOK 3, LOT 462,"[' BROOKE DRIVE', '2.296086', '111.589372', 'PPD SIBU', 'RENDAH']",could not convert string to float: 'WISMA PERSEKUTUAN'
YCC3238,SEKOLAH JENIS KEBANGSAAN (CINA) YUK CHAI,D/A PEJABAT PENDIDIKAN DAERAH SIBU, TINGKAT 6, WISMA PERSEKUTUAN, BLOK 3, LOT 462,"[' BROOKE DRIVE', '2.310033', '111.8400412', 'PPD SIBU', 'RENDAH']",could not convert string to float: 'WISMA PERSEKUTUAN'
YCC3305,SEKOLAH JENIS KEBANGSAAN (CINA) LIANG HUA,LIAN HUP ESTATE, SUNGAI DAJI,2.08,112.2,PPD KANOWIT,['RENDAH'],could not convert string to float: 'SUNGAI DAJI'
YCC3306,SEKOLAH JENIS KEBANGSAAN (CINA) SHING KOK,SG. PEDAI, JALAN NIBONG TADA,2.133083333,112.1299,PPD KANOWIT,['RENDAH'],could not convert string to float: 'JALAN NIBONG TADA'
YCC3402,SEKOLAH JENIS KEBANGSAAN (CINA) EK HUA,D/A PEJABAT PENDIDIKAN DAERAH MUKAH, JALAN HAJI MOHAMAD FAUZI,2.879728,112.14565,PPD MUKAH,['RENDAH'],could not convert string to float: 'JALAN HAJI MOHAMAD FAUZI'
YCC3403,SEKOLAH JENIS KEBANGSAAN (CINA) CHONG BOON,D/A PEJABAT PENDIDIKAN DAERAH MUKAH, JALAN HAJI MOHAMAD FAUZI,2.898242,112.094714,PPD MUKAH,['RENDAH'],could not convert string to float: 'JALAN HAJI MOHAMAD FAUZI'
YCC3404,SEKOLAH JENIS KEBANGSAAN (CINA) CHUNG HUA BALINGIAN,D/A PEJABAT PENDIDIKAN DAERAH MUKAH, JALAN HAJI MOHAMAD FAUZI,2.932765,112.541353,PPD MUKAH,['RENDAH'],could not convert string to float: 'JALAN HAJI MOHAMAD FAUZI'
YCC3405,SEKOLAH JENIS KEBANGSAAN (CINA) TONG AH,KM 83, JALAN SIBU-BINTULU, SELANGAU,2.528916667,112.3255833,"['PPD SELANGAU', 'RENDAH']",could not convert string to float: 'SELANGAU'
YCC4101,SEKOLAH JENIS KEBANGSAAN (CINA) CHUNG HUA MIRI,D/A PEJABAT PENDIDIKAN DAERAH MIRI, TINGKAT 2, WISMA PERSEKUTUAN, JALAN KIPAS,4.392766667,"['113.9897833', 'PPD MIRI', 'RENDAH']",could not convert string to float: 'WISMA PERSEKUTUAN'
YCC4102,SEKOLAH JENIS KEBANGSAAN (CINA) CHUNG HUA KROKOP,D/A PEJABAT PENDIDIKAN DAERAH MIRI, TINGKAT 2, WISMA PERSEKUTUAN, JALAN KIPAS,4.4222,"['113.99815', 'PPD MIRI', 'RENDAH']",could not convert string to float: 'WISMA PERSEKUTUAN'
YCC4103,SEKOLAH JENIS KEBANGSAAN (CINA) CHUNG HUA LUTONG,JALAN SEKOLAH, LUTONG,4.467816667,114.0044833,PPD MIRI,['RENDAH'],could not convert string to float: 'LUTONG'
YCC4104,SEKOLAH JENIS KEBANGSAAN (CINA) CHUNG HUA PUJUT,D/A PEJABAT PENDIDIKAN DAERAH MIRI, TINGKAT 2, WISMA PERSEKUTUAN, JALAN KIPAS,4.4384,"['114.0140333', 'PPD MIRI', 'RENDAH']",could not convert string to float: 'WISMA PERSEKUTUAN'
YCC4105,SEKOLAH JENIS KEBANGSAAN (CINA) CHUNG HUA BAKAM,D/A PEJABAT PENDIDIKAN DAERAH MIRI, TINGKAT 2, WISMA PERSEKUTUAN, JALAN KIPAS,4.239583333,"['113.9599833', 'PPD MIRI', 'RENDAH']",could not convert string to float: 'WISMA PERSEKUTUAN'
YCC4106,SEKOLAH JENIS KEBANGSAAN (CINA) CHUNG SAN MIRI,D/A PEJABAT PENDIDIKAN DAERAH MIRI, TINGKAT 2, WISMA PERSEKUTUAN, JALAN KIPAS,4.342583333,"['114.0030167', 'PPD MIRI', 'RENDAH']",could not convert string to float: 'WISMA PERSEKUTUAN'
YCC4107,SEKOLAH JENIS KEBANGSAAN (CINA) CHUNG HUA TUDAN,D/A PEJABAT PENDIDIKAN DAERAH MIRI, TINGKAT 2, WISMA PERSEKUTUAN, JALAN KIPAS,4.4798246,"['114.0454781', 'PPD MIRI', 'RENDAH']",could not convert string to float: 'WISMA PERSEKUTUAN'
YCC4302,SEKOLAH JENIS KEBANGSAAN (CINA) CHUNG HUA,D/A PEJABAT PENDIDIKAN DAERAH BARAM, JALAN KAMPUNG NARUM,4.179582,114.323827,PPD BARAM,['RENDAH'],could not convert string to float: 'JALAN KAMPUNG NARUM'
YCC4305,SEKOLAH JENIS KEBANGSAAN (CINA) HUA NAM,D/A PEJABAT PENDIDIKAN DAERAH BARAM, JALAN KAMPUNG NARUM,4.129354,114.348339,PPD BARAM,['RENDAH'],could not convert string to float: 'JALAN KAMPUNG NARUM'
YCC5101,SEKOLAH JENIS KEBANGSAAN (CINA) CHUNG HWA LIMBANG,D/A PEJABAT PENDIDIKAN DAERAH LIMBANG, TINGKAT 1, WISMA PERSEKUTUAN, JALAN MUHIBBAH,4.75345,"['115.0105', 'PPD LIMBANG', 'RENDAH']",could not convert string to float: 'WISMA PERSEKUTUAN'
YCC5102,SEKOLAH JENIS KEBANGSAAN (CINA) YUK HIN,D/A PEJABAT PENDIDIKAN DAERAH LIMBANG, TINGKAT 1, WISMA PERSEKUTUAN, JALAN MUHIBBAH,4.761493,"['115.028873', 'PPD LIMBANG', 'RENDAH']",could not convert string to float: 'WISMA PERSEKUTUAN'
YCC5201,SEKOLAH JENIS KEBANGSAAN (CINA) CHUNG HUA TRUSAN,D/A PEJABAT PENDIDIKAN DAERAH LAWAS, TINGKAT BAWAH, WISMA PERSEKUTUAN,4.78435,115.2760667,"['PPD LAWAS', 'RENDAH']",could not convert string to float: 'WISMA PERSEKUTUAN'
YCC5202,SEKOLAH JENIS KEBANGSAAN (CINA) CHUNG HWA LAWAS,D/A PEJABAT PENDIDIKAN DAERAH LAWAS, TINGKAT BAWAH, WISMA PERSEKUTUAN,4.86155,115.4051333,"['PPD LAWAS', 'RENDAH']",could not convert string to float: 'WISMA PERSEKUTUAN'
YCC5203,SEKOLAH JENIS KEBANGSAAN (CINA) SOON HWA SUNDAR,D/A PEJABAT PENDIDIKAN DAERAH LAWAS, TINGKAT BAWAH, WISMA PERSEKUTUAN,4.887986,115.207647,"['PPD LAWAS', 'RENDAH']",could not convert string to float: 'WISMA PERSEKUTUAN'
YCC6102,SEKOLAH JENIS KEBANGSAAN (CINA) BULAT,D/A PEJABAT PENDIDIKAN DAERAH SARIKEI, TINGKAT 1, WISMA PERSEKUTUAN, JALAN BANGUNAN KERAJAAN,2.05032,"['111.536944', 'PPD SARIKEI', 'RENDAH']",could not convert string to float: 'WISMA PERSEKUTUAN'
YCC6103,SEKOLAH JENIS KEBANGSAAN (CINA) KWANG CHIEN,D/A PEJABAT PENDIDIKAN DAERAH SARIKEI, TINGKAT 1, WISMA PERSEKUTUAN, JALAN BANGUNAN KERAJAAN,2.13065,"['111.5232333', 'PPD SARIKEI', 'RENDAH']",could not convert string to float: 'WISMA PERSEKUTUAN'
YCC6104,SEKOLAH JENIS KEBANGSAAN (CINA) SU HING,D/A PEJABAT PENDIDIKAN DAERAH SARIKEI, TINGKAT 1, WISMA PERSEKUTUAN, JALAN BANGUNAN KERAJAAN,2.132096,"['111.521509', 'PPD SARIKEI', 'RENDAH']",could not convert string to float: 'WISMA PERSEKUTUAN'
YCC6105,SEKOLAH JENIS KEBANGSAAN (CINA) SU KWONG,D/A PEJABAT PENDIDIKAN DAERAH SARIKEI, TINGKAT 1, WISMA PERSEKUTUAN, JALAN BANGUNAN KERAJAAN,2.09,"['111.52', 'PPD SARIKEI', 'RENDAH']",could not convert string to float: 'WISMA PERSEKUTUAN'
YCC6106,SEKOLAH JENIS KEBANGSAAN (CINA) SU MING,D/A PEJABAT PENDIDIKAN DAERAH SARIKEI, TINGKAT 1, WISMA PERSEKUTUAN, JALAN BANGUNAN KERAJAAN,2.13,"['111.55', 'PPD SARIKEI', 'RENDAH']",could not convert string to float: 'WISMA PERSEKUTUAN'
YCC6107,SEKOLAH JENIS KEBANGSAAN (CINA) SU TAK,D/A PEJABAT PENDIDIKAN DAERAH SARIKEI, TINGKAT 1, WISMA PERSEKUTUAN, JALAN BANGUNAN KERAJAAN,2.05,"['111.55', 'PPD SARIKEI', 'RENDAH']",could not convert string to float: 'WISMA PERSEKUTUAN'
YCC6108,SEKOLAH JENIS KEBANGSAAN (CINA) SIUNG HUA,D/A PEJABAT PENDIDIKAN DAERAH SARIKEI, TINGKAT 1, WISMA PERSEKUTUAN, JALAN BANGUNAN KERAJAAN,2.070566667,"['111.5377167', 'PPD SARIKEI', 'RENDAH']",could not convert string to float: 'WISMA PERSEKUTUAN'
YCC6110,SEKOLAH JENIS KEBANGSAAN (CINA) WAH MAN,D/A PEJABAT PENDIDIKAN DAERAH SARIKEI, TINGKAT 1, WISMA PERSEKUTUAN, JALAN BANGUNAN KERAJAAN,2.11,"['111.53', 'PPD SARIKEI', 'RENDAH']",could not convert string to float: 'WISMA PERSEKUTUAN'
YCC6111,SEKOLAH JENIS KEBANGSAAN (CINA) SING MING,D/A PEJABAT PENDIDIKAN DAERAH SARIKEI, TINGKAT 1, WISMA PERSEKUTUAN, JALAN BANGUNAN KERAJAAN,2.081451,"['111.680317', 'PPD SARIKEI', 'RENDAH']",could not convert string to float: 'WISMA PERSEKUTUAN'
YCC6112,SEKOLAH JENIS KEBANGSAAN (CINA) SU LEE,D/A PEJABAT PENDIDIKAN DAERAH SARIKEI, TINGKAT 1, WISMA PERSEKUTUAN, JALAN BANGUNAN KERAJAAN,2.121283333,"['111.5062167', 'PPD SARIKEI', 'RENDAH']",could not convert string to float: 'WISMA PERSEKUTUAN'
YCC6113,SEKOLAH JENIS KEBANGSAAN (CINA) SU DOK,D/A PEJABAT PENDIDIKAN DAERAH SARIKEI, TINGKAT 1, WISMA PERSEKUTUAN, JALAN BANGUNAN KERAJAAN,2.034016667,"['111.5751167', 'PPD SARIKEI', 'RENDAH']",could not convert string to float: 'WISMA PERSEKUTUAN'
YCC6114,SEKOLAH JENIS KEBANGSAAN (CINA) SAN MING,D/A PEJABAT PENDIDIKAN DAERAH SARIKEI, TINGKAT 1, WISMA PERSEKUTUAN, JALAN BANGUNAN KERAJAAN,2.05479,"['111.413712', 'PPD SARIKEI', 'RENDAH']",could not convert string to float: 'WISMA PERSEKUTUAN'
YCC6115,SEKOLAH JENIS KEBANGSAAN (CINA) MING TAK,D/A PEJABAT PENDIDIKAN DAERAH SARIKEI, TINGKAT 1, WISMA PERSEKUTUAN, JALAN BANGUNAN KERAJAAN,2.042583333,"['111.6055167', 'PPD SARIKEI', 'RENDAH']",could not convert string to float: 'WISMA PERSEKUTUAN'
YCC6117,SEKOLAH JENIS KEBANGSAAN (CINA) ST MARTIN,D/A PEJABAT PENDIDIKAN DAERAH SARIKEI, TINGKAT 1, WISMA PERSEKUTUAN, JALAN BANGUNAN KERAJAAN,2.04115,"['111.4934667', 'PPD SARIKEI', 'RENDAH']",could not convert string to float: 'WISMA PERSEKUTUAN'
YCC6302,SEKOLAH JENIS KEBANGSAAN (CINA) KUNG CHENG,D/A PEJABAT PENDIDIKAN DAERAH MERADONG, JALAN BERJAYA,2.088485,111.687012,PPD MARADONG,['RENDAH'],could not convert string to float: 'JALAN BERJAYA'
YCC6303,SEKOLAH JENIS KEBANGSAAN (CINA) MING LU,D/A PEJABAT PENDIDIKAN DAERAH MERADONG, JALAN BERJAYA,2.103633333,111.6902333,PPD MARADONG,['RENDAH'],could not convert string to float: 'JALAN BERJAYA'
YCC6304,SEKOLAH JENIS KEBANGSAAN (CINA) YONG KWONG,D/A PEJABAT PENDIDIKAN DAERAH MERADONG, JALAN BERJAYA,2.083681,111.681175,PPD MARADONG,['RENDAH'],could not convert string to float: 'JALAN BERJAYA'
YCC6305,SEKOLAH JENIS KEBANGSAAN (CINA) TONG HUA,D/A PEJABAT PENDIDIKAN DAERAH MERADONG, JALAN BERJAYA,2.154229,111.738124,PPD MARADONG,['RENDAH'],could not convert string to float: 'JALAN BERJAYA'
YCC6306,SEKOLAH JENIS KEBANGSAAN (CINA) NAN CHIEW,D/A PEJABAT PENDIDIKAN DAERAH MERADONG, JALAN BERJAYA,2.076991,111.68169,PPD MARADONG,['RENDAH'],could not convert string to float: 'JALAN BERJAYA'
YCC6307,SEKOLAH JENIS KEBANGSAAN (CINA) TUNG KWONG,D/A PEJABAT PENDIDIKAN DAERAH MERADONG, JALAN BERJAYA,2.1005,111.7047,PPD MARADONG,['RENDAH'],could not convert string to float: 'JALAN BERJAYA'
YCC6308,SEKOLAH JENIS KEBANGSAAN (CINA) MING CHIANG,D/A PEJABAT PENDIDIKAN DAERAH MERADONG, JALAN BERJAYA,2.150166667,111.6235333,PPD MARADONG,['RENDAH'],could not convert string to float: 'JALAN BERJAYA'
YCC6309,SEKOLAH JENIS KEBANGSAAN (CINA) MING SHING,D/A PEJABAT PENDIDIKAN DAERAH MERADONG, JALAN BERJAYA,2.1976,111.63467,PPD MARADONG,['RENDAH'],could not convert string to float: 'JALAN BERJAYA'
YCC6310,SEKOLAH JENIS KEBANGSAAN (CINA) KAI CHUNG,D/A PEJABAT PENDIDIKAN DAERAH MERADONG, JALAN BERJAYA,2.17,111.64,PPD MARADONG,['RENDAH'],could not convert string to float: 'JALAN BERJAYA'
YCC6311,SEKOLAH JENIS KEBANGSAAN (CINA) MING TEE,D/A PEJABAT PENDIDIKAN DAERAH MERADONG, JALAN BERJAYA,2.149966667,111.6632333,PPD MARADONG,['RENDAH'],could not convert string to float: 'JALAN BERJAYA'
YCC6313,SEKOLAH JENIS KEBANGSAAN (CINA) MIN DAIK,D/A PEJABAT PENDIDIKAN DAERAH MERADONG, JALAN BERJAYA,2.08,111.68,PPD MARADONG,['RENDAH'],could not convert string to float: 'JALAN BERJAYA'
YCC6314,SEKOLAH JENIS KEBANGSAAN (CINA) MING CHING,D/A PEJABAT PENDIDIKAN DAERAH MERADONG, JALAN BERJAYA,2.083733333,111.6886,PPD MARADONG,['RENDAH'],could not convert string to float: 'JALAN BERJAYA'
YCC6315,SEKOLAH JENIS KEBANGSAAN (CINA) NANG HUA,D/A PEJABAT PENDIDIKAN DAERAH MERADONG, JALAN BERJAYA,2.11,111.7,PPD MARADONG,['RENDAH'],could not convert string to float: 'JALAN BERJAYA'
YCC6317,SEKOLAH JENIS KEBANGSAAN (CINA) KAI SING,D/A PEJABAT PENDIDIKAN DAERAH MERADONG, JALAN BERJAYA,2.08405,111.7066167,PPD MARADONG,['RENDAH'],could not convert string to float: 'JALAN BERJAYA'
YCC7101,SEKOLAH JENIS KEBANGSAAN (CINA) HOCK LAM,D/A PEJABAT PENDIDIKAN DAERAH KAPIT, TINGKAT 1 & 2, WISMA PERSEKUTUAN, JALAN PENGHULU NYANGGAU,2.016833333,"['112.9386167', 'PPD KAPIT', 'RENDAH']",could not convert string to float: 'WISMA PERSEKUTUAN'
YCC8101,SEKOLAH JENIS KEBANGSAAN (CINA) CHUNG HUA SG JERNANG,D/A PEJABAT PENDIDIKAN DAERAH SAMARAHAN, JALAN DATO MOHD MUSA,1.481474,110.41546,PPD SAMARAHAN,['RENDAH'],could not convert string to float: 'JALAN DATO MOHD MUSA'
YCC8102,SEKOLAH JENIS KEBANGSAAN (CINA) CHUNG HUA TAMBIRAT,D/A PEJABAT PENDIDIKAN DAERAH SAMARAHAN, JALAN DATO MOHD MUSA,1.544443,110.521109,PPD SAMARAHAN,['RENDAH'],could not convert string to float: 'JALAN DATO MOHD MUSA'
YCC8103,SEKOLAH JENIS KEBANGSAAN (CINA) CHUNG HUA ASAJAYA,D/A PEJABAT PENDIDIKAN DAERAH SAMARAHAN, JALAN DATO MOHD MUSA,1.543111,110.615563,PPD SAMARAHAN,['RENDAH'],could not convert string to float: 'JALAN DATO MOHD MUSA'
YCC8104,SEKOLAH JENIS KEBANGSAAN (CINA) CHUNG HUA SAMBIR,LOT 167, BLOCK 18, MTLD, JLN  ASAJAYA/SADONG JAYA,1.571663,"['110.541773', 'PPD SAMARAHAN', 'RENDAH']",could not convert string to float: 'MTLD'
YCC8201,SEKOLAH JENIS KEBANGSAAN (CINA) CHUNG HUA SERIAN,D/A PEJABAT PENDIDIKAN DAERAH SERIAN, BATU 1, JALAN SERIAN/SRI AMAN,1.17,110.57,"['PPD SERIAN', 'RENDAH']",could not convert string to float: 'JALAN SERIAN/SRI AMAN'
YCC8202,SEKOLAH JENIS KEBANGSAAN (CINA) CHUNG HUA BATU 29,D/A PEJABAT PENDIDIKAN DAERAH SERIAN, BATU 1, JALAN SERIAN/SRI AMAN,1.26,110.48,"['PPD SERIAN', 'RENDAH']",could not convert string to float: 'JALAN SERIAN/SRI AMAN'
YCC8204,SEKOLAH JENIS KEBANGSAAN (CINA) CHUNG HUA BATU 35,D/A PEJABAT PENDIDIKAN DAERAH SERIAN, BATU 1, JALAN SERIAN/SRI AMAN,1.2,110.54,"['PPD SERIAN', 'RENDAH']",could not convert string to float: 'JALAN SERIAN/SRI AMAN'
YCC8205,SEKOLAH JENIS KEBANGSAAN (CINA) CHUNG HUA BATU 32,D/A PEJABAT PENDIDIKAN DAERAH SERIAN, BATU 1, JALAN SERIAN/SRI AMAN,1.22,110.51,"['PPD SERIAN', 'RENDAH']",could not convert string to float: 'JALAN SERIAN/SRI AMAN'
YCC8302,SEKOLAH JENIS KEBANGSAAN (CINA) CHUNG HUA SEMERA,D/A PEJABAT PENDIDIKAN DAERAH SAMARAHAN, JALAN DATO MOHD MUSA,1.548111,110.670884,PPD SAMARAHAN,['RENDAH'],could not convert string to float: 'JALAN DATO MOHD MUSA'
YCC8304,SEKOLAH JENIS KEBANGSAAN (CINA) CHUNG HUA JEMUKAN,D/A PEJABAT PENDIDIKAN DAERAH SAMARAHAN, JALAN DATO MOHD MUSA,1.533357,110.685424,PPD SAMARAHAN,['RENDAH'],could not convert string to float: 'JALAN DATO MOHD MUSA'
YCC9101,SEKOLAH JENIS KEBANGSAAN (CINA) CHUNG HUA BINTULU,D/A PEJABAT PENDIDIKAN DAERAH BINTULU, KM. 5, JALAN SULTAN ISKANDAR,3.189283333,113.0375833,"['PPD BINTULU', 'RENDAH']",could not convert string to float: 'JALAN SULTAN ISKANDAR'
YCC9103,SEKOLAH JENIS KEBANGSAAN (CINA) SIONG BOON,D/A PEJABAT PENDIDIKAN DAERAH BINTULU, KM. 5, JALAN SULTAN ISKANDAR,3.1811,113.07265,"['PPD BINTULU', 'RENDAH']",could not convert string to float: 'JALAN SULTAN ISKANDAR'
YCC9104,SEKOLAH JENIS KEBANGSAAN (CINA) CHUNG HUA BINTULU 2,D/A PEJABAT PENDIDIKAN DAERAH BINTULU, KM. 5, JALAN SULTAN ISKANDAR,3.2087968,113.0588436,"['PPD BINTULU', 'RENDAH']",could not convert string to float: 'JALAN SULTAN ISKANDAR'
YCC9201,SEKOLAH JENIS KEBANGSAAN (CINA) CHUNG HUA TATAU,D/A PEJABAT PENDIDIKAN DAERAH TATAU, JALAN KAMPUNG DAGANG,2.879616667,112.8582,PPD TATAU/SEBAUH,['RENDAH'],could not convert string to float: 'JALAN KAMPUNG DAGANG'
YCE2101,SEKOLAH KEBANGSAAN ST LUKE,D/A PEJABAT PENDIDIKAN DAERAH SRI AMAN, TINGKAT 2, WISMA PERSEKUTUAN, JALAN ABANG AING,1.227933333,"['111.46835', 'PPD SRI AMAN', 'RENDAH']",could not convert string to float: 'WISMA PERSEKUTUAN'
YCH3101,SEKOLAH JENIS KEBANGSAAN (CINA) METHODIST,D/A PEJABAT PENDIDIKAN DAERAH SIBU, TINGKAT 6, WISMA PERSEKUTUAN, BLOK 3, LOT 462,"[' BROOKE DRIVE', '2.289367', '111.825733', 'PPD SIBU', 'RENDAH']",could not convert string to float: 'WISMA PERSEKUTUAN'
YCH6101,SEKOLAH KEBANGSAAN METHODIST ANGLO-CHINESE,D/A PEJABAT PENDIDIKAN DAERAH SARIKEI, TINGKAT 1, WISMA PERSEKUTUAN, JALAN BANGUNAN KERAJAAN,2.129617,"['111.521217', 'PPD SARIKEI', 'RENDAH']",could not convert string to float: 'WISMA PERSEKUTUAN'
YEA1201,SEKOLAH MENENGAH KEBANGSAAN D P H ABDUL GAPOR,LORONG STAMPIN 23, JALAN STAMPIN,1.51725,110.3513667,PPD KUCHING,['MENENGAH'],could not convert string to float: 'JALAN STAMPIN'
YEA1206,SEKOLAH MENENGAH KEBANGSAAN JALAN ARANG,LORONG 13, JALAN ARANG,1.50325,110.3279333,PPD PADAWAN,['MENENGAH'],could not convert string to float: 'JALAN ARANG'
YEA1207,SEKOLAH MENENGAH KEBANGSAAN DEMAK BARU,JALAN DIPLOMATIK,OFF JALAN BAKO,1.586469,110.36921,PPD KUCHING,['MENENGAH'],could not convert string to float: 'OFF JALAN BAKO'
YEA1208,SEKOLAH MENENGAH KEBANGSAAN MATANG JAYA,TAMAN MATANG  JAYA, JALAN MATANG,1.581883333,110.3071833,PPD PADAWAN,['MENENGAH'],could not convert string to float: 'JALAN MATANG'
YEA1210,SEKOLAH SENI MALAYSIA SARAWAK,JALAN SULTAN TENGAH, PETRA JAYA,1.55,110.34,PPD KUCHING,['MENENGAH'],could not convert string to float: 'PETRA JAYA'
YEA1211,SEKOLAH MENENGAH SAINS KUCHING UTARA,LOT 2666, LORONG 6A9, MATANG JAYA,1.583283,110.303131,"['PPD PADAWAN', 'MENENGAH']",could not convert string to float: 'MATANG JAYA'
YEA1301,SEKOLAH MENENGAH KEBANGSAAN PETRA JAYA,JALAN SEMARAK, PETRA JAYA,1.564983333,110.31885,PPD KUCHING,['MENENGAH'],could not convert string to float: 'PETRA JAYA'
YEA1302,SEKOLAH MENENGAH KEBANGSAAN WIRA PENRISSEN,KM 14, JALAN KUCHING-SERIAN,1.444593,110.325981,PPD SAMARAHAN,['MENENGAH'],could not convert string to float: 'JALAN KUCHING-SERIAN'
YEA1304,SEKOLAH MENENGAH KEBANGSAAN BATU KAWA,JALAN BATU KAWA, OFF JALAN FIELD FORCE,1.518966667,110.2917333,PPD PADAWAN,['MENENGAH'],could not convert string to float: 'OFF JALAN FIELD FORCE'
YEA1305,SEKOLAH MENENGAH KEBANGSAAN SANTUBONG,JALAN PANTAI PUTERI, SANTUBONG,1.651331,110.334604,PPD KUCHING,['MENENGAH'],could not convert string to float: 'SANTUBONG'
YEA1306,SEKOLAH MENENGAH KEBANGSAAN PADAWAN,KM 14, JALAN PADAWAN,1.219519,110.371828,PPD PADAWAN,['MENENGAH'],could not convert string to float: 'JALAN PADAWAN'
YEA1308,SEKOLAH MENENGAH SAINS KUCHING,JALAN BATU KAWA, OFF JALAN MATANG,1.567117,110.259383,PPD PADAWAN,['MENENGAH'],could not convert string to float: 'OFF JALAN MATANG'
YEA1309,SEKOLAH MENENGAH KEBANGSAAN SEMERAH PADI,JALAN DEPO, PETRA JAYA,1.5806556,110.3191083,PPD KUCHING,['MENENGAH'],could not convert string to float: 'PETRA JAYA'
YEA2102,SEKOLAH MENENGAH KEBANGSAAN LINGGA,LOT 907, BLOK 16 SRI AMAN,1.261529,111.414881,PPD SRI AMAN,['MENENGAH'],could not convert string to float: 'BLOK 16 SRI AMAN'
YEA2202,SEKOLAH MENENGAH KEBANGSAAN KABONG,JALAN BADRON, KABONG,1.806222,111.123533,PPD SARATOK,['MENENGAH'],could not convert string to float: 'KABONG'
YEA2401,SEKOLAH MENENGAH KEBANGSAAN PUSA,KM1, JLN BESAR PUSA,1.629748,111.292448,PPD BETONG,['MENENGAH'],could not convert string to float: 'JLN BESAR PUSA'
YEA2403,SEKOLAH MENENGAH KEBANGSAAN ULU LAYAR,P.O BOX 16,PEJABAT POS BETONG,1.4819444,111.5761111,PPD BETONG,['MENENGAH'],could not convert string to float: 'PEJABAT POS BETONG'
YEA2404,SEKOLAH MENENGAH KEBANGSAAN BELADIN,D/A PEJABAT PENDIDIKAN DAERAH BETONG, JALAN YONG SHAU NEN,1.632327,111.199536,PPD BETONG,['MENENGAH'],could not convert string to float: 'JALAN YONG SHAU NEN'
YEA3101,SEKOLAH MENENGAH KEBANGSAAN BUKIT LIMA,JALAN KENARI SELATAN, JALAN SALIM,2.269916667,111.8546833,PPD SIBU,['MENENGAH'],could not convert string to float: 'JALAN SALIM'
YEA3102,SEKOLAH MENENGAH KEBANGSAAN DESHON,JALAN SENA ,JALAN PEDADA,2.307933333,111.8497833,PPD SIBU,['MENENGAH'],could not convert string to float: 'JALAN PEDADA'
YEA3103,SEKOLAH MENENGAH KEBANGSAAN SIBU JAYA,KM32, JALAN DURIN, TAMAN SIBU JAYA,2.244027777,111.96,"['PPD SIBU', 'MENENGAH']",could not convert string to float: 'TAMAN SIBU JAYA'
YEA3104,SEKOLAH MENENGAH KEBANGSAAN LANANG,P.O BOX 1369, JALAN LADA,2.25115,111.8557,PPD SIBU,['MENENGAH'],could not convert string to float: 'JALAN LADA'
YEA3107,SEKOLAH MENENGAH KEBANGSAAN BUKIT ASSEK,LOT 107-109 & 122-124, JLN TUN AHMAD ZAIDI ADRUCE,2.274766667,111.8742,PPD SIBU,['MENENGAH'],could not convert string to float: 'JLN TUN AHMAD ZAIDI ADRUCE'
YEA3401,SEKOLAH MENENGAH KEBANGSAAN ULU BALINGIAN,KM109, JLN SIBU-BINTULU, PETI SURAT 1116,2.572,112.5490833,"['PPD SELANGAU', 'MENENGAH']",could not convert string to float: 'PETI SURAT 1116'
YEA3402,SEKOLAH MENENGAH KEBANGSAAN MUKAH,JALAN BESTARI,,2.889491,112.079713,PPD MUKAH,['MENENGAH'],"Kod sekolah, latitude, atau longitude kosong."
YEA4101,SEKOLAH MENENGAH KEBANGSAAN DATO PERMAISURI,JALAN DATO PERMAISURI, PIASAU JAYA,4.425383333,114.0135833,PPD MIRI,['MENENGAH'],could not convert string to float: 'PIASAU JAYA'
YEA4103,SEKOLAH MENENGAH KEBANGSAAN LUAK,D/A PEJABAT PENDIDIKAN DAERAH MIRI, TINGKAT 2, WISMA PERSEKUTUAN, JALAN KIPAS,4.346066667,"['113.9797833', 'PPD MIRI', 'MENENGAH']",could not convert string to float: 'WISMA PERSEKUTUAN'
YEA4105,SEKOLAH MENENGAH KEBANGSAAN RIAM,JALAN SIBU, TAMAN TUNKU,4.3167,113.99635,PPD MIRI,['MENENGAH'],could not convert string to float: 'TAMAN TUNKU'
YEA4107,SEKOLAH MENENGAH KEBANGSAAN MERBAU,LOT 6410, BLOK 10, KUALA BARAM LAND DISTRICT,4.454983333,114.0487667,"['PPD MIRI', 'MENENGAH']",could not convert string to float: 'KUALA BARAM LAND DISTRICT'
YEA4108,SEKOLAH MENENGAH KEBANGSAAN TAMAN TUNKU,JALAN SIBU, TAMAN TUNKU,4.303866667,113.9910167,PPD MIRI,['MENENGAH'],could not convert string to float: 'TAMAN TUNKU'
YEA4109,SEKOLAH MENENGAH KEBANGSAAN PUJUT,LOT3119,PARADISE PARK,JLN PULASAN, DESA SENADIN,4.4862,"['114.0134167', 'PPD MIRI', 'MENENGAH']",could not convert string to float: 'JLN PULASAN'
YEA4306,SEKOLAH MENENGAH KEBANGSAAN TINJAR,LOT 4, BLOK 20, JALAN BELURU LONG TERU, TINJAR LAN,3.70634,"['114.187859', 'PPD BARAM', 'MENENGAH']",could not convert string to float: 'JALAN BELURU LONG TERU'
YEA5102,SEKOLAH MENENGAH KEBANGSAAN KUBONG,BUKIT EMPAS, BATU 2, JALAN KUBONG,4.727,114.9814167,"['PPD LIMBANG', 'MENENGAH']",could not convert string to float: 'JALAN KUBONG'
YEA6202,SEKOLAH MENENGAH KEBANGSAAN JULAU NO.2,LOT.353, BLOK 3, JIKANG LAND DISTRICT,2.049151,111.905514,"['PPD JULAU', 'MENENGAH']",could not convert string to float: 'JIKANG LAND DISTRICT'
YEA6301,SEKOLAH MENENGAH KEBANGSAAN BANDAR BINTANGOR,KM 4, JALAN KELUPU,2.165679,111.634398,PPD MARADONG,['MENENGAH'],could not convert string to float: 'JALAN KELUPU'
YEA7101,SEKOLAH MENENGAH KEBANGSAAN BALLEH,NANGA GAAT, PETI SURAT 175,1.8947861,113.4314361,PPD KAPIT,['MENENGAH'],could not convert string to float: 'PETI SURAT 175'
YEA7103,SEKOLAH MENENGAH KEBANGSAAN KAPIT NO.2,D/A PEJABAT PENDIDIKAN DAERAH KAPIT, TINGKAT 1 & 2, WISMA PERSEKUTUAN, JALAN PENGHULU NYANGGAU,2.00715,"['112.9259', 'PPD KAPIT', 'MENENGAH']",could not convert string to float: 'WISMA PERSEKUTUAN'
YEA7302,SEKOLAH MENENGAH KEBANGSAAN SONG NO. 2,JALAN SUNGAI CHAPI,PPD SONG,MENENGAH,,,,could not convert string to float: 'MENENGAH'
YEA8201,SEKOLAH MENENGAH KEBANGSAAN TAEE,KM 9,  JALAN RIIH-BAKI,1.191158,110.466542,PPD SERIAN,['MENENGAH'],could not convert string to float: 'JALAN RIIH-BAKI'
YEA8202,SEKOLAH MENENGAH KEBANGSAAN TEBEDU,LOT 343, BLOK 8, KAYAN DISTRICT TEBEDU,1.012492,110.394745,"['PPD SERIAN', 'MENENGAH']",could not convert string to float: 'KAYAN DISTRICT TEBEDU'
YEA8302,SEKOLAH MENENGAH KEBANGSAAN GEDONG,JALAN GEDONG, SIMUNJAN, VIA SERIAN,1.214783,110.688667,"['PPD SIMUNJAN', 'MENENGAH']",could not convert string to float: 'VIA SERIAN'
YEA8401,SEKOLAH MENENGAH KEBANGSAAN SADONG JAYA,LOT 315, BLOK 19, SADONG LAND DISTRICT,1.47,110.7,"['PPD SAMARAHAN', 'MENENGAH']",could not convert string to float: 'SADONG LAND DISTRICT'
YEA9101,SEKOLAH MENENGAH KEBANGSAAN BANDAR BINTULU,PETI SURAT 607, BINTULU,3.19545,113.0799167,PPD BINTULU,['MENENGAH'],could not convert string to float: 'BINTULU'
YEA9102,SEKOLAH MENENGAH KEBANGSAAN BARU BINTULU,JALAN KEMUNTING, PETI SURAT 1547,3.16615,113.0600167,PPD BINTULU,['MENENGAH'],could not convert string to float: 'PETI SURAT 1547'
YEA9104,SEKOLAH MENENGAH KEBANGSAAN ASYAKIRIN,D/A PEJABAT PENDIDIKAN DAERAH BINTULU, KM. 5, JALAN SULTAN ISKANDAR,3.26795,113.1135667,"['PPD BINTULU', 'MENENGAH']",could not convert string to float: 'JALAN SULTAN ISKANDAR'
YEA9105,SEKOLAH MENENGAH KEBANGSAAN KEMENA,LOT 830, BLOK 37, KEMENA LAND DISTRICT,3.1415833,113.05205,"['PPD BINTULU', 'MENENGAH']",could not convert string to float: 'KEMENA LAND DISTRICT'
YEA9201,SEKOLAH MENENGAH KEBANGSAAN TATAU,D/A PEJABAT PENDIDIKAN DAERAH TATAU, JALAN KAMPUNG DAGANG,2.88565,112.8569333,PPD TATAU/SEBAUH,['MENENGAH'],could not convert string to float: 'JALAN KAMPUNG DAGANG'
YEAA201,KOLEJ TINGKATAN ENAM SARATOK,LOT 2443 BLOK 7, AWIK-KRIAN LAND DISTRICT, SUNGAI DANAN,1.768475,111.335843,"['PPD SARATOK', 'MENENGAH']",could not convert string to float: 'SUNGAI DANAN'
YEB1201,SEKOLAH MENENGAH KEBANGSAAN GREEN ROAD,LEBUH SOCKALINGAM, JALAN GREEN,1.544316667,110.3345667,PPD KUCHING,['MENENGAH'],could not convert string to float: 'JALAN GREEN'
YEB1202,SEKOLAH MENENGAH KEBANGSAAN BANDAR KUCHING NO.1,JLN CHONG KIUN KONG, KENYALANG PARK,1.54075,110.35965,PPD KUCHING,['MENENGAH'],could not convert string to float: 'KENYALANG PARK'
YEB1303,KOLEJ D PATINGGI ABANG HJ ABDILLAH,LORONG SIOL KANDIS 1, PETRA JAYA,1.57855,110.35405,PPD KUCHING,['MENENGAH'],could not convert string to float: 'PETRA JAYA'
YEB3201,SEKOLAH MENENGAH KEBANGSAAN LUAR BANDAR NO 1,P.O.BOX 355, JALAN OYA,2.30428,112.063751,PPD SIBU,['MENENGAH'],could not convert string to float: 'JALAN OYA'
YEB3301,SEKOLAH MENENGAH KEBANGSAAN DATUK HAJI ABDUL RAHMAN YAKUB,KM72, JLN. NIBONG TADA,2.099975,112.1663222,PPD KANOWIT,['MENENGAH'],could not convert string to float: 'JLN. NIBONG TADA'
YEB4101,KOLEJ TUN DATU TUANKU HJ BUJANG,JALAN BUNGA TANJUNG 2, TANJUNG LOBANG,4.359266667,113.9644167,PPD MIRI,['MENENGAH'],could not convert string to float: 'TANJUNG LOBANG'
YEB4301,SEKOLAH MENENGAH KEBANGSAAN MARUDI,Jalan Limbang, Marudi,4.182089,114.334674,PPD BARAM,['MENENGAH'],could not convert string to float: 'Marudi'
YEB4303,SEKOLAH MENENGAH KEBANGSAAN BARIO,DATARAN TINGGI KELABIT,BARIO,3.73,115.48,PPD BARAM,['MENENGAH'],could not convert string to float: 'BARIO'
YEB6201,SEKOLAH MENENGAH KEBANGSAAN JULAU,LOT 353, BLOK D, JIKANG LAND DISTRICT,2.030083333,111.9071,"['PPD JULAU', 'MENENGAH']",could not convert string to float: 'JIKANG LAND DISTRICT'
YEB8202,SEKOLAH MENENGAH KEBANGSAAN TEBAKANG,JALAN MONGKOS,TEBAKANG,1.09915,110.505611,PPD SERIAN,['MENENGAH'],could not convert string to float: 'TEBAKANG'
YEB8204,SEKOLAH MENENGAH KEBANGSAAN BALAI RINGIN,KM 93, JALAN KUCHING / SRI AMAN,1.049801,110.75032,PPD SERIAN,['MENENGAH'],could not convert string to float: 'JALAN KUCHING / SRI AMAN'
YEB9102,SEKOLAH MENENGAH KEBANGSAAN SEBAUH,KM1, JALAN SEBAUH - BINTULU,3.111366667,113.2721333,PPD TATAU/SEBAUH,['MENENGAH'],could not convert string to float: 'JALAN SEBAUH - BINTULU'
YEE1301,SEKOLAH MENENGAH KEBANGSAAN TUN ABANG HJ OPENG,JALAN DEMAK, PETRA JAYA ,1.5719,110.3626,PPD KUCHING,['MENENGAH'],could not convert string to float: 'PETRA JAYA'
YEE1302,SEKOLAH MENENGAH KEBANGSAAN SIBURAN,KM 29, JLN KUCHING/SERIAN,1.366928,110.398114,PPD PADAWAN,['MENENGAH'],could not convert string to float: 'JLN KUCHING/SERIAN'
YEE1303,SEKOLAH MENENGAH KEBANGSAAN PENRISSEN,KM.20, JLN. KUCHING/SERIAN,1.395855,110.338558,PPD PADAWAN,['MENENGAH'],could not convert string to float: 'JLN. KUCHING/SERIAN'
YEE1401,SEKOLAH MENENGAH KEBANGSAAN LUNDU,KM2, JALAN LUNDU/PANDAN,1.688933,109.850983,PPD LUNDU,['MENENGAH'],could not convert string to float: 'JALAN LUNDU/PANDAN'
YEE2301,SEKOLAH MENENGAH KEBANGSAAN ENGKILILI,KM 3, ENGKILILI,1.135294,111.640663,PPD LUBOK ANTU,['MENENGAH'],could not convert string to float: 'ENGKILILI'
YEE3201,SEKOLAH MENENGAH KEBANGSAAN DURIN,PETI SURAT 190, JALAN DURIN,2.120907,111.978321,PPD SIBU,['MENENGAH'],could not convert string to float: 'JALAN DURIN'
YEE3401,SEKOLAH MENENGAH KEBANGSAAN THREE RIVERS,D/A PEJABAT PENDIDIKAN DAERAH MUKAH, JALAN HAJI MOHAMAD FAUZI,2.901988,112.079245,PPD MUKAH,['MENENGAH'],could not convert string to float: 'JALAN HAJI MOHAMAD FAUZI'
YEE3501,SEKOLAH MENENGAH KEBANGSAAN DALAT,LOT 150, OYA DALAT, LAND DISTRICT,2.744,111.9406,"['PPD DALAT', 'MENENGAH']",could not convert string to float: 'LAND DISTRICT'
YEE4101,SEKOLAH MENENGAH KEBANGSAAN LUTONG,JALAN PANTAI, LUTONG,4.461183333,114.0028333,PPD MIRI,['MENENGAH'],could not convert string to float: 'LUTONG'
YEE5201,SEKOLAH MENENGAH KEBANGSAAN LAWAS,KM.1.5, JALAN TRUSAN,4.85675,115.3951833,PPD LAWAS,['MENENGAH'],could not convert string to float: 'JALAN TRUSAN'
YEE8101,SEKOLAH MENENGAH KEBANGSAAN MUARA TUANG,KM 9, JALAN DATO MOHD MUSA,1.448285,110.399549,PPD SAMARAHAN,['MENENGAH'],could not convert string to float: 'JALAN DATO MOHD MUSA'
YEE9103,SEKOLAH MENENGAH KEBANGSAAN BINTULU,KM 5 JALAN SULTAN ISKANDAR, P.O.BOX 97,3.1936,113.05715,PPD BINTULU,['MENENGAH'],could not convert string to float: 'P.O.BOX 97'
YFA8101,SEKOLAH MENENGAH KEBANGSAAN PESANTREN ABDUL TAIB MAHMUD,JALAN SMK PESANTREN ABDUL TAIB MAHMUD, SADONG JAYA,1.508159,110.709134,PPD SAMARAHAN,['MENENGAH'],could not convert string to float: 'SADONG JAYA'
YFB3102,SEKOLAH MENENGAH KEBANGSAAN SACRED HEART,KM 3, JALAN OYA, PETI SURAT 99,2.296433333,111.8417,"['PPD SIBU', 'MENENGAH']",could not convert string to float: 'PETI SURAT 99'
YFB3104,SEKOLAH MENENGAH KEBANGSAAN TIONG HIN,JALAN IGAN, SG. MERAH,2.3289,111.8386667,PPD SIBU,['MENENGAH'],could not convert string to float: 'SG. MERAH'
YFB3105,SEKOLAH MENENGAH KEBANGSAAN TUNG HUA,JALAN TUN ABANG HAJI OPENG, PETI SURAT 64,2.30965,111.8302667,PPD SIBU,['MENENGAH'],could not convert string to float: 'PETI SURAT 64'
YFB3401,SEKOLAH MENENGAH KEBANGSAAN ST. PATRICK,D/A PEJABAT PENDIDIKAN DAERAH MUKAH, JALAN HAJI MOHAMAD FAUZI,2.901248,112.089465,PPD MUKAH,['MENENGAH'],could not convert string to float: 'JALAN HAJI MOHAMAD FAUZI'
YFB4101,SEKOLAH MENENGAH KEBANGSAAN CHUNG HUA,PETI SURAT 116, JLN BRIGHTON,4.3782,113.9777167,PPD MIRI,['MENENGAH'],could not convert string to float: 'JLN BRIGHTON'
YFB4102,SEKOLAH MENENGAH KEBANGSAAN ST. COLUMBA,PETI SURAT 79, JALAN DATO ABANG INDEH ,4.3846,113.9841333,PPD MIRI,['MENENGAH'],could not convert string to float: 'JALAN DATO ABANG INDEH'
YFB6302,SEKOLAH MENENGAH KEBANGSAAN TONG HUA,D/A PEJABAT PENDIDIKAN DAERAH MERADONG, JALAN BERJAYA,2.154229,111.738124,PPD MARADONG,['MENENGAH'],could not convert string to float: 'JALAN BERJAYA'
YHA1201,KOLEJ VOKASIONAL KUCHING,JALAN KOLEJ, BATU LINTANG,1.5334343,110.346331,PPD KUCHING,['MENENGAH'],could not convert string to float: 'BATU LINTANG'
YHA1302,KOLEJ VOKASIONAL MATANG,KM14, JALAN MATANG,1.584444,110.235556,PPD PADAWAN,['MENENGAH'],could not convert string to float: 'JALAN MATANG'
YHA2401,KOLEJ VOKASIONAL BETONG,KM 8, JALAN BETONG-SRI AMAN,1.3720226,111.5753809,PPD BETONG,['MENENGAH'],could not convert string to float: 'JALAN BETONG-SRI AMAN'
YHA4101,KOLEJ VOKASIONAL MIRI ,LORONG 10, JLN JEE FOH, KROKOP,4.4219667,114.00815,"['PPD MIRI', 'MENENGAH']",could not convert string to float: 'KROKOP'
YKA1202,SMT SEJINGKAT,LOT 216, FASA II, TAMAN PERINDUSTRIAN SEJINGKAT, LORONG DEMAK INDAH 5A1,1.59845,"['110.4282667', 'PPD KUCHING', 'MENENGAH']",could not convert string to float: 'TAMAN PERINDUSTRIAN SEJINGKAT'
YKE9101,KOLEJ VOKASIONAL BINTULU,KM. 12, JALAN TANJUNG KIDURONG,3.2433,113.0949333,PPD BINTULU,['MENENGAH'],could not convert string to float: 'JALAN TANJUNG KIDURONG'
YRA1301,SEKOLAH MENENGAH KEBANGSAAN AGAMA SHEIKH HJ OTHMAN ABD WAHAB,LOT 3606, BLOK 17, SALAK LAND DISTRICT, JALAN MATANG BARU,1.58115,"['110.2343667', 'PPD PADAWAN', 'MENENGAH']",could not convert string to float: 'SALAK LAND DISTRICT'
YRA2201,SEKOLAH MENENGAH KEBANGSAAN AGAMA SARATOK,PETI SURAT 183, JALAN ROBAN LAMA,1.763628,111.337767,PPD SARATOK,['MENENGAH'],could not convert string to float: 'JALAN ROBAN LAMA'
YRA4101,SEKOLAH MENENGAH KEBANGSAAN AGAMA,PETI SURAT 1387, MIRI,4.298633333,113.9558667,PPD MIRI,['MENENGAH'],could not convert string to float: 'MIRI'
YRA5101,SEKOLAH MENENGAH KEBANGSAAN AGAMA LIMBANG,KM 11.7, JALAN PANDARUAN, PETI SURAT 493,4.684616667,115.0128333,"['PPD LIMBANG', 'MENENGAH']",could not convert string to float: 'PETI SURAT 493'
